gid,role,role_score,cluster_id,priority_score,evidence,in_deg,out_deg,in_kzt,out_kzt,pagerank,pass_through,depth,is_seed,truncated_by_depth
100000000343175100,,0.0,-1,0.0,,8,31,178712.0,4000039.0,0.000713258197938405,22.382598818210305,0,True,False
100000000456947100,,0.0,-1,0.0,,0,0,0.0,0.0,0.0002855692942172909,,0,True,False
100000000580561100,,0.0,-1,0.0,,2,3,27980.0,1488077.0,0.0008349888856684653,53.183595425303785,0,True,False
100000001415126100,,0.0,-1,0.0,,1,0,27000.0,0.0,0.00040961890543080487,0.0,0,True,False
100000001429930100,,0.0,-1,0.0,,1,0,26000.0,0.0,0.00035079789147407785,0.0,0,True,False
100000001616816100,,0.0,-1,0.0,,5,3,176195.0,181326.0,0.002434657190684458,1.0291211441868384,0,True,False
100000001732159100,,0.0,-1,0.0,,2,4,2378100.0,1505966.0,0.0010950567872996843,0.633264370716118,0,True,False
100000002527114100,,0.0,-1,0.0,,3,111,129000.0,3289249.0,0.0008111056953132627,25.49805426356589,0,True,False
100000002916006100,,0.0,-1,0.0,,0,1,0.0,32000.0,0.0002855692942172909,,0,True,False
100000003016635100,,0.0,-1,0.0,,8,73,586981.0,9414081.0,0.0011896363343877673,16.038135817002594,0,True,False
100000003200071100,,0.0,-1,0.0,,0,1,0.0,30000.0,0.0002855692942172909,,0,True,False
100000003265658100,,0.0,-1,0.0,,0,0,0.0,0.0,0.0002855692942172909,,0,True,False
100000003349739100,,0.0,-1,0.0,,0,0,0.0,0.0,0.0002855692942172909,,0,True,False
100000003684369100,,0.0,-1,0.0,,24,62,3848436.0,8588655.0,0.0020202912084868667,2.2317260830113845,0,True,False
100000003770083100,,0.0,-1,0.0,,0,0,0.0,0.0,0.0002855692942172909,,0,True,False
100000003975102100,,0.0,-1,0.0,,1,2,25650.0,88500.0,0.0003454652180169808,3.4502923976608186,0,True,False
100000003977183100,,0.0,-1,0.0,,2,4,123800.0,766000.0,0.000331460381699444,6.187399030694669,0,True,False
100000004007116100,,0.0,-1,0.0,,3,4,764704.0,148000.0,0.0006277769573248428,0.19353893794200108,0,True,False
100000004019124100,,0.0,-1,0.0,,3,0,193000.0,0.0,0.0012028680902033705,0.0,0,True,False
100000004021459100,,0.0,-1,0.0,,0,0,0.0,0.0,0.0002855692942172909,,0,True,False
100000004041163100,,0.0,-1,0.0,,1,2,50000.0,866000.0,0.0020847480556725213,17.32,0,True,False
100000004174835100,,0.0,-1,0.0,,0,0,0.0,0.0,0.0002855692942172909,,0,True,False
100000004193835100,,0.0,-1,0.0,,1,1,47000.0,5000.0,0.00046993013969558515,0.10638297872340426,0,True,False
100000004269433100,,0.0,-1,0.0,,0,1,0.0,1372000.0,0.0002855692942172909,,0,True,False
100000004358004100,,0.0,-1,0.0,,0,11,0.0,980850.0,0.0002855692942172909,,0,True,False
100000004388983100,,0.0,-1,0.0,,0,2,0.0,450816.0,0.0002855692942172909,,0,True,False
100000004714705100,,0.0,-1,0.0,,0,1,0.0,36550.0,0.0002855692942172909,,0,True,False
100000004723755100,,0.0,-1,0.0,,0,1,0.0,95000.0,0.0002855692942172909,,0,True,False
100000004813068100,,0.0,-1,0.0,,0,3,0.0,297000.0,0.0002855692942172909,,0,True,False
100000004971871100,,0.0,-1,0.0,,1,1,25400.0,5650.0,0.0007430293125206683,0.22244094488188976,0,True,False
100000005017150100,,0.0,-1,0.0,,0,0,0.0,0.0,0.0002855692942172909,,0,True,False
100000005087431100,,0.0,-1,0.0,,0,0,0.0,0.0,0.0002855692942172909,,0,True,False
100000005235389100,,0.0,-1,0.0,,0,0,0.0,0.0,0.0002855692942172909,,0,True,False
100000005264990100,,0.0,-1,0.0,,1,2,17070.0,122000.0,0.0003639962150845014,7.147041593438781,0,True,False
100000005370580100,,0.0,-1,0.0,,1,0,24075.0,0.0,0.0003459684664848734,0.0,0,True,False
100000005382566100,,0.0,-1,0.0,,7,1,393066.0,50000.0,0.002113262052157115,0.12720510041570626,0,True,False
100000005386383100,,0.0,-1,0.0,,2,1,37500.0,29000.0,0.0005243332756978218,0.7733333333333333,0,True,False
100000005392290100,,0.0,-1,0.0,,0,1,0.0,81465.0,0.0002855692942172909,,0,True,False
100000005395727100,,0.0,-1,0.0,,1,0,17000.0,0.0,0.0003712067299561801,0.0,0,True,False
100000005409680100,,0.0,-1,0.0,,2,0,55060.0,0.0,0.000633528818793162,0.0,0,True,False
100000005417257100,,0.0,-1,0.0,,0,2,0.0,106000.0,0.0002855692942172909,,0,True,False
100000005454368100,,0.0,-1,0.0,,2,0,48600.0,0.0,0.00039419296320819405,0.0,0,True,False
100000005480435100,,0.0,-1,0.0,,0,0,0.0,0.0,0.0002855692942172909,,0,True,False
100000005485830100,,0.0,-1,0.0,,0,5,0.0,275885.0,0.0002855692942172909,,0,True,False
100000005493505100,,0.0,-1,0.0,,3,0,62020.0,0.0,0.0006174200765778783,0.0,0,True,False
100000005495722100,,0.0,-1,0.0,,0,0,0.0,0.0,0.0002855692942172909,,0,True,False
100000005498992100,,0.0,-1,0.0,,0,16,0.0,2262868.0,0.0002855692942172909,,0,True,False
100000005519347100,,0.0,-1,0.0,,2,1,73100.0,99000.0,0.0005567200012967696,1.3543091655266757,0,True,False
100000005523088100,,0.0,-1,0.0,,1,0,700000.0,0.0,0.0017206377268585411,0.0,0,True,False
100000005543136100,,0.0,-1,0.0,,0,1,0.0,10000.0,0.0002855692942172909,,0,True,False
100000005550592100,,0.0,-1,0.0,,0,0,0.0,0.0,0.0002855692942172909,,0,True,False
100000005560900100,,0.0,-1,0.0,,0,0,0.0,0.0,0.0002855692942172909,,0,True,False
100000005568407100,,0.0,-1,0.0,,0,0,0.0,0.0,0.0002855692942172909,,0,True,False
100000005668605100,,0.0,-1,0.0,,3,0,94500.0,0.0,0.0008383018688148931,0.0,0,True,False
100000005744674100,,0.0,-1,0.0,,0,1,0.0,50066.0,0.0002855692942172909,,0,True,False
100000006232815100,,0.0,-1,0.0,,1,5,160000.0,296500.0,0.0005566536352336269,1.853125,0,True,False
100000006249740100,,0.0,-1,0.0,,0,3,0.0,93007.0,0.0002855692942172909,,0,True,False
100000006831291100,,0.0,-1,0.0,,0,1,0.0,15000.0,0.0002855692942172909,,0,True,False
100000006866783100,,0.0,-1,0.0,,13,67,838812.0,3948037.0,0.0008703719471294018,4.706700667133994,0,True,False
100000007018630100,,0.0,-1,0.0,,0,1,0.0,200000.0,0.0002855692942172909,,0,True,False
100000007747786100,,0.0,-1,0.0,,0,31,0.0,4238009.4,0.0002855692942172909,,0,True,False
100000007982728100,,0.0,-1,0.0,,0,8,0.0,1804384.0,0.0002855692942172909,,0,True,False
100000008117324100,,0.0,-1,0.0,,0,0,0.0,0.0,0.0002855692942172909,,0,True,False
100000008205000100,,0.0,-1,0.0,,0,0,0.0,0.0,0.0002855692942172909,,0,True,False
100000008314203100,,0.0,-1,0.0,,2,2,382076.0,327000.0,0.0005029908624026965,0.8558506684533967,0,True,False
100000008418835100,,0.0,-1,0.0,,1,4,1372000.0,186179.0,0.0005285862410602082,0.13569897959183674,0,True,False
100000008513251100,,0.0,-1,0.0,,0,0,0.0,0.0,0.0002855692942172909,,0,True,False
100000008516839100,,0.0,-1,0.0,,3,0,155000.0,0.0,0.0010695838614429962,0.0,0,True,False
100000008522127100,,0.0,-1,0.0,,0,1,0.0,145000.0,0.0002855692942172909,,0,True,False
100000008571433100,,0.0,-1,0.0,,2,2,350000.0,1434000.0,0.0016264807087207904,4.097142857142857,0,True,False
100000008575624100,,0.0,-1,0.0,,0,3,0.0,89500.0,0.0002855692942172909,,0,True,False
100000008601794100,,0.0,-1,0.0,,2,1,494400.0,871400.0,0.002367779758018107,1.7625404530744337,0,True,False
100000008637537100,,0.0,-1,0.0,,3,3,619890.0,2351495.0,0.0008287331534345293,3.793406894771653,0,True,False
100000008650785100,,0.0,-1,0.0,,2,2,92000.0,120120.0,0.0006125210138081811,1.3056521739130436,0,True,False
100000008654653100,,0.0,-1,0.0,,0,1,0.0,54000.0,0.0002855692942172909,,0,True,False
100000008659445100,,0.0,-1,0.0,,3,4,138490.0,875150.0,0.002423803891182125,6.319228825185934,0,True,False
100000008669037100,,0.0,-1,0.0,,0,0,0.0,0.0,0.0002855692942172909,,0,True,False
100000008673001100,,0.0,-1,0.0,,1,0,80000.0,0.0,0.0004689783107025115,0.0,0,True,False
100000008680731100,,0.0,-1,0.0,,0,27,0.0,1464354.0,0.0002855692942172909,,0,True,False
100000008701222100,,0.0,-1,0.0,,0,0,0.0,0.0,0.0002855692942172909,,0,True,False
100000008738325100,,0.0,-1,0.0,,1,1,36550.0,54000.0,0.0005285862410602082,1.4774281805745555,0,True,False
100000003134937100,,0.0,-1,0.0,,1,0,10286.0,0.0,0.000286675224915866,0.0,1,False,False
100000005074393100,,0.0,-1,0.0,,4,6,563026.0,685500.0,0.0010600834163353942,1.2175281425724567,1,False,False
100000001924185100,,0.0,-1,0.0,,2,0,151000.0,0.0,0.0003102198760278653,0.0,1,False,False
100000004070318100,,0.0,-1,0.0,,4,19,207246.55,551860.0,0.00031412234761755547,2.662818753798314,1,False,False
100000005807278100,,0.0,-1,0.0,,1,0,8385.0,0.0,0.0002929553322377627,0.0,1,False,False
100000003377795100,,0.0,-1,0.0,,1,0,7000.0,0.0,0.00028597068988854644,0.0,1,False,False
100000004330371100,,0.0,-1,0.0,,2,2,264171.0,90681.0,0.00125427193015661,0.3432662934235779,1,False,False
100000008165763100,,0.0,-1,0.0,,15,17,1165815.0,1267858.0,0.0009102399259160802,1.087529324978663,1,False,False
100000001684867100,,0.0,-1,0.0,,1,0,30550.0,0.0,0.00028885397075253017,0.0,1,False,False
100000003900547100,,0.0,-1,0.0,,1,0,23700.0,0.0,0.00028811747208587257,0.0,1,False,False
100000006656003100,,0.0,-1,0.0,,1,1,20000.0,9000.0,0.0002897670599476741,0.45,1,False,False
100000008237827100,,0.0,-1,0.0,,1,0,40001.0,0.0,0.00029357895180421055,0.0,1,False,False
100000003014659100,,0.0,-1,0.0,,1,0,280000.0,0.0,0.0003280369433880595,0.0,1,False,False
100000007939160100,,0.0,-1,0.0,,1,2,795000.0,14300.0,0.0006653456234025181,0.017987421383647798,1,False,False
100000007274584100,,0.0,-1,0.0,,1,0,38000.0,0.0,0.0002931782787002525,0.0,1,False,False
100000001524952100,,0.0,-1,0.0,,1,0,103807.0,0.0,0.00030504892931036134,0.0,1,False,False
100000003131693100,,0.0,-1,0.0,,1,0,353277.0,0.0,0.0003563082208274809,0.0,1,False,False
100000008383405100,,0.0,-1,0.0,,1,0,25000.0,0.0,0.0003060252661737654,0.0,1,False,False
100000008736173100,,0.0,-1,0.0,,1,0,31060.0,0.0,0.000292088424396576,0.0,1,False,False
100000002861485100,,0.0,-1,0.0,,1,0,29323.0,0.0,0.00028872204610085294,0.0,1,False,False
100000008745474100,,0.0,-1,0.0,,1,0,40559.0,0.0,0.0002940821532302215,0.0,1,False,False
100000008691330100,,0.0,-1,0.0,,1,0,21440.0,0.0,0.0002900692990802617,0.0,1,False,False
100000007639767100,,0.0,-1,0.0,,4,10,90913.0,822244.0,0.000301440039227222,9.044295095310902,1,False,False
100000002921047100,,0.0,-1,0.0,,2,1,338000.0,163000.02,0.00031704809387447845,0.48224857988165676,1,False,False
100000004783447100,,0.0,-1,0.0,,1,0,26200.0,0.0,0.0002910683673240929,0.0,1,False,False
100000008696919100,,0.0,-1,0.0,,1,0,31945.0,0.0,0.00029227417553014546,0.0,1,False,False
100000008736940100,,0.0,-1,0.0,,3,3,451090.0,182100.0,0.0024141567490764673,0.40368884258130305,1,False,False
100000005940652100,,0.0,-1,0.0,,1,0,8395.0,0.0,0.00028808836221548404,0.0,1,False,False
100000004180097100,,0.0,-1,0.0,,3,3,104854.0,47800.0,0.0008565318930578581,0.4558719743643542,1,False,False
100000005539201100,,0.0,-1,0.0,,1,1,45504.0,25000.0,0.0002904617957249677,0.5494022503516175,1,False,False
100000005620225100,,0.0,-1,0.0,,2,0,49845.66,0.0,0.000296236243145001,0.0,1,False,False
100000004388353100,,0.0,-1,0.0,,2,0,62960.0,0.0,0.00034075907407916386,0.0,1,False,False
100000007442518100,,0.0,-1,0.0,,5,9,510000.0,4419999.0,0.0006487732246506228,8.666664705882352,1,False,False
100000000267734100,,0.0,-1,0.0,,2,7,180000.0,282000.0,0.0005373190777888428,1.5666666666666667,1,False,False
100000001987030100,,0.0,-1,0.0,,2,1,30864.0,19000.0,0.0002938727535543705,0.6156039398652151,1,False,False
100000002603478100,,0.0,-1,0.0,,1,0,23500.0,0.0,0.0002894692379814412,0.0,1,False,False
100000001380054100,,0.0,-1,0.0,,2,3,127050.0,360000.0,0.0007164305424822364,2.833530106257379,1,False,False
100000002992171100,,0.0,-1,0.0,,1,0,14627.0,0.0,0.0002886393301842066,0.0,1,False,False
100000002781227100,,0.0,-1,0.0,,2,3,191167.62,212420.0,0.0023265921896669563,1.1111714421092862,1,False,False
100000008745643100,,0.0,-1,0.0,,1,0,20313.0,0.0,0.0002898327549813546,0.0,1,False,False
100000002836736100,,0.0,-1,0.0,,2,0,509000.0,0.0,0.00045179005468890573,0.0,1,False,False
100000004188160100,,0.0,-1,0.0,,2,5,87862.0,133846.0,0.0002968274021349181,1.5233661878855478,1,False,False
100000004841728100,,0.0,-1,0.0,,1,0,52208.0,0.0,0.00029652714187988316,0.0,1,False,False
100000001554432100,,0.0,-1,0.0,,1,0,53920.0,0.0,0.00029636604272574585,0.0,1,False,False
100000008768896100,,0.0,-1,0.0,,1,0,47060.0,0.0,0.0002954466369808825,0.0,1,False,False
100000008232832100,,0.0,-1,0.0,,1,1,337000.0,138000.0,0.0004942271899045276,0.4094955489614243,1,False,False
100000002864256100,,0.0,-1,0.0,,1,0,135780.0,0.0,0.0003127573971935152,0.0,1,False,False
100000001929088100,,0.0,-1,0.0,,2,0,396010.0,0.0,0.0003175873990634125,0.0,1,False,False
100000002794197100,,0.0,-1,0.0,,1,0,30100.0,0.0,0.0002872952956036898,0.0,1,False,False
100000005669845100,,0.0,-1,0.0,,1,0,20000.0,0.0,0.0003175358448925586,0.0,1,False,False
100000002211413100,,0.0,-1,0.0,,1,0,37000.0,0.0,0.00029333516081849983,0.0,1,False,False
100000002784085100,,0.0,-1,0.0,,1,0,200000.0,0.0,0.0003070479617173764,0.0,1,False,False
100000008782421100,,0.0,-1,0.0,,1,0,49680.0,0.0,0.00029599654429156275,0.0,1,False,False
100000003739818100,,0.0,-1,0.0,,1,0,57293.0,0.0,0.00029704144021682556,0.0,1,False,False
100000002214570100,,0.0,-1,0.0,,1,0,26471.0,0.0,0.0002911252470497396,0.0,1,False,False
100000006443391100,,0.0,-1,0.0,,3,2,86775.93,60041.71000000001,0.0024195077535015437,0.6919166409394865,1,False,False
100000005473151100,,0.0,-1,0.0,,3,4,1220000.0,225000.0,0.0004682674337196517,0.18442622950819673,1,False,False
100000005124479100,,0.0,-1,0.0,,2,2,137753.0,22000.0,0.0003032300539809193,0.15970614070110994,1,False,False
100000005527892100,,0.0,-1,0.0,,3,8,220001.0,552419.0,0.00031243167214621076,2.510984040981632,1,False,False
100000008028628100,,0.0,-1,0.0,,1,0,57224.0,0.0,0.0002975799415250633,0.0,1,False,False
100000001953577100,,0.0,-1,0.0,,1,0,15600.0,0.0,0.00028884355148698975,0.0,1,False,False
100000008193577100,,0.0,-1,0.0,,2,5,154300.0,480180.0,0.0012389478209868792,3.1119896305897603,1,False,False
100000008753193100,,0.0,-1,0.0,,1,0,35225.0,0.0,0.0002929626091099283,0.0,1,False,False
100000008746025100,,0.0,-1,0.0,,1,0,22000.0,0.0,0.0002901868365207124,0.0,1,False,False
100000002934441100,,0.0,-1,0.0,,2,0,60845.6,0.0,0.00030248130107500554,0.0,1,False,False
100000003701161100,,0.0,-1,0.0,,4,3,1527103.0,349000.0,0.0016488161626324826,0.22853730232996727,1,False,False
100000006707582100,,0.0,-1,0.0,,2,14,39520.0,961138.0,0.000538055648514295,24.320293522267207,1,False,False
100000003239379100,,0.0,-1,0.0,,1,0,92500.0,0.0,0.00030092013669320166,0.0,1,False,False
100000000979923100,,0.0,-1,0.0,,1,0,97900.0,0.0,0.0003004178044094989,0.0,1,False,False
100000001111763100,,0.0,-1,0.0,,1,0,17144.0,0.0,0.0002891676190013754,0.0,1,False,False
100000003865939100,,0.0,-1,0.0,,1,0,81465.0,0.0,0.0005285862410602082,0.0,1,False,False
100000002858835100,,0.0,-1,0.0,,1,0,24400.0,0.0,0.0002906905684083584,0.0,1,False,False
100000003404627100,,0.0,-1,0.0,,4,0,877700.0,0.0,0.0013785777125656824,0.0,1,False,False
100000008691027100,,0.0,-1,0.0,,1,0,17534.0,0.0,0.00028924947543311784,0.0,1,False,False
100000004071080100,,0.0,-1,0.0,,9,2,238600.0,46500.0,0.0013690045738923458,0.19488683989941324,1,False,False
100000002864680100,,0.0,-1,0.0,,1,0,55932.0,0.0,0.00029485149228607616,0.0,1,False,False
100000001330685100,,0.0,-1,0.0,,3,1,2435923.0,100500.0,0.0004382160258847987,0.04125746175063826,1,False,False
100000008745725100,,0.0,-1,0.0,,1,0,47060.0,0.0,0.0002954466369808825,0.0,1,False,False
100000002621949100,,0.0,-1,0.0,,1,0,164612.0,0.0,0.0003185306140517454,0.0,1,False,False
100000007908818100,,0.0,-1,0.0,,4,6,727475.0,302000.0,0.0004753811920473764,0.4151345407058662,1,False,False
100000008691495100,,0.0,-1,0.0,,1,0,27000.0,0.0,0.0002912362779533082,0.0,1,False,False
100000003832231100,,0.0,-1,0.0,,1,0,35000.0,0.0,0.00029257756939896605,0.0,1,False,False
100000002371751100,,0.0,-1,0.0,,1,1,200000.0,250000.0,0.0005285862410602082,1.25,1,False,False
100000002894076100,,0.0,-1,0.0,,4,0,1122782.0,0.0,0.00038267994337591544,0.0,1,False,False
100000001362940100,,0.0,-1,0.0,,1,0,81000.0,0.0,0.00030178844535202483,0.0,1,False,False
100000008741372100,,0.0,-1,0.0,,1,0,35975.0,0.0,0.00029312002532481767,0.0,1,False,False
100000002618492100,,0.0,-1,0.0,,2,0,296500.0,0.0,0.00036902681066638884,0.0,1,False,False
100000002750332100,,0.0,-1,0.0,,1,0,11360.0,0.0,0.00028678928253129574,0.0,1,False,False
100000004948177100,,0.0,-1,0.0,,3,0,437163.0,0.0,0.00042215807154897264,0.0,1,False,False
100000002511825100,,0.0,-1,0.0,,1,0,65000.0,0.0,0.00029776670172400603,0.0,1,False,False
100000008566737100,,0.0,-1,0.0,,2,0,230000.0,0.0,0.0003494638119095339,0.0,1,False,False
100000008661585100,,0.0,-1,0.0,,1,0,43141.0,0.0,0.00029462408478601393,0.0,1,False,False
100000004759121100,,0.0,-1,0.0,,6,2,710000.0,312000.0,0.0014151796822407352,0.4394366197183099,1,False,False
100000004360785100,,0.0,-1,0.0,,1,0,94705.0,0.0,0.00029575179147653256,0.0,1,False,False
100000005092518100,,0.0,-1,0.0,,1,0,26144.0,0.0,0.0002910566135800478,0.0,1,False,False
100000008737958100,,0.0,-1,0.0,,2,0,53373.0,0.0,0.00029962614026345346,0.0,1,False,False
100000003044518100,,0.0,-1,0.0,,1,0,34423.0,0.0,0.00028754318610180955,0.0,1,False,False
100000004159526100,,0.0,-1,0.0,,4,4,275037.0,68000.0,0.0008532026216190936,0.24723946232688693,1,False,False
100000007544358100,,0.0,-1,0.0,,2,1,322500.0,350000.0,0.0003405716742742659,1.0852713178294573,1,False,False
100000005901606100,,0.0,-1,0.0,,1,0,35660.0,0.0,0.0002930539105145642,0.0,1,False,False
100000006658598100,,0.0,-1,0.0,,1,0,9000.0,0.0,0.00028653695669903076,0.0,1,False,False
100000002793851100,,0.0,-1,0.0,,1,0,11052.0,0.0,0.0002867575837448675,0.0,1,False,False
100000005612411100,,0.0,-1,0.0,,3,8,115500.0,506997.0,0.00032720608268876,4.389584415584416,1,False,False
100000007511163100,,0.0,-1,0.0,,2,3,63666.0,82052.0,0.0003395973251602175,1.2887883642760658,1,False,False
100000002648315100,,0.0,-1,0.0,,1,2,132000.0,76000.0,0.0002931384697323959,0.5757575757575758,1,False,False
100000004739664100,,0.0,-1,0.0,,1,1,12000.0,10000.0,0.00028808795365552084,0.8333333333333334,1,False,False
100000003713616100,,0.0,-1,0.0,,1,0,15893.0,0.0,0.00028727807864198997,0.0,1,False,False
100000003476560100,,0.0,-1,0.0,,1,0,50000.0,0.0,0.00029558111590539824,0.0,1,False,False
100000008782800100,,0.0,-1,0.0,,1,0,43381.0,0.0,0.0002946744579747786,0.0,1,False,False
100000004218576100,,0.0,-1,0.0,,1,0,26144.0,0.0,0.0002910566135800478,0.0,1,False,False
100000003299365100,,0.0,-1,0.0,,1,1,200000.0,200000.0,0.0003256165809697203,1.0,1,False,False
100000008730021100,,0.0,-1,0.0,,1,0,75555.0,0.0,0.00046813825917664206,0.0,1,False,False
100000002757797100,,0.0,-1,0.0,,1,0,100000.0,0.0,0.00030216479959665387,0.0,1,False,False
100000002845605100,,0.0,-1,0.0,,1,0,57567.0,0.0,0.00029637188126250733,0.0,1,False,False
100000000817146100,,0.0,-1,0.0,,1,0,70020.0,0.0,0.000589468478641026,0.0,1,False,False
100000002957306100,,0.0,-1,0.0,,2,0,398490.0,0.0,0.0003551868796242705,0.0,1,False,False
100000008188026100,,0.0,-1,0.0,,2,4,86468.0,337983.17,0.0002993035967853829,3.9087659018365173,1,False,False
100000004790991100,,0.0,-1,0.0,,1,0,239413.0,0.0,0.0003113105139662674,0.0,1,False,False
100000002973903100,,0.0,-1,0.0,,3,0,92880.0,0.0,0.00031686903979445306,0.0,1,False,False
100000004325327100,,0.0,-1,0.0,,2,1,70817.0,70000.0,0.00029579231968135573,0.988463222107686,1,False,False
100000001477796100,,0.0,-1,0.0,,1,0,182000.0,0.0,0.0003306619019813842,0.0,1,False,False
100000007536804100,,0.0,-1,0.0,,1,2,100000.0,55000.0,0.00029130351809237046,0.55,1,False,False
100000008665380100,,0.0,-1,0.0,,2,1,69100.0,18200.0,0.00029077432850192693,0.2633863965267728,1,False,False
100000001870116100,,0.0,-1,0.0,,1,0,24000.0,0.0,0.00029060661309375074,0.0,1,False,False
100000001074553100,,0.0,-1,0.0,,2,0,28971.0,0.0,0.0002894987523363481,0.0,1,False,False
100000000978041100,,0.0,-1,0.0,,1,0,44445.0,0.0,0.00029489777911163493,0.0,1,False,False
100000002603769100,,0.0,-1,0.0,,3,0,1185368.0,0.0,0.0005415388680707105,0.0,1,False,False
100000005034574100,,0.0,-1,0.0,,1,0,258816.0,0.0,0.0004250866895938891,0.0,1,False,False
100000002958286100,,0.0,-1,0.0,,1,0,257000.0,0.0,0.00031316938195490073,0.0,1,False,False
100000005634552100,,0.0,-1,0.0,,1,3,25850.0,1196000.0,0.00028834863590095484,46.2669245647969,1,False,False
100000008736760100,,0.0,-1,0.0,,1,0,54757.0,0.0,0.0002970621471222205,0.0,1,False,False
100000008701944100,,0.0,-1,0.0,,1,0,52124.0,0.0,0.00041152025351239013,0.0,1,False,False
100000008748408100,,0.0,-1,0.0,,1,21,360000.0,1499960.0,0.00033405459494233067,4.166555555555555,1,False,False
100000008486520100,,0.0,-1,0.0,,1,1,35720.0,14000.0,0.00028940983908926294,0.3919372900335946,1,False,False
100000003163256100,,0.0,-1,0.0,,1,1,13485.0,15000.0,0.00028701917516909777,1.1123470522803114,1,False,False
100000003102157100,,0.0,-1,0.0,,1,0,96746.0,0.0,0.0003037239155502857,0.0,1,False,False
100000004741837100,,0.0,-1,0.0,,1,0,25596.0,0.0,0.0002883213263153591,0.0,1,False,False
100000008443341100,,0.0,-1,0.0,,2,3,34500.0,50000.0,0.0006689699930486659,1.4492753623188406,1,False,False
100000004792397100,,0.0,-1,0.0,,1,0,73520.0,0.0,0.0003010002810421795,0.0,1,False,False
100000003809101100,,0.0,-1,0.0,,2,2,166050.0,55200.0,0.00036194707754243303,0.3324299909665763,1,False,False
100000002838861100,,0.0,-1,0.0,,5,1,554523.95,10000.0,0.002119918647260691,0.018033486200190272,1,False,False
100000008560717100,,0.0,-1,0.0,,7,1,529000.0,25000.0,0.0003308341565552128,0.04725897920604915,1,False,False
100000008693069100,,0.0,-1,0.0,,1,0,20000.0,0.0,0.0002897670599476741,0.0,1,False,False
100000008672162100,,0.0,-1,0.0,,1,0,15550.0,0.0,0.0002888330570726638,0.0,1,False,False
100000007311010100,,0.0,-1,0.0,,2,1,64480.0,20000.0,0.0003093598362490275,0.31017369727047145,1,False,False
100000005505655100,,0.0,-1,0.0,,2,1,33070.0,20000.0,0.00032150802112552193,0.6047777441790142,1,False,False
100000004707703100,,0.0,-1,0.0,,2,5,239300.0,231650.0,0.0006355624384346348,0.9680317592979524,1,False,False
100000004005964100,,0.0,-1,0.0,,3,3,97900.0,72000.0,0.0004045246914881722,0.7354443309499489,1,False,False
100000008244300100,,0.0,-1,0.0,,5,0,65430.0,0.0,0.000479365914728666,0.0,1,False,False
100000002692044100,,0.0,-1,0.0,,1,0,97000.0,0.0,0.000301666934435273,0.0,1,False,False
100000001103905100,,0.0,-1,0.0,,1,0,18000.0,0.0,0.00028934728337463573,0.0,1,False,False
100000008755361100,,0.0,-1,0.0,,1,0,14627.0,0.0,0.0002886393301842066,0.0,1,False,False
100000002810870100,,0.0,-1,0.0,,1,0,33677.0,0.0,0.00029263770204239665,0.0,1,False,False
100000005897462100,,0.0,-1,0.0,,1,0,98400.0,0.0,0.00030049363949730384,0.0,1,False,False
100000000941942100,,0.0,-1,0.0,,1,0,130000.0,0.0,0.00031160003060637,0.0,1,False,False
100000008723830100,,0.0,-1,0.0,,2,1,459785.0,455000.0,0.0003402309877065733,0.9895929619278576,1,False,False
100000008776576100,,0.0,-1,0.0,,1,0,14765.0,0.0,0.00028866829476774624,0.0,1,False,False
100000005432267100,,0.0,-1,0.0,,2,0,350001.0,0.0,0.0003423334858506325,0.0,1,False,False
100000006745291100,,0.0,-1,0.0,,1,0,82534.0,0.0,0.0002980872404910774,0.0,1,False,False
100000008670667100,,0.0,-1,0.0,,1,0,15534.0,0.0,0.0002888296988600795,0.0,1,False,False
100000002480800100,,0.0,-1,0.0,,2,0,569251.0,0.0,0.0006410781031176427,0.0,1,False,False
100000002182176100,,0.0,-1,0.0,,1,0,42465.0,0.0,0.0002935379543676395,0.0,1,False,False
100000008219168100,,0.0,-1,0.0,,1,0,53200.0,0.0,0.0002886199013188332,0.0,1,False,False
100000004226848100,,0.0,-1,0.0,,1,0,301866.0,0.0,0.0003460138655313352,0.0,1,False,False
100000006326645100,,0.0,-1,0.0,,1,0,25264.0,0.0,0.00029087191188791094,0.0,1,False,False
100000003589877100,,0.0,-1,0.0,,2,6,176000.0,416129.0,0.0003069751599714215,2.364369318181818,1,False,False
100000003942602100,,0.0,-1,0.0,,1,1,30000.0,30000.0,0.0002918659428128657,1.0,1,False,False
100000000922570100,,0.0,-1,0.0,,1,1,47101.0,50000.0,0.00029338594320602463,1.0615485870788306,1,False,False
100000005079754100,,0.0,-1,0.0,,1,2,70000.0,122000.0,0.0002995858445806412,1.7428571428571429,1,False,False
100000003187359100,,0.0,-1,0.0,,1,0,19072.0,0.0,0.0002895722836177843,0.0,1,False,False
100000000998559100,,0.0,-1,0.0,,1,0,100000.0,0.0,0.0003055929375935056,0.0,1,False,False
100000008690932100,,0.0,-1,0.0,,1,0,23000.0,0.0,0.00029039672480723154,0.0,1,False,False
100000008773876100,,0.0,-1,0.0,,1,0,26120.0,0.0,0.00029105157626117134,0.0,1,False,False
100000006789108100,,0.0,-1,0.0,,1,0,37500.0,0.0,0.0002912569258026617,0.0,1,False,False
100000004058740100,,0.0,-1,0.0,,1,0,30000.0,0.0,0.0002918659428128657,0.0,1,False,False
100000007641801100,,0.0,-1,0.0,,1,0,200000.0,0.0,0.0002970377419674501,0.0,1,False,False
100000000555721100,,0.0,-1,0.0,,2,0,113000.0,0.0,0.00030809196179581376,0.0,1,False,False
100000008729801100,,0.0,-1,0.0,,1,0,17534.0,0.0,0.00028924947543311784,0.0,1,False,False
100000004664905100,,0.0,-1,0.0,,2,0,329020.0,0.0,0.00041184396684263276,0.0,1,False,False
100000003057225100,,0.0,-1,0.0,,1,0,236000.0,0.0,0.000310943554849581,0.0,1,False,False
100000000703902100,,0.0,-1,0.0,,1,0,25499.0,0.0,0.00029092123563524295,0.0,1,False,False
100000008720798100,,0.0,-1,0.0,,1,0,15534.0,0.0,0.0002888296988600795,0.0,1,False,False
100000001411870100,,0.0,-1,0.0,,2,0,900000.0,0.0,0.0004780448174649528,0.0,1,False,False
100000008556318100,,0.0,-1,0.0,,2,0,180132.0,0.0,0.0005605041030696609,0.0,1,False,False
100000002720627100,,0.0,-1,0.0,,1,0,199300.0,0.0,0.0003157971602163415,0.0,1,False,False
100000003022835100,,0.0,-1,0.0,,1,0,125000.0,0.0,0.0003105988484375593,0.0,1,False,False
100000008304115100,,0.0,-1,0.0,,1,0,51000.0,0.0,0.00029403300196076604,0.0,1,False,False
100000003886323100,,0.0,-1,0.0,,2,1,78168.0,7650.0,0.0018048414724057063,0.09786613447958244,1,False,False
100000000607731100,,0.0,-1,0.0,,1,1,20000.0,66666.0,0.0003175358448925586,3.3333,1,False,False
100000005961971100,,0.0,-1,0.0,,1,0,47353.0,0.0,0.00029550813424883264,0.0,1,False,False
100000000440392100,,0.0,-1,0.0,,1,0,105705.0,0.0,0.0002969344900653258,0.0,1,False,False
100000004105288100,,0.0,-1,0.0,,2,0,215000.0,0.0,0.0004630401380988289,0.0,1,False,False
100000008169544100,,0.0,-1,0.0,,1,4,137104.0,42800.0,0.0003003104494280091,0.31217178200490137,1,False,False
100000004186824100,,0.0,-1,0.0,,2,1,451700.0,7000.0,0.0003819271547747407,0.015497011290679655,1,False,False
100000008672200100,,0.0,-1,0.0,,1,0,8511.0,0.0,0.00028735565342385543,0.0,1,False,False
100000002188829100,,0.0,-1,0.0,,1,0,400000.0,0.0,0.00036566386772214973,0.0,1,False,False
100000008717341100,,0.0,-1,0.0,,1,0,14627.0,0.0,0.0002886393301842066,0.0,1,False,False
100000002214301100,,0.0,-1,0.0,,1,1,21438.0,8000.0,0.00028959218686542876,0.373169138912212,1,False,False
100000002565277100,,0.0,-1,0.0,,1,0,483319.0,0.0,0.0003823473671467781,0.0,1,False,False
100000005546031100,,0.0,-1,0.0,,3,1,66800.0,8000.0,0.0007125289535173747,0.11976047904191617,1,False,False
100000003449074100,,0.0,-1,0.0,,1,0,10000.0,0.0,0.0002874458184490932,0.0,1,False,False
100000008748914100,,0.0,-1,0.0,,2,13,180000.0,4471847.0,0.0007908267344260672,24.843594444444445,1,False,False
100000004744306100,,0.0,-1,0.0,,1,2,69000.0,92000.0,0.0004607769966825421,1.3333333333333333,1,False,False
100000003158727100,,0.0,-1,0.0,,3,0,367940.0,0.0,0.00031412912735274626,0.0,1,False,False
100000001389255100,,0.0,-1,0.0,,1,0,16136.0,0.0,0.00028895605160856404,0.0,1,False,False
100000008695495100,,0.0,-1,0.0,,1,0,21000.0,0.0,0.00028997694823419326,0.0,1,False,False
100000004015047100,,0.0,-1,0.0,,9,1,919104.0,69195.0,0.0022785971106508724,0.07528527783580531,1,False,False
100000005183943100,,0.0,-1,0.0,,1,0,680900.0,0.0,0.0006108393603081353,0.0,1,False,False
100000003004487100,,0.0,-1,0.0,,4,2,183702.8,265015.0,0.0003508724817163427,1.4426290726107605,1,False,False
100000003042994100,,0.0,-1,0.0,,1,0,286086.0,0.0,0.0003163287040785169,0.0,1,False,False
100000001899164100,,0.0,-1,0.0,,4,3,291675.0,76500.0,0.0011765620095510495,0.2622782206222679,1,False,False
100000003946524100,,0.0,-1,0.0,,2,2,133757.0,144750.0,0.0003260605758889203,1.0821863528637754,1,False,False
100000008717340100,,0.0,-1,0.0,,1,0,41500.0,0.0,0.000294279658107836,0.0,1,False,False
100000003831324100,,0.0,-1,0.0,,2,0,300000.0,0.0,0.00031519260326985687,0.0,1,False,False
100000008129393100,,0.0,-1,0.0,,1,0,10000.0,0.0,0.00031169818202604903,0.0,1,False,False
100000004388209100,,0.0,-1,0.0,,1,0,11800.0,0.0,0.000288045975998217,0.0,1,False,False
100000000706545100,,0.0,-1,0.0,,3,1,1070300.0,75800.0,0.0032266260404967403,0.07082126506586939,1,False,False
100000004497606100,,0.0,-1,0.0,,1,0,15534.0,0.0,0.0002888296988600795,0.0,1,False,False
100000008470470100,,0.0,-1,0.0,,1,0,33547.0,0.0,0.00029261041656514913,0.0,1,False,False
100000004318918100,,0.0,-1,0.0,,1,0,75600.0,0.0,0.0002970355594933984,0.0,1,False,False
100000005228059100,,0.0,-1,0.0,,1,0,26000.0,0.0,0.00029102638966678907,0.0,1,False,False
100000001609499100,,0.0,-1,0.0,,3,2,263113.0,21000.0,0.00032091395654925293,0.07981361620292422,1,False,False
100000002824176100,,0.0,-1,0.0,,1,0,144000.0,0.0,0.0003385981575005863,0.0,1,False,False
100000001363952100,,0.0,-1,0.0,,2,1,196655.0,91000.0,0.00030709529312419024,0.4627393150441128,1,False,False
100000001049200100,,0.0,-1,0.0,,2,4,76624.0,36000.0,0.0002982913003271399,0.46982668615577367,1,False,False
100000002662768100,,0.0,-1,0.0,,1,0,84300.0,0.0,0.00030645559550582425,0.0,1,False,False
100000004737477100,,0.0,-1,0.0,,2,1,49598.0,40500.0,0.00029231930484893123,0.8165651840800032,1,False,False
100000008680451100,,0.0,-1,0.0,,1,0,23534.0,0.0,0.0002905088051522328,0.0,1,False,False
100000001952325100,,0.0,-1,0.0,,1,0,77888.0,0.0,0.0003019170730776952,0.0,1,False,False
100000008751429100,,0.0,-1,0.0,,3,1,386200.0,72600.0,0.0015043129924041138,0.1879854997410668,1,False,False
100000001960517100,,0.0,-1,0.0,,1,0,200000.0,0.0,0.00035922049322186785,0.0,1,False,False
100000008686234100,,0.0,-1,0.0,,1,0,39778.0,0.0,0.0002930337323065542,0.0,1,False,False
100000004213658100,,0.0,-1,0.0,,1,0,25347.0,0.0,0.00029088933261569206,0.0,1,False,False
100000001194266100,,0.0,-1,0.0,,1,0,50000.0,0.0,0.00029558111590539824,0.0,1,False,False
100000002243354100,,0.0,-1,0.0,,1,0,20879.0,0.0,0.0002899515517515244,0.0,1,False,False
100000006069103100,,0.0,-1,0.0,,3,3,228818.0,270000.0,0.0011516310982681742,1.1799770997036947,1,False,False
100000002760175100,,0.0,-1,0.0,,1,0,187410.0,0.0,0.00031399380182834,0.0,1,False,False
100000003567087100,,0.0,-1,0.0,,1,0,62115.0,0.0,0.0002986065051344285,0.0,1,False,False
100000008229700100,,0.0,-1,0.0,,1,1,23500.0,7200.0,0.0002894692379814412,0.30638297872340425,1,False,False
100000004076740100,,0.0,-1,0.0,,3,6,93250.0,125000.0,0.0007414546780411359,1.3404825737265416,1,False,False
100000003284932100,,0.0,-1,0.0,,1,0,69925.0,0.0,0.000299570826848109,0.0,1,False,False
100000008071620100,,0.0,-1,0.0,,1,0,46968.0,0.0,0.0002943829532292201,0.0,1,False,False
100000003235780100,,0.0,-1,0.0,,2,0,65000.0,0.0,0.00029120007891764556,0.0,1,False,False
100000005363908100,,0.0,-1,0.0,,1,1,19500.0,19500.0,0.00033851712062440693,1.0,1,False,False
100000001851289100,,0.0,-1,0.0,,1,0,109510.0,0.0,0.00029734359625899464,0.0,1,False,False
100000002870937100,,0.0,-1,0.0,,1,0,83700.0,0.0,0.0002903688396007325,0.0,1,False,False
100000002152857100,,0.0,-1,0.0,,1,5,105000.0,1230000.0,0.0002997108402620942,11.714285714285714,1,False,False
100000002600345100,,0.0,-1,0.0,,2,0,52400.0,0.0,0.0002957205308431163,0.0,1,False,False
100000002580377100,,0.0,-1,0.0,,1,1,37750.0,5000.0,0.000289628100737922,0.13245033112582782,1,False,False
100000004094958100,,0.0,-1,0.0,,1,1,39000.0,40000.0,0.00039146494703152303,1.0256410256410255,1,False,False
100000002609774100,,0.0,-1,0.0,,1,1,7700.0,27500.0,0.00028639718322944613,3.5714285714285716,1,False,False
100000002596035100,,0.0,-1,0.0,,1,0,231570.0,0.0,0.0003206915567832726,0.0,1,False,False
100000004664515100,,0.0,-1,0.0,,1,0,37691.0,0.0,0.0002926421016993771,0.0,1,False,False
100000000661912100,,0.0,-1,0.0,,5,2,393036.0,430700.0,0.0017491597591117625,1.0958283719557496,1,False,False
100000004144536100,,0.0,-1,0.0,,4,0,168000.0,0.0,0.0009685966718954048,0.0,1,False,False
100000006177176100,,0.0,-1,0.0,,1,0,8911.0,0.0,0.0002865273875922669,0.0,1,False,False
100000002158488100,,0.0,-1,0.0,,1,0,31723.0,0.0,0.00029222758033053823,0.0,1,False,False
100000000041368100,,0.0,-1,0.0,,1,0,160000.0,0.0,0.0003176071236192344,0.0,1,False,False
100000008722328100,,0.0,-1,0.0,,1,0,23677.0,0.0,0.00029053881917720503,0.0,1,False,False
100000008735384100,,0.0,-1,0.0,,1,0,39220.0,0.0,0.00029380111281457236,0.0,1,False,False
100000004480280100,,0.0,-1,0.0,,1,2,146694.0,295850.0,0.0003149427776315953,2.0167832358515003,1,False,False
100000004286573100,,0.0,-1,0.0,,1,0,16590.0,0.0,0.0002883224885597272,0.0,1,False,False
100000001746925100,,0.0,-1,0.0,,1,1,65250.0,5000.0,0.000298634721520271,0.07662835249042145,1,False,False
100000001660397100,,0.0,-1,0.0,,2,3,48600.0,49000.0,0.0002951523346277189,1.008230452674897,1,False,False
100000002591469100,,0.0,-1,0.0,,1,0,235670.0,0.0,0.000299083139623691,0.0,1,False,False
100000002731501100,,0.0,-1,0.0,,3,7,570370.0,833960.0,0.0004855839777590129,1.4621386117783193,1,False,False
100000000089154100,,0.0,-1,0.0,,1,15,10000.0,425500.0,0.0002874458184490932,42.55,1,False,False
100000008732098100,,0.0,-1,0.0,,1,0,15677.0,0.0,0.00028885971288505175,0.0,1,False,False
100000005456919100,,0.0,-1,0.0,,2,1,479950.0,5000.0,0.0013700274780428618,0.010417751849150954,1,False,False
100000000507799100,,0.0,-1,0.0,,1,1,5132.0,8000.0,0.0002861210768679897,1.558846453624318,1,False,False
100000008716439100,,0.0,-1,0.0,,1,0,12267.0,0.0,0.00028814399382802143,0.0,1,False,False
100000002981527100,,0.0,-1,0.0,,1,0,168000.0,0.0,0.0003036113749173627,0.0,1,False,False
100000002844652100,,0.0,-1,0.0,,1,0,61360.0,0.0,0.0002890878139870397,0.0,1,False,False
100000002605548100,,0.0,-1,0.0,,2,0,116695.0,0.0,0.00031432137112675444,0.0,1,False,False
100000002750956100,,0.0,-1,0.0,,1,0,47416.0,0.0,0.00029446702151480483,0.0,1,False,False
100000002982252100,,0.0,-1,0.0,,1,0,20320.0,0.0,0.0002898342241993602,0.0,1,False,False
100000000961900100,,0.0,-1,0.0,,2,0,36000.0,0.0,0.0002943204405632645,0.0,1,False,False
100000007175718100,,0.0,-1,0.0,,1,0,20000.0,0.0,0.00030318655842831487,0.0,1,False,False
100000002306369100,,0.0,-1,0.0,,1,6,73166.0,260900.0,0.00029929907141169583,3.5658639258672062,1,False,False
100000000667713100,,0.0,-1,0.0,,2,6,119495.0,79236.0,0.0003201059721320319,0.663090505878907,1,False,False
100000001072022100,,0.0,-1,0.0,,3,0,1684000.0,0.0,0.0005021346766292359,0.0,1,False,False
100000008116374100,,0.0,-1,0.0,,1,0,31284.0,0.0,0.00028893288900381874,0.0,1,False,False
100000000703894100,,0.0,-1,0.0,,1,1,120000.0,35000.0,0.00047736859826889746,0.2916666666666667,1,False,False
100000008066326100,,0.0,-1,0.0,,1,0,19320.0,0.0,0.00028919473903313297,0.0,1,False,False
100000004662806100,,0.0,-1,0.0,,2,2,106585.0,59900.0,0.00030544976624820286,0.5619927757189098,1,False,False
100000005778283100,,0.0,-1,0.0,,3,0,615760.0,0.0,0.0004375840554275676,0.0,1,False,False
100000004408683100,,0.0,-1,0.0,,2,0,112919.68,0.0,0.00038531432958819066,0.0,1,False,False
100000002704875100,,0.0,-1,0.0,,3,0,244891.0,0.0,0.00031507379549976304,0.0,1,False,False
100000008349675100,,0.0,-1,0.0,,1,1,46520.0,36650.0,0.0002882368551639779,0.7878331900257953,1,False,False
100000006889963100,,0.0,-1,0.0,,4,1,1431000.0,443475.8,0.0004272604441628671,0.30990621942697416,1,False,False
100000008771819100,,0.0,-1,0.0,,1,0,38900.0,0.0,0.00029373394856288624,0.0,1,False,False
100000008586731100,,0.0,-1,0.0,,1,0,12000.0,0.0,0.00028756075486281447,0.0,1,False,False
100000005844459100,,0.0,-1,0.0,,2,0,243400.0,0.0,0.00033808255774742736,0.0,1,False,False
100000008172352100,,0.0,-1,0.0,,3,7,90265.0,289510.0,0.00037526567278554397,3.207333961114496,1,False,False
100000001162560100,,0.0,-1,0.0,,1,12,331300.0,2904398.0,0.00032114870693118253,8.76667069121642,1,False,False
100000008779584100,,0.0,-1,0.0,,1,0,31400.0,0.0,0.00029215978641399247,0.0,1,False,False
100000007631637100,,0.0,-1,0.0,,1,0,15341.0,0.0,0.0002887891904207813,0.0,1,False,False
100000007347733100,,0.0,-1,0.0,,1,0,23007.0,0.0,0.0003456840263989008,0.0,1,False,False
100000001463701100,,0.0,-1,0.0,,2,0,621000.0,0.0,0.0005722109368497137,0.0,1,False,False
100000008664469100,,0.0,-1,0.0,,1,0,25000.0,0.0,0.0002905752050613446,0.0,1,False,False
100000003923946100,,0.0,-1,0.0,,1,4,282000.0,675000.0,0.00038941748481374446,2.393617021276596,1,False,False
100000006562026100,,0.0,-1,0.0,,2,0,75000.0,0.0,0.0006853595679127574,0.0,1,False,False
100000008776298100,,0.0,-1,0.0,,1,0,42800.0,0.0,0.00029455251288031093,0.0,1,False,False
100000006446271100,,0.0,-1,0.0,,2,0,80000.0,0.0,0.0003139136962099016,0.0,1,False,False
100000004588479100,,0.0,-1,0.0,,1,0,177633.0,0.0,0.0003046680486193908,0.0,1,False,False
100000002324543100,,0.0,-1,0.0,,1,0,30202.0,0.0,0.0002888127877964788,0.0,1,False,False
100000007129492100,,0.0,-1,0.0,,2,1,50990.0,37000.0,0.0002945171129254455,0.725632476956266,1,False,False
100000003877908100,,0.0,-1,0.0,,1,0,40000.0,0.0,0.0002935787515677768,0.0,1,False,False
100000002748180100,,0.0,-1,0.0,,1,8,9900.0,679743.0,0.0002872122492498478,68.66090909090909,1,False,False
100000000945428100,,0.0,-1,0.0,,1,0,89629.0,0.0,0.00030238839325451197,0.0,1,False,False
100000003115284100,,0.0,-1,0.0,,8,2,2160500.0,517000.0,0.0015286375827955761,0.23929645915297384,1,False,False
100000005394708100,,0.0,-1,0.0,,1,1,26000.0,65000.0,0.00034517722457498757,2.5,1,False,False
100000008747113100,,0.0,-1,0.0,,2,0,197801.0,0.0,0.00030751915506009613,0.0,1,False,False
100000004491881100,,0.0,-1,0.0,,1,0,17144.0,0.0,0.0002891676190013754,0.0,1,False,False
100000006008169100,,0.0,-1,0.0,,1,0,70000.0,0.0,0.000297186147982845,0.0,1,False,False
100000002681449100,,0.0,-1,0.0,,2,2,94638.0,133000.0,0.0002951397503203067,1.4053551427544961,1,False,False
100000002645609100,,0.0,-1,0.0,,4,0,546820.6799999999,0.0,0.00035535788312599583,0.0,1,False,False
100000006369769100,,0.0,-1,0.0,,1,0,40000.0,0.0,0.00029396482567805725,0.0,1,False,False
100000002173161100,,0.0,-1,0.0,,3,0,1427500.0,0.0,0.0004354146921033433,0.0,1,False,False
100000008686313100,,0.0,-1,0.0,,6,7,1912716.0,333800.0,0.0004676329022286972,0.17451623764322566,1,False,False
100000004692798100,,0.0,-1,0.0,,2,1,240305.0,15000.0,0.0019106511787003878,0.06242067372713843,1,False,False
100000002939838100,,0.0,-1,0.0,,3,0,571233.0,0.0,0.0004000333621032979,0.0,1,False,False
100000003119550100,,0.0,-1,0.0,,1,0,21000.0,0.0,0.00028997694823419326,0.0,1,False,False
100000004315838100,,0.0,-1,0.0,,2,1,50000.0,18000.0,0.0002913854344131966,0.36,1,False,False
100000002671806100,,0.0,-1,0.0,,1,0,12440.0,0.0,0.00028763377508648363,0.0,1,False,False
100000008716222100,,0.0,-1,0.0,,1,0,18000.0,0.0,0.00028934728337463573,0.0,1,False,False
100000005496254100,,0.0,-1,0.0,,1,0,12700.0,0.0,0.0002879524799916799,0.0,1,False,False
100000004622227100,,0.0,-1,0.0,,1,3,24931.0,19000.0,0.0002902476567795973,0.762103405398901,1,False,False
100000000274067100,,0.0,-1,0.0,,2,3,517704.0,2969000.0,0.0004137036512851875,5.734937338710924,1,False,False
100000008782056100,,0.0,-1,0.0,,1,0,29082.0,0.0,0.0002916732653658411,0.0,1,False,False
100000006788200100,,0.0,-1,0.0,,4,3,272155.8,64500.0,0.00033716343435244255,0.23699660268125833,1,False,False
100000001164648100,,0.0,-1,0.0,,2,0,13660.0,0.0,0.00029014259597535177,0.0,1,False,False
100000005133757100,,0.0,-1,0.0,,2,0,65000.0,0.0,0.00029941072919293055,0.0,1,False,False
100000006445501100,,0.0,-1,0.0,,1,0,91000.0,0.0,0.0002993712801977907,0.0,1,False,False
100000004390333100,,0.0,-1,0.0,,2,9,64558.0,506500.0,0.00029521378985057596,7.845658167849066,1,False,False
100000001641789100,,0.0,-1,0.0,,1,0,17826.0,0.0,0.0004895828148678133,0.0,1,False,False
100000000968253100,,0.0,-1,0.0,,1,0,15000.0,0.0,0.00028871761851507826,0.0,1,False,False
100000001527186100,,0.0,-1,0.0,,1,0,678000.0,0.0,0.00042132959630802663,0.0,1,False,False
100000005852946100,,0.0,-1,0.0,,1,0,23746.0,0.0,0.00029032410857340684,0.0,1,False,False
100000001530983100,,0.0,-1,0.0,,4,11,564158.0,1829538.0,0.00035609030999176293,3.24295321523403,1,False,False
100000008221543100,,0.0,-1,0.0,,2,0,542000.0,0.0,0.00037148464522539736,0.0,1,False,False
100000001937767100,,0.0,-1,0.0,,1,4,53000.0,1933000.0,0.0008921392815659775,36.471698113207545,1,False,False
100000002462183100,,0.0,-1,0.0,,1,0,107500.0,0.0,0.0003802620893515447,0.0,1,False,False
100000001805543100,,0.0,-1,0.0,,1,0,59000.0,0.0,0.0002919128593753634,0.0,1,False,False
100000002606567100,,0.0,-1,0.0,,1,1,14095.0,53000.0,0.00028821425512201625,3.7601986520042567,1,False,False
100000007281639100,,0.0,-1,0.0,,2,0,216770.0,0.0,0.0003235711404553908,0.0,1,False,False
100000002991079100,,0.0,-1,0.0,,2,1,148900.0,11000.0,0.00039517397427267476,0.07387508394895903,1,False,False
100000002847207100,,0.0,-1,0.0,,1,0,46243.0,0.0,0.0002948288276237539,0.0,1,False,False
100000000011452100,,0.0,-1,0.0,,3,1,110000.0,16685.0,0.0004768640252326482,0.1516818181818182,1,False,False
100000003148220100,,0.0,-1,0.0,,1,2,5650.0,43400.0,0.0009182428014100987,7.68141592920354,1,False,False
100000002479804100,,0.0,-1,0.0,,1,2,46000.0,35300.0,0.00029696632694887494,0.7673913043478261,1,False,False
100000008745489100,,0.0,-1,0.0,,1,0,55539.0,0.0,0.00029722627976227855,0.0,1,False,False
100000002289937100,,0.0,-1,0.0,,1,0,20000.0,0.0,0.0002897670599476741,0.0,1,False,False
100000004679953100,,0.0,-1,0.0,,3,3,343538.0,34100.0,0.0003342675529915223,0.09926121709970949,1,False,False
100000003066385100,,0.0,-1,0.0,,2,0,20000.0,0.0,0.00029153974169365685,0.0,1,False,False
100000008744849100,,0.0,-1,0.0,,1,0,44445.0,0.0,0.00029489777911163493,0.0,1,False,False
100000005093521100,,0.0,-1,0.0,,1,0,15200.0,0.0,0.00028861288801047553,0.0,1,False,False
100000006518161100,,0.0,-1,0.0,,3,2,594200.0,595899.0,0.0008108053328700469,1.002859306630764,1,False,False
100000001126374100,,0.0,-1,0.0,,4,2,182500.0,29200.0,0.0003135004104490038,0.16,1,False,False
100000004509286100,,0.0,-1,0.0,,1,0,40000.0,0.0,0.0002935787515677768,0.0,1,False,False
100000005056870100,,0.0,-1,0.0,,1,0,20000.0,0.0,0.00030318655842831487,0.0,1,False,False
100000008708368100,,0.0,-1,0.0,,1,0,23677.0,0.0,0.00029053881917720503,0.0,1,False,False
100000005895525100,,0.0,-1,0.0,,1,0,120000.0,0.0,0.00039127287948343466,0.0,1,False,False
100000008716773100,,0.0,-1,0.0,,1,0,15677.0,0.0,0.00028885971288505175,0.0,1,False,False
100000002778085100,,0.0,-1,0.0,,1,0,66208.0,0.0,0.0002926878495051835,0.0,1,False,False
100000007055802100,,0.0,-1,0.0,,6,1,2024999.0,605000.0,0.001181924366122314,0.29876557963732325,1,False,False
100000003071930100,,0.0,-1,0.0,,3,1,477610.0,5000.0,0.0003483674806474176,0.010468792529469651,1,False,False
100000002941114100,,0.0,-1,0.0,,2,1,128510.0,15000.0,0.0018146321453408293,0.11672243405182477,1,False,False
100000003888271100,,0.0,-1,0.0,,1,2,12177.0,25590.0,0.0002913863210858299,2.10150283321015,1,False,False
100000007507343100,,0.0,-1,0.0,,1,0,370000.0,0.0,0.0006416178761806935,0.0,1,False,False
100000008002020100,,0.0,-1,0.0,,1,1,73860.0,17000.0,0.0002978267344904884,0.23016517736257786,1,False,False
100000001872484100,,0.0,-1,0.0,,1,3,871400.0,514580.0,0.0022739787649245797,0.5905210006885472,1,False,False
100000008769636100,,0.0,-1,0.0,,1,0,23118.0,0.0,0.0002904214916250408,0.0,1,False,False
100000004135268100,,0.0,-1,0.0,,2,3,1239000.0,1000200.0,0.001740527342257778,0.8072639225181598,1,False,False
100000005316708100,,0.0,-1,0.0,,1,2,90000.0,257500.0,0.0002976906193985509,2.861111111111111,1,False,False
100000008671929100,,0.0,-1,0.0,,1,0,75000.0,0.0,0.00030058702674945194,0.0,1,False,False
100000005287097100,,0.0,-1,0.0,,2,9,127173.0,697300.0,0.00030270743388181913,5.483082100760382,1,False,False
100000007283257100,,0.0,-1,0.0,,1,0,192000.0,0.0,0.00038906884568361,0.0,1,False,False
100000004847758100,,0.0,-1,0.0,,4,15,115171.0,488800.0,0.00030474224834678437,4.244123954815014,1,False,False
100000008737422100,,0.0,-1,0.0,,1,0,76903.0,0.0,0.00030171033311547385,0.0,1,False,False
100000008555918100,,0.0,-1,0.0,,1,2,139211.0,43300.0,0.00031344440839775313,0.3110386391879952,1,False,False
100000008094734100,,0.0,-1,0.0,,4,0,236249.0,0.0,0.0003441360031889836,0.0,1,False,False
100000006952718100,,0.0,-1,0.0,,1,0,71489.0,0.0,0.00029325565234585775,0.0,1,False,False
100000005339662100,,0.0,-1,0.0,,4,4,202939.0,295160.0,0.0016567441326948078,1.4544271924075707,1,False,False
100000001716579100,,0.0,-1,0.0,,1,0,13916.0,0.0,0.0002884900996124915,0.0,1,False,False
100000002774456100,,0.0,-1,0.0,,1,0,50363.0,0.0,0.00029320785927153167,0.0,1,False,False
100000004394765100,,0.0,-1,0.0,,3,2,603844.0,82500.0,0.0003802754591116205,0.13662469114539516,1,False,False
100000004004621100,,0.0,-1,0.0,,3,0,75389.0,0.0,0.00030077440313347714,0.0,1,False,False
100000000907277100,,0.0,-1,0.0,,1,0,17534.0,0.0,0.00028924947543311784,0.0,1,False,False
100000003835149100,,0.0,-1,0.0,,1,2,248500.0,4600440.0,0.0004889016554646476,18.512837022132796,1,False,False
100000004254434100,,0.0,-1,0.0,,1,0,44445.0,0.0,0.00029489777911163493,0.0,1,False,False
100000003635170100,,0.0,-1,0.0,,3,4,268500.0,253500.0,0.0011481911115018492,0.9441340782122905,1,False,False
100000006687202100,,0.0,-1,0.0,,1,0,50000.0,0.0,0.0002949519153763026,0.0,1,False,False
100000006030946100,,0.0,-1,0.0,,1,0,73289.0,0.0,0.0003009517968479936,0.0,1,False,False
100000002615479100,,0.0,-1,0.0,,1,0,220000.0,0.0,0.00030919582846738493,0.0,1,False,False
100000002952631100,,0.0,-1,0.0,,1,0,48050.0,0.0,0.00029073553668924657,0.0,1,False,False
100000002890167100,,0.0,-1,0.0,,1,0,118150.0,0.0,0.00029827255224146494,0.0,1,False,False
100000008687671100,,0.0,-1,0.0,,1,0,37500.0,0.0,0.0002934401049617594,0.0,1,False,False
100000000810551100,,0.0,-1,0.0,,1,1,100000.0,7100.0,0.0003055929375935056,0.071,1,False,False
100000008724279100,,0.0,-1,0.0,,1,0,11750.0,0.0,0.00028683263134622903,0.0,1,False,False
100000002592567100,,0.0,-1,0.0,,1,2,5297.0,48600.0,0.0002861388173468216,9.175004719652634,1,False,False
100000002670860100,,0.0,-1,0.0,,2,0,450000.0,0.0,0.00030894570400308074,0.0,1,False,False
100000002844897100,,0.0,-1,0.0,,1,0,10800.0,0.0,0.00028672914226229553,0.0,1,False,False
100000007938486100,,0.0,-1,0.0,,1,0,39500.0,0.0,0.00029385988153479773,0.0,1,False,False
100000008438656100,,0.0,-1,0.0,,2,1,80000.0,5000.0,0.00029739252742606105,0.0625,1,False,False
100000008304139100,,0.0,-1,0.0,,4,24,189329.75,1692997.0,0.0003136180059586537,8.942054801213228,1,False,False
100000002597003100,,0.0,-1,0.0,,1,1,17700.0,11000.0,0.00028889074210758104,0.6214689265536724,1,False,False
100000002830055100,,0.0,-1,0.0,,1,0,14000.0,0.0,0.0002885077302285591,0.0,1,False,False
100000004299488100,,0.0,-1,0.0,,6,2,1749000.0,344999.0,0.0014621185934412485,0.19725500285877645,1,False,False
100000002809568100,,0.0,-1,0.0,,1,0,10000.0,0.0,0.0002874458184490932,0.0,1,False,False
100000004784224100,,0.0,-1,0.0,,1,1,23500.0,100000.0,0.0003047979078563769,4.25531914893617,1,False,False
100000003123296100,,0.0,-1,0.0,,1,0,86200.0,0.0,0.00029987461985430183,0.0,1,False,False
100000004130144100,,0.0,-1,0.0,,1,0,200000.0,0.0,0.0002970377419674501,0.0,1,False,False
100000001253557100,,0.0,-1,0.0,,5,0,210200.0,0.0,0.00035106592298765355,0.0,1,False,False
100000008767925100,,0.0,-1,0.0,,1,0,17144.0,0.0,0.0002891676190013754,0.0,1,False,False
100000007181706100,,0.0,-1,0.0,,2,0,176272.0,0.0,0.00031906641503554804,0.0,1,False,False
100000003366154100,,0.0,-1,0.0,,1,3,125000.0,289170.0,0.0003105988484375593,2.31336,1,False,False
100000007641183100,,0.0,-1,0.0,,1,0,28000.0,0.0,0.00028857979971603717,0.0,1,False,False
100000008663007100,,0.0,-1,0.0,,1,0,14000.0,0.0,0.0002885077302285591,0.0,1,False,False
100000007334196100,,0.0,-1,0.0,,1,0,150002.0,0.0,0.0003083201238991253,0.0,1,False,False
100000003873332100,,0.0,-1,0.0,,1,4,23468.0,286000.0,0.0002899731212844846,12.186807567751833,1,False,False
100000001550388100,,0.0,-1,0.0,,1,0,50000.0,0.0,0.0002949519153763026,0.0,1,False,False
100000008718089100,,0.0,-1,0.0,,1,0,15534.0,0.0,0.0002888296988600795,0.0,1,False,False
100000008728457100,,0.0,-1,0.0,,1,0,45000.0,0.0,0.0002923944521197359,0.0,1,False,False
100000004206046100,,0.0,-1,0.0,,1,0,11075.0,0.0,0.00028676005666009854,0.0,1,False,False
100000006579678100,,0.0,-1,0.0,,2,6,192930.0,1668800.0,0.0006256438748763364,8.649769346395066,1,False,False
100000002988894100,,0.0,-1,0.0,,1,3,306121.0,77500.0,0.0003468658715569931,0.25316786499456095,1,False,False
100000008749406100,,0.0,-1,0.0,,1,0,17144.0,0.0,0.0002891676190013754,0.0,1,False,False
100000005584222100,,0.0,-1,0.0,,2,2,192717.0,108587.0,0.0008759174247919279,0.5634531463233653,1,False,False
100000003239859100,,0.0,-1,0.0,,1,0,18600.0,0.0,0.0002886560582178524,0.0,1,False,False
100000003980083100,,0.0,-1,0.0,,1,0,30000.0,0.0,0.0005285862410602082,0.0,1,False,False
100000004351795100,,0.0,-1,0.0,,3,14,118333.0,1715161.0,0.0003135156057452154,14.494359139039828,1,False,False
100000002666248100,,0.0,-1,0.0,,1,0,70032.0,0.0,0.0002995922521465216,0.0,1,False,False
100000005877725100,,0.0,-1,0.0,,1,0,70000.0,0.0,0.0003002614742736321,0.0,1,False,False
100000001697501100,,0.0,-1,0.0,,3,38,123700.0,1482606.0,0.0005916045492534869,11.98549717057397,1,False,False
100000006972210100,,0.0,-1,0.0,,3,0,488775.0,0.0,0.000346296000353762,0.0,1,False,False
100000008749618100,,0.0,-1,0.0,,1,0,47280.0,0.0,0.00029549281240391677,0.0,1,False,False
100000008671026100,,0.0,-1,0.0,,1,0,23534.0,0.0,0.0002905088051522328,0.0,1,False,False
100000001696818100,,0.0,-1,0.0,,1,0,53550.0,0.0,0.00029883692688634147,0.0,1,False,False
100000008679986100,,0.0,-1,0.0,,1,0,19000.0,0.0,0.00028955717166115493,0.0,1,False,False
100000003616818100,,0.0,-1,0.0,,3,3,78000.0,240100.0,0.0005130034108689025,3.0782051282051284,1,False,False
100000004156082100,,0.0,-1,0.0,,5,26,377366.11,2319556.0,0.0008669668928480434,6.146699288921308,1,False,False
100000008667058100,,0.0,-1,0.0,,1,0,17534.0,0.0,0.00028924947543311784,0.0,1,False,False
100000008628231100,,0.0,-1,0.0,,1,2,50000.0,627870.0,0.00029558111590539824,12.5574,1,False,False
100000008749063100,,0.0,-1,0.0,,1,0,19000.0,0.0,0.00028955717166115493,0.0,1,False,False
100000004494983100,,0.0,-1,0.0,,1,0,35000.0,0.0,0.0002929153842454615,0.0,1,False,False
100000007648946100,,0.0,-1,0.0,,1,1,19550.0,25000.0,0.0002892378990904645,1.278772378516624,1,False,False
100000003037660100,,0.0,-1,0.0,,1,0,53000.0,0.0,0.0002961818252066847,0.0,1,False,False
100000002679516100,,0.0,-1,0.0,,3,0,102335.0,0.0,0.00032682549707084964,0.0,1,False,False
100000005588444100,,0.0,-1,0.0,,1,0,12300.0,0.0,0.00028627460375392564,0.0,1,False,False
100000001307612100,,0.0,-1,0.0,,1,0,38483.0,0.0,0.00029364642514740773,0.0,1,False,False
100000003001564100,,0.0,-1,0.0,,1,1,23520.0,180000.0,0.00028809811883623776,7.653061224489796,1,False,False
100000002762076100,,0.0,-1,0.0,,2,1,140350.0,30000.0,0.00029914566971164536,0.21375133594584966,1,False,False
100000005514161100,,0.0,-1,0.0,,4,1,401500.0,50000.0,0.0008061423847001054,0.12453300124533001,1,False,False
100000008746673100,,0.0,-1,0.0,,1,0,53048.0,0.0,0.0002967034480405593,0.0,1,False,False
100000003265158100,,0.0,-1,0.0,,3,2,146100.4,154200.0,0.0003846709844220265,1.055438588806054,1,False,False
100000001567366100,,0.0,-1,0.0,,1,0,824070.0,0.0,0.00037417169658699974,0.0,1,False,False
100000008777088100,,0.0,-1,0.0,,1,0,18000.0,0.0,0.00028934728337463573,0.0,1,False,False
100000002589019100,,0.0,-1,0.0,,1,0,34710.0,0.0,0.0002913295941344678,0.0,1,False,False
100000008666075100,,0.0,-1,0.0,,1,0,26217.0,0.0,0.0002910719354249637,0.0,1,False,False
100000008137435100,,0.0,-1,0.0,,2,6,93906.0,1419700.0,0.0003142779777322604,15.118309799160864,1,False,False
100000004403675100,,0.0,-1,0.0,,4,5,182980.0,264699.0,0.0007400733271266653,1.4466007213903158,1,False,False
100000004677680100,,0.0,-1,0.0,,2,1,63000.0,168000.0,0.0010928341745650807,2.6666666666666665,1,False,False
100000005958064100,,0.0,-1,0.0,,1,2,5746.0,163986.84,0.000286187092952855,28.539303863557258,1,False,False
100000002881669100,,0.0,-1,0.0,,1,0,18600.0,0.0,0.0002886560582178524,0.0,1,False,False
100000002938501100,,0.0,-1,0.0,,1,1,8395.0,5000.0,0.00028647190827664715,0.5955926146515783,1,False,False
100000006734554100,,0.0,-1,0.0,,1,1,16500.0,25000.0,0.0003119416985243868,1.5151515151515151,1,False,False
100000008003034100,,0.0,-1,0.0,,1,4,12201.0,135000.0,0.00028688112198836955,11.064666830587656,1,False,False
100000003970394100,,0.0,-1,0.0,,1,0,85000.0,0.0,0.00029967547378974946,0.0,1,False,False
100000003205210100,,0.0,-1,0.0,,1,0,137563.0,0.0,0.0003131144187549131,0.0,1,False,False
100000004559194100,,0.0,-1,0.0,,1,0,282145.0,0.0,0.0003159049754295683,0.0,1,False,False
100000008173359100,,0.0,-1,0.0,,1,0,6110.0,0.0,0.00028622622952433876,0.0,1,False,False
100000007953156100,,0.0,-1,0.0,,1,1,18000.0,10000.0,0.0004778416683076007,0.5555555555555556,2,False,False
100000002224132100,,0.0,-1,0.0,,5,4,3951020.0,12115000.0,0.005995733195474431,3.0662968043695047,2,False,False
100000008547844100,,0.0,-1,0.0,,3,19,177600.0,2042199.0,0.0003443380521779434,11.498868243243244,2,False,False
100000002635780100,,0.0,-1,0.0,,1,0,163000.02,0.0,0.0005553850086577911,0.0,2,False,False
100000001279875100,,0.0,-1,0.0,,1,0,49235.0,0.0,0.0003032727428264067,0.0,2,False,False
100000001961048100,,0.0,-1,0.0,,1,0,150000.0,0.0,0.00030430933928482544,0.0,2,False,False
100000000993112100,,0.0,-1,0.0,,1,0,141000.0,0.0,0.00044111482764995627,0.0,2,False,False
100000005547096100,,0.0,-1,0.0,,1,2,8000.0,226300.0,0.0008920567423173903,28.2875,2,False,False
100000000331309100,,0.0,-1,0.0,,5,99,984635.0,23001375.0,0.000875689903807376,23.360306103276848,2,False,False
100000006684930100,,0.0,-1,0.0,,1,0,10000.0,0.0,0.0002987343713958286,0.0,2,False,False
100000004479404100,,0.0,-1,0.0,,2,1,1492000.0,300000.0,0.0008667096306509939,0.20107238605898123,2,False,False
100000004134060100,,0.0,-1,0.0,,1,0,88179.0,0.0,0.0003280105841798639,0.0,2,False,False
100000001083990100,,0.0,-1,0.0,,1,0,49900.0,0.0,0.0005021137973799181,0.0,2,False,False
100000004573782100,,0.0,-1,0.0,,1,0,15000.0,0.0,0.0003098970169286297,0.0,2,False,False
100000005660203100,,0.0,-1,0.0,,1,2,572899.0,41000.0,0.0009492504038791965,0.07156584319400104,2,False,False
100000008771627100,,0.0,-1,0.0,,1,0,16500.0,0.0,0.0002911733098421886,0.0,2,False,False
100000000031787100,,0.0,-1,0.0,,1,2,90000.0,90000.0,0.0004315356304853241,1.0,2,False,False
100000001346560100,,0.0,-1,0.0,,2,1,10000.0,22200.0,0.0005866163489075493,2.22,2,False,False
100000001703168100,,0.0,-1,0.0,,1,1,45000.0,90000.0,0.00029266343176030765,2.0,2,False,False
100000004904960100,,0.0,-1,0.0,,2,0,32000.0,0.0,0.0007779174826823424,0.0,2,False,False
100000004467157100,,0.0,-1,0.0,,1,1,20000.0,7000.0,0.0003865607584834249,0.35,2,False,False
100000008346837100,,0.0,-1,0.0,,9,25,254359.0,1258643.0,0.0005474079827287936,4.948293553599441,2,False,False
100000006385877100,,0.0,-1,0.0,,1,1,53706.62,36602.93,0.002094297553958926,0.6815347903107661,2,False,False
100000002459093100,,0.0,-1,0.0,,1,1,500000.0,55000.0,0.00038924998698062655,0.11,2,False,False
100000005053653100,,0.0,-1,0.0,,2,1,63073.0,25000.0,0.0003136008584320485,0.3963661154535221,2,False,False
100000001557930100,,0.0,-1,0.0,,1,0,34610.0,0.0,0.0002921289541275454,0.0,2,False,False
100000002820010100,,0.0,-1,0.0,,1,0,30000.0,0.0,0.00029125521728309953,0.0,2,False,False
100000000769919100,,0.0,-1,0.0,,1,0,250000.0,0.0,0.0007354469638244255,0.0,2,False,False
100000003188607100,,0.0,-1,0.0,,1,1,18000.0,5000.0,0.0003147625614708975,0.2777777777777778,2,False,False
100000002836052100,,0.0,-1,0.0,,1,0,15000.0,0.0,0.0003056660501463524,0.0,2,False,False
100000001102676100,,0.0,-1,0.0,,1,1,50000.0,50000.0,0.0003130309543986752,1.0,2,False,False
100000003390036100,,0.0,-1,0.0,,2,2,231300.0,62000.0,0.0013242239371446286,0.2680501513186338,2,False,False
100000008335401100,,0.0,-1,0.0,,1,0,150000.0,0.0,0.0005512278448300623,0.0,2,False,False
100000006994985100,,0.0,-1,0.0,,1,1,48500.0,10200.0,0.0005013304862324077,0.21030927835051547,2,False,False
100000008356606100,,0.0,-1,0.0,,2,0,168500.0,0.0,0.0006267853006401152,0.0,2,False,False
100000007930878100,,0.0,-1,0.0,,1,0,5000.0,0.0,0.00048363772579278913,0.0,2,False,False
100000008389800100,,0.0,-1,0.0,,3,7,189000.0,401620.0,0.0005050963840560336,2.124973544973545,2,False,False
100000005474472100,,0.0,-1,0.0,,1,0,100000.0,0.0,0.0005449540086863332,0.0,2,False,False
100000004486525100,,0.0,-1,0.0,,8,2,360924.0,271045.0,0.0008057988481996705,0.7509752745730403,2,False,False
100000003031890100,,0.0,-1,0.0,,1,0,215000.0,0.0,0.00039212223001592824,0.0,2,False,False
100000008624978100,,0.0,-1,0.0,,1,0,109000.0,0.0,0.00033803190556376176,0.0,2,False,False
100000000790311100,,0.0,-1,0.0,,1,0,46300.0,0.0,0.000300299219066313,0.0,2,False,False
100000008546855100,,0.0,-1,0.0,,6,2,71790.0,10000.0,0.0014269758891576917,0.1392951664577239,2,False,False
100000002863356100,,0.0,-1,0.0,,1,1,45000.0,20000.0,0.0003008529731942847,0.4444444444444444,2,False,False
100000000332284100,,0.0,-1,0.0,,10,3,107426.0,289500.0,0.0007170946224349073,2.69487833485376,2,False,False
100000002605308100,,0.0,-1,0.0,,3,0,2569521.84,0.0,0.0008849814697633089,0.0,2,False,False
100000005931985100,,0.0,-1,0.0,,1,0,76000.0,0.0,0.00031289664456344305,0.0,2,False,False
100000001166289100,,0.0,-1,0.0,,2,1,721039.0,25000.0,0.0020021280906723886,0.0346721883282319,2,False,False
100000008477350100,,0.0,-1,0.0,,11,39,610100.0,3374866.0,0.0010342350786611242,5.531660383543682,2,False,False
100000003824464100,,0.0,-1,0.0,,1,0,200000.0,0.0,0.000323247651083571,0.0,2,False,False
100000002738256100,,0.0,-1,0.0,,1,1,150200.0,175000.0,0.0005073102992973039,1.1651131824234353,2,False,False
100000001857829100,,0.0,-1,0.0,,6,16,888535.0,2390993.0,0.0006204790252521136,2.690938454872346,2,False,False
100000008672762100,,0.0,-1,0.0,,1,0,13000.0,0.0,0.0002899845792550891,0.0,2,False,False
100000001737722100,,0.0,-1,0.0,,1,0,60460.0,0.0,0.0003187759337086208,0.0,2,False,False
100000005572303100,,0.0,-1,0.0,,1,1,75000.0,20000.0,0.0003132762393993454,0.26666666666666666,2,False,False
100000008733049100,,0.0,-1,0.0,,1,0,10000.0,0.0,0.0002887507034719393,0.0,2,False,False
100000000850297100,,0.0,-1,0.0,,1,1,17520.0,17520.0,0.0002939168313087527,1.0,2,False,False
100000005140601100,,0.0,-1,0.0,,3,2,52685.0,195300.0,0.0027057314547033317,3.706937458479643,2,False,False
100000004410489100,,0.0,-1,0.0,,1,0,54000.0,0.0,0.0003142199106141309,0.0,2,False,False
100000006852430100,,0.0,-1,0.0,,1,0,37000.0,0.0,0.0005362020040442948,0.0,2,False,False
100000003166755100,,0.0,-1,0.0,,1,0,24010.0,0.0,0.0002893544107152427,0.0,2,False,False
100000008258083100,,0.0,-1,0.0,,2,2,3149500.0,2045650.0,0.0010500443938968613,0.6495157961581204,2,False,False
100000003054328100,,0.0,-1,0.0,,1,2,140000.0,193720.0,0.00033590915011809754,1.3837142857142857,2,False,False
100000008473207100,,0.0,-1,0.0,,1,0,202000.0,0.0,0.0005562056073953194,0.0,2,False,False
100000008104567100,,0.0,-1,0.0,,3,3,53550.0,40000.0,0.0005380423675699459,0.7469654528478058,2,False,False
100000002721825100,,0.0,-1,0.0,,1,0,11000.0,0.0,0.0005314143750831583,0.0,2,False,False
100000003509750100,,0.0,-1,0.0,,3,3,82290.0,78400.0,0.001687048026555684,0.9527281565196257,2,False,False
100000007322059100,,0.0,-1,0.0,,2,1,29000.0,22500.0,0.0006801571631888191,0.7758620689655172,2,False,False
100000004441291100,,0.0,-1,0.0,,1,0,20000.0,0.0,0.000548843069567571,0.0,2,False,False
100000006122699100,,0.0,-1,0.0,,2,0,45865.0,0.0,0.0004047064849586192,0.0,2,False,False
100000008254069100,,0.0,-1,0.0,,1,5,10200.0,107500.0,0.0003424861412375226,10.53921568627451,2,False,False
100000003336565100,,0.0,-1,0.0,,1,0,16550.0,0.0,0.0002911902917077186,0.0,2,False,False
100000002492277100,,0.0,-1,0.0,,1,0,138500.0,0.0,0.00030740347309968685,0.0,2,False,False
100000001339466100,,0.0,-1,0.0,,1,0,30000.0,0.0,0.0003039018745217943,0.0,2,False,False
100000005022964100,,0.0,-1,0.0,,1,0,20000.0,0.0,0.0003273647858899897,0.0,2,False,False
100000003112436100,,0.0,-1,0.0,,1,0,100000.0,0.0,0.0003021326407143058,0.0,2,False,False
100000000489417100,,0.0,-1,0.0,,3,1,73504.0,80000.0,0.0005517574141078733,1.0883761427949499,2,False,False
100000002217161100,,0.0,-1,0.0,,2,7,404750.0,995132.0,0.0008915694561715996,2.4586337245213095,2,False,False
100000002469065100,,0.0,-1,0.0,,1,0,200000.0,0.0,0.0003186959872113208,0.0,2,False,False
100000007337374100,,0.0,-1,0.0,,1,0,20000.0,0.0,0.0002923620404292881,0.0,2,False,False
100000003249054100,,0.0,-1,0.0,,7,1,99700.0,15000.0,0.0004314632286065654,0.15045135406218657,2,False,False
100000003024542100,,0.0,-1,0.0,,1,0,8500.0,0.0,0.00031794749343884253,0.0,2,False,False
100000002718366100,,0.0,-1,0.0,,6,0,2525000.0,0.0,0.0006811994866182293,0.0,2,False,False
100000005059998100,,0.0,-1,0.0,,1,0,18000.0,0.0,0.0002959172747769893,0.0,2,False,False
100000004071070100,,0.0,-1,0.0,,2,1,41000.0,6000.0,0.0011875923340219298,0.14634146341463414,2,False,False
100000001584286100,,0.0,-1,0.0,,2,0,738699.0,0.0,0.00032848499407064284,0.0,2,False,False
100000008701256100,,0.0,-1,0.0,,1,0,58250.0,0.0,0.0003037426349007179,0.0,2,False,False
100000001490461100,,0.0,-1,0.0,,1,1,20000.0,5000.0,0.00032099043429899374,0.25,2,False,False
100000008531186100,,0.0,-1,0.0,,1,0,125000.0,0.0,0.0003619550454860551,0.0,2,False,False
100000004765639100,,0.0,-1,0.0,,1,2,5000.0,11000.0,0.00036185625061452016,2.2,2,False,False
100000002983879100,,0.0,-1,0.0,,2,0,200050.0,0.0,0.0003580797764870863,0.0,2,False,False
100000008734364100,,0.0,-1,0.0,,1,0,26200.0,0.0,0.0002944677917550073,0.0,2,False,False
100000003192220100,,0.0,-1,0.0,,1,0,60000.0,0.0,0.0005031715963348392,0.0,2,False,False
100000008060273100,,0.0,-1,0.0,,1,0,10000.0,0.0,0.0002989671315033319,0.0,2,False,False
100000008205937100,,0.0,-1,0.0,,1,0,35000.0,0.0,0.00033164706434217267,0.0,2,False,False
100000005507142100,,0.0,-1,0.0,,3,3,51000.0,100000.0,0.000558950097758131,1.9607843137254901,2,False,False
100000005539910100,,0.0,-1,0.0,,1,2,102000.0,22000.0,0.000498726301748055,0.21568627450980393,2,False,False
100000002459163100,,0.0,-1,0.0,,1,0,20180.0,0.0,0.00036111544422251415,0.0,2,False,False
100000004666651100,,0.0,-1,0.0,,1,0,429250.0,0.0,0.00045753888989794294,0.0,2,False,False
100000003927792100,,0.0,-1,0.0,,1,0,13067.0,0.0,0.00028972644169034,0.0,2,False,False
100000000607941100,,0.0,-1,0.0,,2,1,50000.0,70000.0,0.0005785720589504693,1.4,2,False,False
100000004158362100,,0.0,-1,0.0,,1,0,12000.0,0.0,0.0002913822339326508,0.0,2,False,False
100000005664922100,,0.0,-1,0.0,,2,3,22000.0,537000.0,0.0008059658576323338,24.40909090909091,2,False,False
100000007594394100,,0.0,-1,0.0,,6,1,395385.0,3376312.0,0.0004055854787031871,8.539302199122375,2,False,False
100000000979567100,,0.0,-1,0.0,,1,0,10000.0,0.0,0.0005307306769296842,0.0,2,False,False
100000002831727100,,0.0,-1,0.0,,1,1,6000.0,77000.0,0.0002907462180152881,12.833333333333334,2,False,False
100000003062895100,,0.0,-1,0.0,,2,0,328444.0,0.0,0.000407650670955185,0.0,2,False,False
100000008376089100,,0.0,-1,0.0,,1,0,135000.0,0.0,0.000302435334778072,0.0,2,False,False
100000003219438100,,0.0,-1,0.0,,1,0,32000.0,0.0,0.0004471556370431053,0.0,2,False,False
100000000967918100,,0.0,-1,0.0,,1,0,21200.0,0.0,0.00047927096158051775,0.0,2,False,False
100000003254723100,,0.0,-1,0.0,,1,0,269850.0,0.0,0.00053004366318591,0.0,2,False,False
100000003823811100,,0.0,-1,0.0,,1,3,30000.0,66130.0,0.0003569753080281231,2.2043333333333335,2,False,False
100000008587459100,,0.0,-1,0.0,,2,2,181507.0,686500.0,0.00030075681163842634,3.782223275135394,2,False,False
100000008603331100,,0.0,-1,0.0,,2,6,39500.0,741774.0,0.0003442340297094514,18.779088607594936,2,False,False
100000008758168100,,0.0,-1,0.0,,2,5,75410.0,1533600.0,0.0003183672512790776,20.33682535472749,2,False,False
100000003724440100,,0.0,-1,0.0,,2,0,50000.0,0.0,0.00030808789580780914,0.0,2,False,False
100000000291906100,,0.0,-1,0.0,,2,2,388000.0,455854.0,0.0007629373053537487,1.1748814432989692,2,False,False
100000005077484100,,0.0,-1,0.0,,1,2,150000.0,13550.0,0.0005397108639201059,0.09033333333333333,2,False,False
100000004192107100,,0.0,-1,0.0,,1,0,25000.0,0.0,0.0002993001243079831,0.0,2,False,False
100000002193259100,,0.0,-1,0.0,,2,3,48000.0,58000.0,0.0008908421386694424,1.2083333333333333,2,False,False
100000005481280100,,0.0,-1,0.0,,1,3,32700.0,50000.0,0.0002959725024799912,1.529051987767584,2,False,False
100000004527381100,,0.0,-1,0.0,,1,1,119333.17,273866.11,0.0003754989642558976,2.2949705433954364,2,False,False
100000001578517100,,0.0,-1,0.0,,1,0,30000.0,0.0,0.00029053829816639534,0.0,2,False,False
100000003741418100,,0.0,-1,0.0,,9,3,151900.0,39920.0,0.0006325013799441044,0.2628044766293614,2,False,False
100000008737514100,,0.0,-1,0.0,,1,0,85000.0,0.0,0.0003126112728818023,0.0,2,False,False
100000002870463100,,0.0,-1,0.0,,3,1,207000.0,10000.0,0.0019299755548282868,0.04830917874396135,2,False,False
100000008545727100,,0.0,-1,0.0,,1,6,30000.0,1866500.0,0.00033870100433984517,62.21666666666667,2,False,False
100000000425407100,,0.0,-1,0.0,,1,0,20000.0,0.0,0.00030509459327138135,0.0,2,False,False
100000001418900100,,0.0,-1,0.0,,1,0,40140.0,0.0,0.00029920233586476936,0.0,2,False,False
100000001677929100,,0.0,-1,0.0,,3,2,126777.0,286098.0,0.003334091954588855,2.2567027142147236,2,False,False
100000002539625100,,0.0,-1,0.0,,1,0,94700.0,0.0,0.0003450202078597562,0.0,2,False,False
100000001965374100,,0.0,-1,0.0,,2,3,1759720.0,3082100.0,0.001281655626060873,1.7514718250630783,2,False,False
100000001287955100,,0.0,-1,0.0,,1,4,17520.0,310000.0,0.0002939168313087527,17.69406392694064,2,False,False
100000005402643100,,0.0,-1,0.0,,1,1,127800.0,90000.0,0.0002975952292869964,0.704225352112676,2,False,False
100000008752616100,,0.0,-1,0.0,,2,7,64510.0,1265000.0,0.00031306069757078167,19.6093628894745,2,False,False
100000000733373100,,0.0,-1,0.0,,1,0,10710.0,0.0,0.00030578139777600477,0.0,2,False,False
100000008531133100,,0.0,-1,0.0,,1,3,25000.0,158271.68,0.0005327484529006037,6.3308672,2,False,False
100000005933757100,,0.0,-1,0.0,,4,34,1246000.0,3002628.0,0.000997985572013045,2.409813804173355,2,False,False
100000006490557100,,0.0,-1,0.0,,1,0,5000.0,0.0,0.0002861622896167226,0.0,2,False,False
100000008497298100,,0.0,-1,0.0,,1,0,600000.0,0.0,0.00034202908327694116,0.0,2,False,False
100000005168487100,,0.0,-1,0.0,,1,1,15000.0,103510.0,0.00181254731435578,6.900666666666667,2,False,False
100000005799271100,,0.0,-1,0.0,,1,0,45000.0,0.0,0.0005366730310712545,0.0,2,False,False
100000000912487100,,0.0,-1,0.0,,1,0,10000.0,0.0,0.00029168015431879206,0.0,2,False,False
100000007982908100,,0.0,-1,0.0,,1,0,31080.0,0.0,0.0002961252218307346,0.0,2,False,False
100000005413948100,,0.0,-1,0.0,,2,1,28215.0,5000.0,0.0018520392070328206,0.177210703526493,2,False,False
100000000724540100,,0.0,-1,0.0,,1,1,50000.0,100000.0,0.00030963471226613077,2.0,2,False,False
100000005730108100,,0.0,-1,0.0,,1,0,8000.0,0.0,0.0003586642630336029,0.0,2,False,False
100000002566204100,,0.0,-1,0.0,,1,0,80805.0,0.0,0.00032406945030607917,0.0,2,False,False
100000000625169100,,0.0,-1,0.0,,1,0,10000.0,0.0,0.00028896566732328953,0.0,2,False,False
100000001114385100,,0.0,-1,0.0,,1,0,29500.0,0.0,0.00029021989549549073,0.0,2,False,False
100000002964966100,,0.0,-1,0.0,,1,0,200000.0,0.0,0.00039541593494282827,0.0,2,False,False
100000008771814100,,0.0,-1,0.0,,1,0,23700.0,0.0,0.0002936186984785076,0.0,2,False,False
100000001241318100,,0.0,-1,0.0,,1,0,53000.0,0.0,0.0005308383624756592,0.0,2,False,False
100000001250022100,,0.0,-1,0.0,,1,0,50000.0,0.0,0.0002950458326603053,0.0,2,False,False
100000006534886100,,0.0,-1,0.0,,1,1,71700.0,167500.0,0.0011276985721232183,2.336122733612273,2,False,False
100000008655035100,,0.0,-1,0.0,,1,0,30000.0,0.0,0.0005401427143175893,0.0,2,False,False
100000005932987100,,0.0,-1,0.0,,1,0,25000.0,0.0,0.0004118086245499584,0.0,2,False,False
100000008636603100,,0.0,-1,0.0,,2,6,35460.0,159375.0,0.0003387006850594576,4.494500846023689,2,False,False
100000008710843100,,0.0,-1,0.0,,2,13,33944.0,1985500.0,0.00029287559446499275,58.49340089559274,2,False,False
100000000917179100,,0.0,-1,0.0,,1,0,94465.0,0.0,0.00042586253334482907,0.0,2,False,False
100000004209339100,,0.0,-1,0.0,,1,2,138500.0,238500.0,0.0008195334277812209,1.7220216606498195,2,False,False
100000008765627100,,0.0,-1,0.0,,1,0,60000.0,0.0,0.00029694114034890817,0.0,2,False,False
100000002443664100,,0.0,-1,0.0,,3,0,556880.0,0.0,0.0003387703864093913,0.0,2,False,False
100000008144528100,,0.0,-1,0.0,,5,0,1068202.6,0.0,0.001055538276590802,0.0,2,False,False
100000003988112100,,0.0,-1,0.0,,1,1,92000.0,64000.0,0.0005045477365705099,0.6956521739130435,2,False,False
100000008008463100,,0.0,-1,0.0,,1,0,54180.0,0.0,0.0002958380712741413,0.0,2,False,False
100000006679055100,,0.0,-1,0.0,,1,0,25000.0,0.0,0.0003008464444710437,0.0,2,False,False
100000007382543100,,0.0,-1,0.0,,3,5,218000.0,427000.0,0.0011904909010560457,1.9587155963302751,2,False,False
100000007749092100,,0.0,-1,0.0,,1,1,7650.0,70375.0,0.0018044164784854861,9.199346405228757,2,False,False
100000004221668100,,0.0,-1,0.0,,4,3,1128300.0,731440.0,0.0030901749053247364,0.6482673047948241,2,False,False
100000008174521100,,0.0,-1,0.0,,1,0,82110.0,0.0,0.00044052875483409733,0.0,2,False,False
100000002692750100,,0.0,-1,0.0,,3,1,112830.0,77000.0,0.0020142415855483,0.682442612780289,2,False,False
100000002173070100,,0.0,-1,0.0,,1,0,30000.0,0.0,0.00029053829816639534,0.0,2,False,False
100000005911352100,,0.0,-1,0.0,,2,3,15000.0,24000.0,0.000551734499856716,1.6,2,False,False
100000003068941100,,0.0,-1,0.0,,3,1,94000.0,25000.0,0.000320174383735057,0.26595744680851063,2,False,False
100000001420847100,,0.0,-1,0.0,,1,0,20000.0,0.0,0.00030282570687728154,0.0,2,False,False
100000005602999100,,0.0,-1,0.0,,1,2,5000.0,16000.0,0.0003048459777394544,3.2,2,False,False
100000000723383100,,0.0,-1,0.0,,1,2,6800.0,75000.0,0.0003893195549175227,11.029411764705882,2,False,False
100000006977207100,,0.0,-1,0.0,,1,15,414000.0,4157018.0,0.00034788547570970175,10.041106280193237,2,False,False
100000001273783100,,0.0,-1,0.0,,1,0,23200.0,0.0,0.0002966231104571262,0.0,2,False,False
100000000201868100,,0.0,-1,0.0,,1,1,190000.0,190000.0,0.0009746432509228604,1.0,2,False,False
100000007777377100,,0.0,-1,0.0,,1,2,456290.0,10000.0,0.0003611461879485204,0.021915886826360427,2,False,False
100000004192865100,,0.0,-1,0.0,,1,0,66666.0,0.0,0.0005558092873800479,0.0,2,False,False
100000006901046100,,0.0,-1,0.0,,1,1,75800.0,5500.0,0.0029998776847225033,0.07255936675461741,2,False,False
100000000437046100,,0.0,-1,0.0,,9,42,1107200.0,7606224.0,0.0007924860106097876,6.86978323699422,2,False,False
100000008765494100,,0.0,-1,0.0,,1,0,24000.0,0.0,0.0002937205896716876,0.0,2,False,False
100000008713270100,,0.0,-1,0.0,,1,3,30000.0,190000.0,0.00029125521728309953,6.333333333333333,2,False,False
100000003603979100,,0.0,-1,0.0,,1,0,165000.0,0.0,0.0005856463349534348,0.0,2,False,False
100000000943371100,,0.0,-1,0.0,,1,0,15500.0,0.0,0.00030597516384402423,0.0,2,False,False
100000008672480100,,0.0,-1,0.0,,1,0,13000.0,0.0,0.0002899845792550891,0.0,2,False,False
100000008691168100,,0.0,-1,0.0,,1,0,24000.0,0.0,0.0002937205896716876,0.0,2,False,False
100000003237045100,,0.0,-1,0.0,,1,1,340200.0,150000.0,0.00039413443206538995,0.4409171075837742,2,False,False
100000008736394100,,0.0,-1,0.0,,1,0,16000.0,0.0,0.00029100349118688865,0.0,2,False,False
100000004160650100,,0.0,-1,0.0,,2,10,75100.0,1489827.0,0.0003692276667102102,19.83790945406125,2,False,False
100000000629812100,,0.0,-1,0.0,,2,0,22000.0,0.0,0.0002979840074392023,0.0,2,False,False
100000000955444100,,0.0,-1,0.0,,1,0,6910.0,0.0,0.0003525283441776959,0.0,2,False,False
100000008731444100,,0.0,-1,0.0,,3,9,439000.0,879767.8,0.00035336188519380433,2.0040268792710707,2,False,False
100000008413748100,,0.0,-1,0.0,,2,18,26480.0,1377320.22,0.00039089149206356923,52.01360347432024,2,False,False
100000006787636100,,0.0,-1,0.0,,1,0,20000.0,0.0,0.0003581033949231403,0.0,2,False,False
100000005942793100,,0.0,-1,0.0,,4,0,55000.0,0.0,0.0003322322681540015,0.0,2,False,False
100000008730846100,,0.0,-1,0.0,,7,3,155042.0,363370.0,0.0005360575471708012,2.343687516930896,2,False,False
100000002570206100,,0.0,-1,0.0,,2,0,166959.6,0.0,0.0003185104657273645,0.0,2,False,False
100000000785800100,,0.0,-1,0.0,,1,1,19000.0,19000.0,0.0003566979785631403,1.0,2,False,False
100000007382152100,,0.0,-1,0.0,,1,0,5860.0,0.0,0.0002864808806193007,0.0,2,False,False
100000000910216100,,0.0,-1,0.0,,1,1,71000.0,52010.0,0.00032323954910943236,0.7325352112676057,2,False,False
100000003131016100,,0.0,-1,0.0,,1,1,405700.0,126000.0,0.0016774572234080627,0.31057431599704216,2,False,False
100000003221384100,,0.0,-1,0.0,,1,0,511200.0,0.0,0.00044820293531491734,0.0,2,False,False
100000002156381100,,0.0,-1,0.0,,2,1,61000.0,21800.0,0.0010807758307164093,0.35737704918032787,2,False,False
100000002779485100,,0.0,-1,0.0,,1,0,91000.0,0.0,0.0005469132844919467,0.0,2,False,False
100000008774237100,,0.0,-1,0.0,,1,1,50000.0,10000.0,0.0003103490467286019,0.2,2,False,False
100000002628146100,,0.0,-1,0.0,,1,0,30500.0,0.0,0.0003192156684704561,0.0,2,False,False
100000002852402100,,0.0,-1,0.0,,1,0,55000.0,0.0,0.00032701738322827895,0.0,2,False,False
100000006989106100,,0.0,-1,0.0,,1,0,64000.0,0.0,0.0004956408524122075,0.0,2,False,False
100000002958343100,,0.0,-1,0.0,,1,2,2900000.0,1390000.0,0.0006295066258876751,0.4793103448275862,2,False,False
100000008461532100,,0.0,-1,0.0,,2,8,565300.0,2530090.0,0.0007452506208527072,4.475658942154608,2,False,False
100000004400305100,,0.0,-1,0.0,,7,82,222800.0,5830181.0,0.00038581745349325076,26.167778276481148,2,False,False
100000000297649100,,0.0,-1,0.0,,1,1,40000.0,70600.0,0.0008091385858414708,1.765,2,False,False
100000003191430100,,0.0,-1,0.0,,1,0,180000.0,0.0,0.0005307375952815097,0.0,2,False,False
100000003275398100,,0.0,-1,0.0,,1,1,300000.0,20000.0,0.000434247809285157,0.06666666666666667,2,False,False
100000005203590100,,0.0,-1,0.0,,1,0,90000.0,0.0,0.0003026270634147168,0.0,2,False,False
100000008672603100,,0.0,-1,0.0,,1,0,21200.0,0.0,0.00029721303813419784,0.0,2,False,False
100000000718427100,,0.0,-1,0.0,,1,0,6000.0,0.0,0.00028760711808089006,0.0,2,False,False
100000003104347100,,0.0,-1,0.0,,1,1,418000.0,32000.0,0.00036431706006781635,0.07655502392344497,2,False,False
100000002974256100,,0.0,-1,0.0,,1,0,7200.0,0.0,0.0005319059485796735,0.0,2,False,False
100000007173936100,,0.0,-1,0.0,,1,0,10000.0,0.0,0.00028681863055512655,0.0,2,False,False
100000002744581100,,0.0,-1,0.0,,1,0,12000.0,0.0,0.00032495771137883774,0.0,2,False,False
100000000596954100,,0.0,-1,0.0,,1,2,120000.0,48100.0,0.0005156144546495897,0.4008333333333333,2,False,False
100000004950490100,,0.0,-1,0.0,,1,0,10000.0,0.0,0.0003306416631354998,0.0,2,False,False
100000008772058100,,0.0,-1,0.0,,1,0,50000.0,0.0,0.000302551159747284,0.0,2,False,False
100000000971908100,,0.0,-1,0.0,,1,0,89000.0,0.0,0.0003024375326458565,0.0,2,False,False
100000008687492100,,0.0,-1,0.0,,1,0,15000.0,0.0,0.0002906638538762888,0.0,2,False,False
100000003159641100,,0.0,-1,0.0,,4,1,64000.0,197800.0,0.0003052153968344313,3.090625,2,False,False
100000005326681100,,0.0,-1,0.0,,1,0,31228.0,0.0,0.0002955041990377069,0.0,2,False,False
100000006888238100,,0.0,-1,0.0,,1,1,18000.0,30000.0,0.0006097535591566922,1.6666666666666667,2,False,False
100000001290243100,,0.0,-1,0.0,,1,0,10000.0,0.0,0.00031994897355357534,0.0,2,False,False
100000008289539100,,0.0,-1,0.0,,1,0,14912.0,0.0,0.0002903134116978226,0.0,2,False,False
100000000821507100,,0.0,-1,0.0,,1,0,400000.0,0.0,0.0003355427477307164,0.0,2,False,False
100000003086040100,,0.0,-1,0.0,,1,0,10500.0,0.0,0.0005480623170204784,0.0,2,False,False
100000002969048100,,0.0,-1,0.0,,1,0,108470.0,0.0,0.00030612769671556627,0.0,2,False,False
100000002826669100,,0.0,-1,0.0,,1,0,159900.0,0.0,0.0004762394546257399,0.0,2,False,False
100000002293421100,,0.0,-1,0.0,,2,2,41000.0,47000.0,0.0009748338691844299,1.146341463414634,2,False,False
100000004732589100,,0.0,-1,0.0,,1,0,227520.0,0.0,0.0003939729265831237,0.0,2,False,False
100000003003821100,,0.0,-1,0.0,,1,0,40000.0,0.0,0.0004379372905540045,0.0,2,False,False
100000005237935150,,0.0,-1,0.0,,1,0,34508.0,0.0,0.0002979773495560411,0.0,2,False,False
100000004463277100,,0.0,-1,0.0,,1,0,35000.0,0.0,0.000691924518979246,0.0,2,False,False
100000006523053100,,0.0,-1,0.0,,1,0,5000.0,0.0,0.0005386541417252824,0.0,2,False,False
100000001954903100,,0.0,-1,0.0,,1,0,27118.0,0.0,0.000298489871320388,0.0,2,False,False
100000005328215100,,0.0,-1,0.0,,1,0,27000.0,0.0,0.00029843364932399574,0.0,2,False,False
100000004424023100,,0.0,-1,0.0,,1,1,50000.0,100000.0,0.000971714391152961,2.0,2,False,False
100000002299948100,,0.0,-1,0.0,,1,0,6750.0,0.0,0.00029301562294545036,0.0,2,False,False
100000005105153100,,0.0,-1,0.0,,1,0,30000.0,0.0,0.0004010169668275689,0.0,2,False,False
100000001985793100,,0.0,-1,0.0,,1,0,420000.0,0.0,0.0003726610761384928,0.0,2,False,False
100000003134934100,,0.0,-1,0.0,,4,0,379354.0,0.0,0.0004244791138523046,0.0,2,False,False
100000006240939100,,0.0,-1,0.0,,1,5,160000.0,778015.0,0.0003187471159015583,4.86259375,2,False,False
100000008656043100,,0.0,-1,0.0,,1,0,26200.0,0.0,0.0002944677917550073,0.0,2,False,False
100000002605184100,,0.0,-1,0.0,,1,0,140000.0,0.0,0.00039107352079071505,0.0,2,False,False
100000003157333100,,0.0,-1,0.0,,1,0,30000.0,0.0,0.00029125521728309953,0.0,2,False,False
100000007898453100,,0.0,-1,0.0,,1,2,24750.0,320000.0,0.0003330161085564525,12.929292929292929,2,False,False
100000002710570100,,0.0,-1,0.0,,1,0,225015.0,0.0,0.0005391306175502205,0.0,2,False,False
100000004979498100,,0.0,-1,0.0,,1,1,700000.0,200000.0,0.0013189827666274718,0.2857142857142857,2,False,False
100000001541418100,,0.0,-1,0.0,,2,0,96900.0,0.0,0.00030353063860818737,0.0,2,False,False
100000007797290100,,0.0,-1,0.0,,1,1,100000.0,20000.0,0.0003011253761628506,0.2,2,False,False
100000008683818100,,0.0,-1,0.0,,1,0,17400.0,0.0,0.0002914789834217285,0.0,2,False,False
100000006567935100,,0.0,-1,0.0,,1,0,200000.0,0.0,0.00031055602097400365,0.0,2,False,False
100000002132479100,,0.0,-1,0.0,,1,1,30000.0,20000.0,0.0006060232510344739,0.6666666666666666,2,False,False
100000002170580100,,0.0,-1,0.0,,1,0,150000.0,0.0,0.0003570379336989844,0.0,2,False,False
100000001232297100,,0.0,-1,0.0,,1,2,5000.0,45000.0,0.0002921518328065597,9.0,2,False,False
100000002028158100,,0.0,-1,0.0,,1,0,34800.0,0.0,0.00029664059842346733,0.0,2,False,False
100000005519998100,,0.0,-1,0.0,,3,3,182000.0,188000.0,0.0006524582538824906,1.032967032967033,2,False,False
100000002335358100,,0.0,-1,0.0,,1,0,140000.0,0.0,0.0006124866171005886,0.0,2,False,False
100000007289427100,,0.0,-1,0.0,,1,0,12300.0,0.0,0.0003736269529532968,0.0,2,False,False
100000004592467100,,0.0,-1,0.0,,1,0,7000.0,0.0,0.0002866229494599162,0.0,2,False,False
100000004993576100,,0.0,-1,0.0,,1,0,167000.0,0.0,0.00033869882876991924,0.0,2,False,False
100000001648936100,,0.0,-1,0.0,,1,0,92740.0,0.0,0.00030314637772139394,0.0,2,False,False
100000008512552100,,0.0,-1,0.0,,4,6,394360.0,1302275.0,0.00042587881968055106,3.3022492139162187,2,False,False
100000007629096100,,0.0,-1,0.0,,4,1,1075170.0,765205.0,0.0024724059471072494,0.7117060557865268,2,False,False
100000001601320100,,0.0,-1,0.0,,2,1,43500.0,46200.0,0.000811763739861756,1.0620689655172413,2,False,False
100000005782781100,,0.0,-1,0.0,,6,10,171888.0,1263597.0,0.0004875096527600848,7.351281066741134,2,False,False
100000002723538100,,0.0,-1,0.0,,3,12,105647.0,560499.0,0.0003203131606128599,5.305394379395534,2,False,False
100000002340562100,,0.0,-1,0.0,,1,0,36650.0,0.0,0.0005308569205030125,0.0,2,False,False
100000005939154100,,0.0,-1,0.0,,1,0,22000.0,0.0,0.0002936966648040269,0.0,2,False,False
100000004386258100,,0.0,-1,0.0,,3,3,61700.0,40000.0,0.0005336690126056149,0.6482982171799028,2,False,False
100000008406609100,,0.0,-1,0.0,,1,0,34000.0,0.0,0.00043050382065094834,0.0,2,False,False
100000007242833100,,0.0,-1,0.0,,1,1,107500.0,45000.0,0.0005138001156911178,0.4186046511627907,2,False,False
100000004698193100,,0.0,-1,0.0,,2,3,222700.0,38000.0,0.0008254145941905158,0.17063313875168387,2,False,False
100000002733905100,,0.0,-1,0.0,,3,2,100000.0,717839.0,0.0029169603294352297,7.17839,2,False,False
100000006912294100,,0.0,-1,0.0,,1,2,6335.09,30000.0,0.0004989220673206184,4.7355286191672095,2,False,False
100000003036198100,,0.0,-1,0.0,,1,0,15000.0,0.0,0.0002879340067316298,0.0,2,False,False
100000004687099100,,0.0,-1,0.0,,1,0,30000.0,0.0,0.0003342247396399686,0.0,2,False,False
100000005242320100,,0.0,-1,0.0,,2,21,365700.0,8936295.0,0.000500124131418561,24.43613617719442,2,False,False
100000008762832100,,0.0,-1,0.0,,1,1,150000.0,85000.0,0.000308147620844976,0.5666666666666667,2,False,False
100000002489253100,,0.0,-1,0.0,,1,0,51000.0,0.0,0.00030184449124919286,0.0,2,False,False
100000004756901100,,0.0,-1,0.0,,1,0,153248.0,0.0,0.0003109522914570363,0.0,2,False,False
100000008749989100,,0.0,-1,0.0,,1,0,16000.0,0.0,0.00029100349118688865,0.0,2,False,False
100000001380986100,,0.0,-1,0.0,,1,0,70170.0,0.0,0.000292172266547817,0.0,2,False,False
100000003089018100,,0.0,-1,0.0,,1,0,230000.0,0.0,0.0003072122133568235,0.0,2,False,False
100000008742266100,,0.0,-1,0.0,,1,0,21000.0,0.0,0.00029270167773988795,0.0,2,False,False
100000003044431100,,0.0,-1,0.0,,2,0,60000.0,0.0,0.00030245857854886894,0.0,2,False,False
100000003321423100,,0.0,-1,0.0,,1,0,100000.0,0.0,0.0006711029646605617,0.0,2,False,False
100000002540623100,,0.0,-1,0.0,,1,0,100000.0,0.0,0.00033321505387175324,0.0,2,False,False
100000004225615100,,0.0,-1,0.0,,1,0,90000.0,0.0,0.0002940382625762384,0.0,2,False,False
100000004820260100,,0.0,-1,0.0,,1,3,234200.0,215350.0,0.0014014565775826975,0.9195132365499573,2,False,False
100000000795129100,,0.0,-1,0.0,,1,0,332000.0,0.0,0.0003911920814716179,0.0,2,False,False
100000008213966100,,0.0,-1,0.0,,3,1,187004.0,436900.0,0.0019335519524195824,2.336313661739856,2,False,False
100000008478414100,,0.0,-1,0.0,,1,0,10000.0,0.0,0.00028896566732328953,0.0,2,False,False
100000001330595100,,0.0,-1,0.0,,3,1,87000.0,154000.0,0.0006755694259219613,1.7701149425287357,2,False,False
100000000076451100,,0.0,-1,0.0,,3,4,87707.0,58000.0,0.0013962008641423944,0.661292713238396,2,False,False
100000005664632100,,0.0,-1,0.0,,1,0,198620.0,0.0,0.00036514203992280307,0.0,2,False,False
100000002457464100,,0.0,-1,0.0,,1,0,66647.0,0.0,0.0003221740395394653,0.0,2,False,False
100000002757240100,,0.0,-1,0.0,,1,0,51183.0,0.0,0.00031684650947480416,0.0,2,False,False
100000003718221100,,0.0,-1,0.0,,2,4,350000.0,423500.0,0.001043468286601379,1.21,2,False,False
100000008629581100,,0.0,-1,0.0,,1,0,54184.0,0.0,0.00031532894612265345,0.0,2,False,False
100000004806903100,,0.0,-1,0.0,,1,0,18000.0,0.0,0.0005335389049993343,0.0,2,False,False
100000000913911100,,0.0,-1,0.0,,2,1,467000.0,600000.0,0.0004594431862388912,1.284796573875803,2,False,False
100000004905207100,,0.0,-1,0.0,,1,0,380000.0,0.0,0.00043470347319123927,0.0,2,False,False
100000003831201100,,0.0,-1,0.0,,1,0,40500.0,0.0,0.0005343335334517985,0.0,2,False,False
100000003073398100,,0.0,-1,0.0,,1,0,92960.0,0.0,0.0003031880744905432,0.0,2,False,False
100000008418934100,,0.0,-1,0.0,,1,0,360000.0,0.0,0.00031944516765308105,0.0,2,False,False
100000002741024100,,0.0,-1,0.0,,5,6,817980.85,434989.0,0.0028551865328902163,0.5317838431058625,2,False,False
100000008106997100,,0.0,-1,0.0,,2,1,35600.0,20600.0,0.0003053704876347346,0.5786516853932584,2,False,False
100000007998965100,,0.0,-1,0.0,,5,1,278000.0,26000.0,0.0004719217907251261,0.09352517985611511,2,False,False
100000001822623100,,0.0,-1,0.0,,1,0,201300.0,0.0,0.0003234925604032018,0.0,2,False,False
100000006424479100,,0.0,-1,0.0,,1,2,500000.0,220000.0,0.0009438231531441734,0.44,2,False,False
100000008696692100,,0.0,-1,0.0,,1,0,19000.0,0.0,0.00029202240311868824,0.0,2,False,False
100000002748532100,,0.0,-1,0.0,,3,2,355575.0,646685.0,0.0003391055199443405,1.8187021022287844,2,False,False
100000004456564100,,0.0,-1,0.0,,1,0,10000.0,0.0,0.00039238727982301855,0.0,2,False,False
100000001530740100,,0.0,-1,0.0,,1,0,15000.0,0.0,0.0005298197024409161,0.0,2,False,False
100000001386612100,,0.0,-1,0.0,,1,0,62264.0,0.0,0.0004337700956812129,0.0,2,False,False
100000003360542100,,0.0,-1,0.0,,2,2,317000.0,51800.0,0.0014564325480065504,0.16340694006309148,2,False,False
100000008352542100,,0.0,-1,0.0,,1,0,50220.0,0.0,0.00033147541987125204,0.0,2,False,False
100000001138376100,,0.0,-1,0.0,,1,0,15300.0,0.0,0.00029043685037690294,0.0,2,False,False
100000003246024100,,0.0,-1,0.0,,1,1,25000.0,5000.0,0.0003713400564301804,0.2,2,False,False
100000002680477100,,0.0,-1,0.0,,1,0,25000.0,0.0,0.00029455855419957777,0.0,2,False,False
100000005882013100,,0.0,-1,0.0,,2,1,135000.0,10000.0,0.0005264244942722106,0.07407407407407407,2,False,False
100000005665181100,,0.0,-1,0.0,,4,11,45498.0,181915.0,0.0003985397345805535,3.998307617917271,2,False,False
100000008141170100,,0.0,-1,0.0,,1,0,11000.0,0.0,0.0006219001408928704,0.0,2,False,False
100000001382002100,,0.0,-1,0.0,,1,1,55000.0,56500.0,0.0006633074267595731,1.0272727272727273,2,False,False
100000002481735100,,0.0,-1,0.0,,1,0,22436.0,0.0,0.00036270354277617874,0.0,2,False,False
100000000806727100,,0.0,-1,0.0,,1,1,45000.0,5000.0,0.0003458595620044754,0.1111111111111111,2,False,False
100000003039473100,,0.0,-1,0.0,,1,0,23000.0,0.0,0.0003122138956605188,0.0,2,False,False
100000005205745100,,0.0,-1,0.0,,1,0,6000.0,0.0,0.0003122614004459651,0.0,2,False,False
100000004356593100,,0.0,-1,0.0,,1,1,50000.0,10000.0,0.00029345166926508727,0.2,2,False,False
100000008688881100,,0.0,-1,0.0,,1,0,44211.0,0.0,0.0003005849993562214,0.0,2,False,False
100000008111003100,,0.0,-1,0.0,,6,1,222716.0,35000.0,0.00046962170073524596,0.15715081089818422,2,False,False
100000003016773100,,0.0,-1,0.0,,1,0,46555.0,0.0,0.00031479566469907517,0.0,2,False,False
100000004674799100,,0.0,-1,0.0,,1,0,140000.0,0.0,0.0007906731933061705,0.0,2,False,False
100000005834479100,,0.0,-1,0.0,,1,2,7500.0,14470.0,0.00028675165047446034,1.9293333333333333,2,False,False
100000003278020100,,0.0,-1,0.0,,1,0,190000.0,0.0,0.0003245512930395254,0.0,2,False,False
100000000831684100,,0.0,-1,0.0,,1,1,15000.0,50000.0,0.0018906089223340397,3.3333333333333335,2,False,False
100000000307908100,,0.0,-1,0.0,,1,0,5000.0,0.0,0.0002964337747494595,0.0,2,False,False
100000001782980100,,0.0,-1,0.0,,1,1,50000.0,596200.0,0.0003702831507848959,11.924,2,False,False
100000002454724100,,0.0,-1,0.0,,1,0,125000.0,0.0,0.00030118599844023634,0.0,2,False,False
100000005904580100,,0.0,-1,0.0,,2,0,72000.0,0.0,0.0005227099859368698,0.0,2,False,False
100000008474308100,,0.0,-1,0.0,,1,1,14000.0,10000.0,0.0004450220360099154,0.7142857142857143,2,False,False
100000000795033100,,0.0,-1,0.0,,1,0,18200.0,0.0,0.0005330176535576376,0.0,2,False,False
100000000861294100,,0.0,-1,0.0,,1,0,150000.0,0.0,0.00031399890954633404,0.0,2,False,False
100000006557763100,,0.0,-1,0.0,,1,0,10000.0,0.0,0.0003471751881752853,0.0,2,False,False
100000005608515100,,0.0,-1,0.0,,1,0,64000.0,0.0,0.0002931596353300166,0.0,2,False,False
100000003922499100,,0.0,-1,0.0,,1,0,50000.0,0.0,0.0005352399237782651,0.0,2,False,False
100000008603629100,,0.0,-1,0.0,,19,61,1817300.0,4986156.0,0.0011918072731347837,2.7437165025037142,2,False,False
100000004825069100,,0.0,-1,0.0,,1,0,30000.0,0.0,0.00029575841353528677,0.0,2,False,False
100000004331458100,,0.0,-1,0.0,,2,0,250000.0,0.0,0.0013234381164598692,0.0,2,False,False
100000002911170100,,0.0,-1,0.0,,1,0,300000.0,0.0,0.00032304938435236,0.0,2,False,False
100000008011159100,,0.0,-1,0.0,,3,5,363000.0,153037.0,0.0004861091667224926,0.4215895316804408,2,False,False
100000003854444100,,0.0,-1,0.0,,1,14,210000.0,2322909.0,0.00046676162714719263,11.061471428571428,2,False,False
100000008547948100,,0.0,-1,0.0,,6,26,212665.0,5185600.0,0.0004277037249167612,24.383890155878966,2,False,False
100000005175148100,,0.0,-1,0.0,,2,1,79000.0,15000.0,0.0007181459635567832,0.189873417721519,2,False,False
100000002087788100,,0.0,-1,0.0,,1,0,100500.0,0.0,0.0006585724738436675,0.0,2,False,False
100000004150593100,,0.0,-1,0.0,,1,11,57000.0,871165.0,0.0003066265725556523,15.28359649122807,2,False,False
100000001597505100,,0.0,-1,0.0,,1,1,26460.0,12920.0,0.00031475890283167617,0.48828420256991684,2,False,False
100000007629121100,,0.0,-1,0.0,,1,0,29000.0,0.0,0.0003960360915614083,0.0,2,False,False
100000005614315100,,0.0,-1,0.0,,1,0,455000.0,0.0,0.0005750924282981935,0.0,2,False,False
100000008324800100,,0.0,-1,0.0,,3,1,526500.0,511000.0,0.0018517826355651504,0.9705603038936372,2,False,False
100000005030592100,,0.0,-1,0.0,,1,0,10000.0,0.0,0.0002887507034719393,0.0,2,False,False
100000001633685100,,0.0,-1,0.0,,3,0,45000.0,0.0,0.0003061866332400334,0.0,2,False,False
100000001848426100,,0.0,-1,0.0,,1,0,95530.0,0.0,0.0003036751685665142,0.0,2,False,False
100000004580202100,,0.0,-1,0.0,,1,3,9000.0,45000.0,0.00032162328322811565,5.0,2,False,False
100000008717375100,,0.0,-1,0.0,,1,0,29506.0,0.0,0.0003017749691235294,0.0,2,False,False
100000007861311100,,0.0,-1,0.0,,1,0,45000.0,0.0,0.0003585524623513075,0.0,2,False,False
100000005578559100,,0.0,-1,0.0,,2,21,131000.0,893163.67,0.0003910151132301349,6.818043282442749,2,False,False
100000008764436100,,0.0,-1,0.0,,1,0,13100.0,0.0,0.00029001854298614906,0.0,2,False,False
100000000190228100,,0.0,-1,0.0,,1,1,5000.0,28560.0,0.0005820068181865647,5.712,2,False,False
100000003971049100,,0.0,-1,0.0,,1,0,55900.0,0.0,0.00029426514402485876,0.0,2,False,False
100000008743913100,,0.0,-1,0.0,,3,13,149300.0,1850600.0,0.00033210781237653756,12.395177494976558,2,False,False
100000004400361100,,0.0,-1,0.0,,1,0,10000.0,0.0,0.0002872256288669924,0.0,2,False,False
100000002175422100,,0.0,-1,0.0,,3,6,68500.0,1621188.0,0.0008458861317816028,23.66697810218978,2,False,False
100000004544958100,,0.0,-1,0.0,,1,2,168000.0,23200.0,0.001214607508891017,0.1380952380952381,2,False,False
100000008466579100,,0.0,-1,0.0,,2,17,36952.0,1933000.0,0.0003534138885849357,52.31110630006495,2,False,False
100000001184915100,,0.0,-1,0.0,,1,0,201000.0,0.0,0.00034951562023572384,0.0,2,False,False
100000004435304100,,0.0,-1,0.0,,1,0,26200.0,0.0,0.0002944677917550073,0.0,2,False,False
100000008762728100,,0.0,-1,0.0,,1,0,17026.0,0.0,0.00031770106594377663,0.0,2,False,False
100000004285800100,,0.0,-1,0.0,,1,1,5000.0,15000.0,0.0003442181347833002,3.0,2,False,False
100000008557672100,,0.0,-1,0.0,,1,0,49125.0,0.0,0.0003022539771005091,0.0,2,False,False
100000005142589100,,0.0,-1,0.0,,1,0,50000.0,0.0,0.0003103697710860754,0.0,2,False,False
100000003747133100,,0.0,-1,0.0,,5,2,237068.0,250000.0,0.0003780707341340088,1.0545497494389795,2,False,False
100000003289405100,,0.0,-1,0.0,,1,0,355000.0,0.0,0.00033900466723614563,0.0,2,False,False
100000002691858100,,0.0,-1,0.0,,1,0,51500.0,0.0,0.000342382024513619,0.0,2,False,False
100000007534354100,,0.0,-1,0.0,,1,3,50000.0,147810.0,0.00030354781418186465,2.9562,2,False,False
100000000765628100,,0.0,-1,0.0,,1,0,5000.0,0.0,0.0003154241694621746,0.0,2,False,False
100000004962193100,,0.0,-1,0.0,,8,0,900468.0,0.0,0.0006573150442725716,0.0,2,False,False
100000005032294100,,0.0,-1,0.0,,1,0,10000.0,0.0,0.00039238727982301855,0.0,2,False,False
100000001251686100,,0.0,-1,0.0,,1,0,18000.0,0.0,0.0002965688423999929,0.0,2,False,False
100000002398779100,,0.0,-1,0.0,,13,1,1095690.0,66000.0,0.0016005031258790243,0.06023601566136407,2,False,False
100000008512827100,,0.0,-1,0.0,,3,10,107949.0,1944500.0,0.0003352561979240575,18.01313583266172,2,False,False
100000003943483100,,0.0,-1,0.0,,1,0,10000.0,0.0,0.0003289649862338494,0.0,2,False,False
100000005031696100,,0.0,-1,0.0,,1,2,5000.0,115000.0,0.0005397118809391454,23.0,2,False,False
100000002703376100,,0.0,-1,0.0,,1,0,46501.0,0.0,0.00029280302788279564,0.0,2,False,False
100000003617552100,,0.0,-1,0.0,,1,0,25000.0,0.0,0.0005510452542740759,0.0,2,False,False
100000007617808100,,0.0,-1,0.0,,1,0,450000.0,0.0,0.0003601043534538582,0.0,2,False,False
100000002613776100,,0.0,-1,0.0,,1,0,30000.0,0.0,0.00030148630332664647,0.0,2,False,False
100000002578405100,,0.0,-1,0.0,,2,116,1200351.0,3108352.0,0.0005700071256448129,2.589535894084314,2,False,False
100000006161893100,,0.0,-1,0.0,,1,0,14000.0,0.0,0.0005318535188146678,0.0,2,False,False
100000002633701100,,0.0,-1,0.0,,1,0,266850.0,0.0,0.00031067978540157034,0.0,2,False,False
100000002432143100,,0.0,-1,0.0,,1,0,81310.0,0.0,0.00033525669770259663,0.0,2,False,False
100000000490383100,,0.0,-1,0.0,,3,8,62600.0,461375.0,0.0005480373500605439,7.37020766773163,2,False,False
100000005809252100,,0.0,-1,0.0,,1,0,25000.0,0.0,0.000567128634229815,0.0,2,False,False
100000006612238100,,0.0,-1,0.0,,1,1,160000.0,25000.0,0.00033991126391326877,0.15625,2,False,False
100000002593038100,,0.0,-1,0.0,,1,0,28500.0,0.0,0.0006586124144995191,0.0,2,False,False
100000002947299100,,0.0,-1,0.0,,1,0,85000.0,0.0,0.0003375116050800505,0.0,2,False,False
100000004336312100,,0.0,-1,0.0,,3,2,90415.0,72650.0,0.0006960070275624512,0.8035171155228668,2,False,False
100000001308856100,,0.0,-1,0.0,,1,0,27000.0,0.0,0.0002947395016034872,0.0,2,False,False
100000008238989100,,0.0,-1,0.0,,1,0,200000.0,0.0,0.000323247651083571,0.0,2,False,False
100000005561741100,,0.0,-1,0.0,,1,0,25000.0,0.0,0.00032984571931941946,0.0,2,False,False
100000006248077100,,0.0,-1,0.0,,1,0,50000.0,0.0,0.00029385096746579835,0.0,2,False,False
100000000646541100,,0.0,-1,0.0,,3,0,25300.0,0.0,0.0005058630830440055,0.0,2,False,False
100000006595426100,,0.0,-1,0.0,,1,0,84800.0,0.0,0.00033431978040964773,0.0,2,False,False
100000002956898100,,0.0,-1,0.0,,2,0,290240.0,0.0,0.000376841314812201,0.0,2,False,False
100000001262647100,,0.0,-1,0.0,,1,0,23650.0,0.0,0.00030339197249201576,0.0,2,False,False
100000005849100100,,0.0,-1,0.0,,1,0,33300.0,0.0,0.0004907169210974125,0.0,2,False,False
100000000533217100,,0.0,-1,0.0,,1,0,53587.0,0.0,0.0006536029907362595,0.0,2,False,False
100000002812641100,,0.0,-1,0.0,,1,1,10000.0,7023.95,0.0020638538513460323,0.702395,2,False,False
100000008647905100,,0.0,-1,0.0,,1,2,50000.0,344222.0,0.0003287103258672675,6.88444,2,False,False
100000002842337100,,0.0,-1,0.0,,1,0,50000.0,0.0,0.0003666617032550871,0.0,2,False,False
100000002445750100,,0.0,-1,0.0,,1,1,70000.0,10000.0,0.0005372906870343848,0.14285714285714285,2,False,False
100000005619339100,,0.0,-1,0.0,,1,1,5000.0,5442.6,0.0003208258534858518,1.0885200000000002,2,False,False
100000006844768100,,0.0,-1,0.0,,1,2,282000.0,188000.0,0.0013707774167539043,0.6666666666666666,2,False,False
100000002488629100,,0.0,-1,0.0,,1,0,73050.0,0.0,0.00029941451688253495,0.0,2,False,False
100000002796853100,,0.0,-1,0.0,,1,1,199000.0,46167.62,0.002113598432710708,0.23199809045226133,2,False,False
100000006755850100,,0.0,-1,0.0,,1,0,443475.8,0.0,0.0006492085817124323,0.0,2,False,False
100000008733194100,,0.0,-1,0.0,,4,8,251424.0,159695.0,0.00047072559440912876,0.6351621165839378,2,False,False
100000001904863100,,0.0,-1,0.0,,1,0,500000.0,0.0,0.0004817984770777493,0.0,2,False,False
100000001641951100,,0.0,-1,0.0,,1,0,25000.0,0.0,0.0003190638874323934,0.0,2,False,False
100000004816564100,,0.0,-1,0.0,,1,1,285480.0,5000.0,0.0003763921656189936,0.01751436177665686,2,False,False
100000002205022100,,0.0,-1,0.0,,1,3,7100.0,518000.0,0.0005456370301467019,72.95774647887323,2,False,False
100000002267998100,,0.0,-1,0.0,,2,3,420000.0,1115000.0,0.0015848317238056795,2.6547619047619047,2,False,False
100000002199091100,,0.0,-1,0.0,,1,0,65000.0,0.0,0.0003076457194062819,0.0,2,False,False
100000008571443100,,0.0,-1,0.0,,2,0,65000.0,0.0,0.00031474857317144927,0.0,2,False,False
100000002742067100,,0.0,-1,0.0,,1,0,12730.0,0.0,0.0002896192281984583,0.0,2,False,False
100000003292979100,,0.0,-1,0.0,,1,0,48950.0,0.0,0.0003303145122730734,0.0,2,False,False
100000002558173100,,0.0,-1,0.0,,1,0,9300.0,0.0,0.0002958286804649773,0.0,2,False,False
100000004687282100,,0.0,-1,0.0,,1,0,20000.0,0.0,0.0003322717689149048,0.0,2,False,False
100000003034546100,,0.0,-1,0.0,,1,0,486715.0,0.0,0.000331369004604237,0.0,2,False,False
100000003798151100,,0.0,-1,0.0,,1,0,350000.0,0.0,0.0005753929174195443,0.0,2,False,False
100000008710791100,,0.0,-1,0.0,,3,23,181510.0,5521511.0,0.00033426219607625717,30.41987218335078,2,False,False
100000008688476100,,0.0,-1,0.0,,1,0,24000.0,0.0,0.0002937205896716876,0.0,2,False,False
100000003242289100,,0.0,-1,0.0,,3,23,550791.0,2377741.0,0.00043972170428539667,4.316956885642648,2,False,False
100000006564102100,,0.0,-1,0.0,,1,0,233235.0,0.0,0.00042809593979465266,0.0,2,False,False
100000001526235100,,0.0,-1,0.0,,3,8,82000.0,432750.0,0.0008778562267377687,5.277439024390244,2,False,False
100000004398811100,,0.0,-1,0.0,,1,3,426000.0,1040672.0,0.00034969174183991655,2.4428920187793426,2,False,False
100000002957787100,,0.0,-1,0.0,,4,34,84956.0,1276153.96,0.0006138323786231608,15.02135175855737,2,False,False
100000002621915100,,0.0,-1,0.0,,1,0,5000.0,0.0,0.000532039201173054,0.0,2,False,False
100000008283183100,,0.0,-1,0.0,,1,0,29000.0,0.0,0.0002954187762246869,0.0,2,False,False
100000003843844100,,0.0,-1,0.0,,1,1,16680.0,238000.0,0.00029174384813368293,14.268585131894485,3,False,False
100000000954884100,,0.0,-1,0.0,,1,0,34000.0,0.0,0.00031150191855239327,0.0,3,False,False
100000005893892100,,0.0,-1,0.0,,1,0,102780.0,0.0,0.0002889003091286252,0.0,3,False,False
100000001819396100,,0.0,-1,0.0,,1,0,166080.0,0.0,0.0003272175623678337,0.0,3,False,False
100000008472324100,,0.0,-1,0.0,,1,0,205200.0,0.0,0.0002922196567372928,0.0,3,False,False
100000002646745100,,0.0,-1,0.0,,1,0,12300.0,0.0,0.00028748905090124,0.0,3,False,False
100000008405209100,,0.0,-1,0.0,,1,0,54400.0,0.0,0.00029413180237518533,0.0,3,False,False
100000004417753100,,0.0,-1,0.0,,2,0,192099.0,0.0,0.00039314677564997663,0.0,3,False,False
100000003457710100,,0.0,-1,0.0,,1,1,326555.0,1306000.0,0.0002961526720570531,3.999326300316945,3,False,False
100000007333038100,,0.0,-1,0.0,,1,2,17500.0,34994.0,0.00029968918055683897,1.9996571428571428,3,False,False
100000006444163100,,0.0,-1,0.0,,1,0,6026.0,0.0,0.00031891138227469064,0.0,3,False,False
100000008706947100,,0.0,-1,0.0,,1,0,17200.0,0.0,0.000288253832019236,0.0,3,False,False
100000008761219100,,0.0,-1,0.0,,2,2,50000.0,375000.0,0.00029284083313645565,7.5,3,False,False
100000005022552100,,0.0,-1,0.0,,1,1,241000.0,5000.0,0.00035775639372368753,0.02074688796680498,3,False,False
100000008735832100,,0.0,-1,0.0,,1,0,17600.0,0.0,0.00028831626313090915,0.0,3,False,False
100000005661528100,,0.0,-1,0.0,,1,0,25000.0,0.0,0.0002910914967995321,0.0,3,False,False
100000002529880100,,0.0,-1,0.0,,2,0,147000.0,0.0,0.0003061335485198567,0.0,3,False,False
100000001969496100,,0.0,-1,0.0,,1,0,22740.0,0.0,0.0002919967925367141,0.0,3,False,False
100000003215448100,,0.0,-1,0.0,,1,2,91309.0,124000.0,0.00030414693187081325,1.3580260434349298,3,False,False
100000006894637100,,0.0,-1,0.0,,1,0,52831.0,0.0,0.0002902544663373193,0.0,3,False,False
100000002936322100,,0.0,-1,0.0,,2,0,787133.0,0.0,0.00036638128696323154,0.0,3,False,False
100000005061890100,,0.0,-1,0.0,,1,0,90000.0,0.0,0.0005346252088600028,0.0,3,False,False
100000004017410100,,0.0,-1,0.0,,2,5,193650.0,1330915.0,0.0011315419625793077,6.872785954040795,3,False,False
100000002983426100,,0.0,-1,0.0,,1,0,88945.0,0.0,0.0003187086222678441,0.0,3,False,False
100000005530114100,,0.0,-1,0.0,,2,1,136970.0,25000.0,0.000494873801534529,0.1825217200846901,3,False,False
100000001169666100,,0.0,-1,0.0,,1,1,220000.0,24000.0,0.0003195447456388584,0.10909090909090909,3,False,False
100000001784279100,,0.0,-1,0.0,,1,0,35674.0,0.0,0.00028873294491877093,0.0,3,False,False
100000008744364100,,0.0,-1,0.0,,1,0,23700.0,0.0,0.00028926833758392454,0.0,3,False,False
100000008714412100,,0.0,-1,0.0,,1,0,169000.0,0.0,0.0003116686182638587,0.0,3,False,False
100000007754369100,,0.0,-1,0.0,,1,0,82424.0,0.0,0.00029287884025694984,0.0,3,False,False
100000003122817100,,0.0,-1,0.0,,1,0,444680.0,0.0,0.0003970827328082313,0.0,3,False,False
100000003711830100,,0.0,-1,0.0,,1,0,50000.0,0.0,0.00029574224412010574,0.0,3,False,False
100000001110358100,,0.0,-1,0.0,,2,0,32000.0,0.0,0.00029298593062142844,0.0,3,False,False
100000006530134100,,0.0,-1,0.0,,2,0,144663.0,0.0,0.0002990877788977742,0.0,3,False,False
100000001639766100,,0.0,-1,0.0,,1,0,20000.0,0.0,0.0006506628579150655,0.0,3,False,False
100000003242795100,,0.0,-1,0.0,,1,0,111000.0,0.0,0.00028916671253951414,0.0,3,False,False
100000004970752100,,0.0,-1,0.0,,1,0,10000.0,0.0,0.0007428614561261706,0.0,3,False,False
100000004564736100,,0.0,-1,0.0,,1,0,15000.0,0.0,0.00037675536447064306,0.0,3,False,False
100000005873152100,,0.0,-1,0.0,,1,1,10000.0,10000.0,0.0004674555308962058,1.0,3,False,False
100000001637376100,,0.0,-1,0.0,,1,1,116700.0,234250.0,0.0002893514448317364,2.0072836332476434,3,False,False
100000006710485100,,0.0,-1,0.0,,1,0,20000.0,0.0,0.000288690849800948,0.0,3,False,False
100000003582677100,,0.0,-1,0.0,,2,4,29756.989999999998,56000.0,0.00029329270913900144,1.881910771217116,3,False,False
100000008713685100,,0.0,-1,0.0,,1,0,49700.0,0.0,0.0002933263598426788,0.0,3,False,False
100000008070101100,,0.0,-1,0.0,,1,0,100000.0,0.0,0.00029258785293762344,0.0,3,False,False
100000004475818100,,0.0,-1,0.0,,1,3,13000.0,53989.0,0.0003098079503095039,4.153,3,False,False
100000007197866100,,0.0,-1,0.0,,1,1,20000.0,15000.0,0.0002896384741784168,0.75,3,False,False
100000006965162100,,0.0,-1,0.0,,1,0,10000.0,0.0,0.0003092890887695541,0.0,3,False,False
100000005995391100,,0.0,-1,0.0,,1,0,17200.0,0.0,0.000288253832019236,0.0,3,False,False
100000003834495100,,0.0,-1,0.0,,3,1,602441.0,20000.0,0.0006208601664329539,0.0331982716979754,3,False,False
100000001223977100,,0.0,-1,0.0,,1,1,5000.0,18000.0,0.00030554127989763816,3.6,3,False,False
100000001046057100,,0.0,-1,0.0,,1,0,83420.0,0.0,0.00031851488108134123,0.0,3,False,False
100000002989353100,,0.0,-1,0.0,,1,2,500000.0,321160.0,0.00030938521828855235,0.64232,3,False,False
100000006714366100,,0.0,-1,0.0,,1,1,10500.0,5000.0,0.0002894561536970341,0.47619047619047616,3,False,False
100000001063678100,,0.0,-1,0.0,,1,2,35000.0,90000.0,0.00032774872839870327,2.5714285714285716,3,False,False
100000004889043100,,0.0,-1,0.0,,2,0,272000.0,0.0,0.0002984972459578193,0.0,3,False,False
100000002984403100,,0.0,-1,0.0,,1,1,20000.0,25000.0,0.00032010276016592864,1.25,3,False,False
100000003951827100,,0.0,-1,0.0,,1,2,9000.0,17000.0,0.0002860761739207681,1.8888888888888888,3,False,False
100000000933075100,,0.0,-1,0.0,,1,2,40000.0,55000.0,0.0008086964755110837,1.375,3,False,False
100000008502995100,,0.0,-1,0.0,,1,0,25000.0,0.0,0.0007270949451502088,0.0,3,False,False
100000008086440100,,0.0,-1,0.0,,1,5,199733.0,161300.0,0.0003376739457034379,0.8075781167859092,3,False,False
100000008465789100,,0.0,-1,0.0,,1,16,30099.0,1858100.0,0.0002898880397943201,61.732947938469714,3,False,False
100000002550141100,,0.0,-1,0.0,,1,0,100586.0,0.0,0.0003077875449747836,0.0,3,False,False
100000008739887100,,0.0,-1,0.0,,2,2,214000.0,307000.0,0.0003333006339697427,1.4345794392523366,3,False,False
100000008532050100,,0.0,-1,0.0,,1,0,455156.0,0.0,0.0003003205242521543,0.0,3,False,False
100000008422226100,,0.0,-1,0.0,,1,0,87450.0,0.0,0.0002904944753360778,0.0,3,False,False
100000002369874100,,0.0,-1,0.0,,4,0,600000.0,0.0,0.0003373478549116593,0.0,3,False,False
100000003321895100,,0.0,-1,0.0,,1,2,24000.0,553830.0,0.00031125966376989726,23.07625,3,False,False
100000001875239100,,0.0,-1,0.0,,3,0,712000.0,0.0,0.00033397863057687676,0.0,3,False,False
100000002216999100,,0.0,-1,0.0,,1,0,23677.0,0.0,0.0002892647477950034,0.0,3,False,False
100000002653948100,,0.0,-1,0.0,,1,0,85200.0,0.0,0.0002883305558484028,0.0,3,False,False
100000008632060100,,0.0,-1,0.0,,1,9,6000.0,339200.0,0.0002880256481640291,56.53333333333333,3,False,False
100000008746449100,,0.0,-1,0.0,,1,10,10000.0,1009000.0,0.00028700414108164825,100.9,3,False,False
100000003031761100,,0.0,-1,0.0,,1,0,460408.0,0.0,0.0003183607828225481,0.0,3,False,False
100000008388049100,,0.0,-1,0.0,,1,0,496400.0,0.0,0.00030921374363523924,0.0,3,False,False
100000002677201100,,0.0,-1,0.0,,1,1,150000.0,87750.0,0.00030890584852738594,0.585,3,False,False
100000002901457100,,0.0,-1,0.0,,1,3,340000.0,119000.0,0.00037426561132708236,0.35,3,False,False
100000001160401100,,0.0,-1,0.0,,1,0,47190.0,0.0,0.00030488851800838674,0.0,3,False,False
100000002842321100,,0.0,-1,0.0,,1,0,160000.0,0.0,0.00029075476206914423,0.0,3,False,False
100000002547110100,,0.0,-1,0.0,,6,0,1500000.0,0.0,0.0005516278220472679,0.0,3,False,False
100000001600934100,,0.0,-1,0.0,,1,1,180300.0,11000.0,0.0023668517583921712,0.06100942872989462,3,False,False
100000002818726100,,0.0,-1,0.0,,1,0,10879.0,0.0,0.0002895964508153981,0.0,3,False,False
100000008712827100,,0.0,-1,0.0,,1,0,76000.0,0.0,0.0002974312054351879,0.0,3,False,False
100000008259451100,,0.0,-1,0.0,,1,0,55000.0,0.0,0.0003011151344797481,0.0,3,False,False
100000003060517100,,0.0,-1,0.0,,1,0,315955.0,0.0,0.00036188349261669046,0.0,3,False,False
100000002621434100,,0.0,-1,0.0,,1,0,81000.0,0.0,0.0002897423900896509,0.0,3,False,False
100000001860090100,,0.0,-1,0.0,,1,0,5000.0,0.0,0.00037803658179597294,0.0,3,False,False
100000004689658100,,0.0,-1,0.0,,1,1,456100.0,7092.0,0.0003863163581277,0.015549221661916246,3,False,False
100000003486970100,,0.0,-1,0.0,,1,0,150000.0,0.0,0.00029043067032840335,0.0,3,False,False
100000004659919100,,0.0,-1,0.0,,1,1,110000.0,39000.0,0.0007249529791849306,0.35454545454545455,3,False,False
100000006111439100,,0.0,-1,0.0,,3,4,20570.0,24000.0,0.00036550170106991627,1.166747690811862,3,False,False
100000002521039100,,0.0,-1,0.0,,1,0,349370.0,0.0,0.00030524580110660585,0.0,3,False,False
100000008493007100,,0.0,-1,0.0,,1,1,26150.0,26150.0,0.0002896507281429226,1.0,3,False,False
100000007793871100,,0.0,-1,0.0,,1,0,26000.0,0.0,0.0006872267875117613,0.0,3,False,False
100000001650895100,,0.0,-1,0.0,,1,1,153500.0,10000.0,0.00030927489327733915,0.06514657980456026,3,False,False
100000002567887100,,0.0,-1,0.0,,1,0,50915.0,0.0,0.00028721940731527283,0.0,3,False,False
100000008055972100,,0.0,-1,0.0,,1,0,28300.0,0.0,0.0002899862953681657,0.0,3,False,False
100000008684452100,,0.0,-1,0.0,,1,0,51800.0,0.0,0.0002936541231789628,0.0,3,False,False
100000000764836100,,0.0,-1,0.0,,1,2,251716.0,50000.0,0.00033678317937202955,0.1986365586613485,3,False,False
100000003072676100,,0.0,-1,0.0,,1,0,31545.0,0.0,0.00029318851653853617,0.0,3,False,False
100000008757369100,,0.0,-1,0.0,,1,1,25961.0,58398.0,0.0002878715741932152,2.249451099726513,3,False,False
100000007618425100,,0.0,-1,0.0,,1,0,39348.0,0.0,0.0002950732143281281,0.0,3,False,False
100000004671609100,,0.0,-1,0.0,,1,0,100000.0,0.0,0.00030024211151879094,0.0,3,False,False
100000004676985100,,0.0,-1,0.0,,1,1,32260.0,27102.0,0.0002873861763544214,0.8401115933044018,3,False,False
100000002531406100,,0.0,-1,0.0,,1,1,520000.0,500000.0,0.00032260508437457255,0.9615384615384616,3,False,False
100000002877262100,,0.0,-1,0.0,,1,0,100000.0,0.0,0.00029991776286086456,0.0,3,False,False
100000007591246100,,0.0,-1,0.0,,1,1,12190.0,120000.0,0.00029789309382384895,9.844134536505333,3,False,False
100000008712184100,,0.0,-1,0.0,,1,0,18000.0,0.0,0.0002883786942425823,0.0,3,False,False
100000002975437100,,0.0,-1,0.0,,1,1,530000.0,8500.0,0.000521005714309102,0.016037735849056604,3,False,False
100000005008589100,,0.0,-1,0.0,,1,0,42806.68,0.0,0.00030309402044475066,0.0,3,False,False
100000000782285100,,0.0,-1,0.0,,1,0,6151.0,0.0,0.0003196030120468737,0.0,3,False,False
100000005198498100,,0.0,-1,0.0,,1,0,28800.0,0.0,0.00029006433425775714,0.0,3,False,False
100000008517538100,,0.0,-1,0.0,,3,17,155500.0,1439000.0,0.00030701646079282416,9.254019292604502,3,False,False
100000005756535100,,0.0,-1,0.0,,1,0,20000.0,0.0,0.0005415991635083553,0.0,3,False,False
100000004917367100,,0.0,-1,0.0,,2,0,120000.0,0.0,0.0002940276420429223,0.0,3,False,False
100000001222263100,,0.0,-1,0.0,,1,1,745570.0,420000.0,0.0003097326021317051,0.5633273870998028,3,False,False
100000001149815100,,0.0,-1,0.0,,1,0,12000.0,0.0,0.00028744222756748515,0.0,3,False,False
100000006020215100,,0.0,-1,0.0,,1,2,30000.0,33800.0,0.00029667460701655716,1.1266666666666667,3,False,False
100000000673868100,,0.0,-1,0.0,,1,5,2030650.0,383000.0,0.0011728050936714379,0.18860955851574618,3,False,False
100000008749900100,,0.0,-1,0.0,,1,0,17150.0,0.0,0.00028824602813027684,0.0,3,False,False
100000002862113100,,0.0,-1,0.0,,1,0,47405.0,0.0,0.00029896839526532333,0.0,3,False,False
100000001066017100,,0.0,-1,0.0,,2,4,136123.0,82500.0,0.0003012384075340412,0.6060695106631503,3,False,False
100000008436257100,,0.0,-1,0.0,,2,0,35000.0,0.0,0.0002945798149854981,0.0,3,False,False
100000003016438100,,0.0,-1,0.0,,1,1,200000.0,300000.0,0.00031668469996408427,1.5,3,False,False
100000002534091100,,0.0,-1,0.0,,1,0,22200.0,0.0,0.00029636616273709014,0.0,3,False,False
100000006882208100,,0.0,-1,0.0,,1,0,18000.0,0.0,0.0006403184460375346,0.0,3,False,False
100000005362848100,,0.0,-1,0.0,,1,0,29000.0,0.0,0.00029637417941000597,0.0,3,False,False
100000001073568100,,0.0,-1,0.0,,1,2,707465.0,219503.0,0.000485535437513278,0.31026693900051594,3,False,False
100000008687733100,,0.0,-1,0.0,,1,0,14650.0,0.0,0.00028785583368231974,0.0,3,False,False
100000007229557100,,0.0,-1,0.0,,3,0,878000.0,0.0,0.00039420933069834953,0.0,3,False,False
100000001052789100,,0.0,-1,0.0,,1,0,70975.0,0.0,0.00029770710734911807,0.0,3,False,False
100000006967370100,,0.0,-1,0.0,,1,1,33225.0,13526.27,0.0002935942953782791,0.40711121143717083,3,False,False
100000001837130100,,0.0,-1,0.0,,1,0,172900.0,0.0,0.000300902455799561,0.0,3,False,False
100000005820746100,,0.0,-1,0.0,,1,1,1989000.0,60000.0,0.000989461905456685,0.030165912518853696,3,False,False
100000002883402100,,0.0,-1,0.0,,3,0,300000.0,0.0,0.0003006570717458922,0.0,3,False,False
100000008582730100,,0.0,-1,0.0,,1,1,5000.0,5000.0,0.0008925911171850297,1.0,3,False,False
100000003116106100,,0.0,-1,0.0,,1,0,494050.0,0.0,0.0003015810466685917,0.0,3,False,False
100000001818442100,,0.0,-1,0.0,,1,0,42215.0,0.0,0.00030129785381765185,0.0,3,False,False
100000008690762100,,0.0,-1,0.0,,1,0,26750.0,0.0,0.00028974437481043224,0.0,3,False,False
100000008712991100,,0.0,-1,0.0,,1,0,66100.0,0.0,0.00029588603542127765,0.0,3,False,False
100000003292191100,,0.0,-1,0.0,,1,0,112000.0,0.0,0.0002996284816997216,0.0,3,False,False
100000005367284100,,0.0,-1,0.0,,1,2,13700.0,48300.0,0.00028914323405377366,3.5255474452554743,3,False,False
100000003216073100,,0.0,-1,0.0,,1,1,37001.0,70000.0,0.0002882046043550016,1.891840761060512,3,False,False
100000006169033100,,0.0,-1,0.0,,1,3,49000.0,1140271.0,0.0004180416339687668,23.270836734693876,3,False,False
100000004407753100,,0.0,-1,0.0,,1,1,250000.0,100000.0,0.0008785641580238728,0.4,3,False,False
100000004420041100,,0.0,-1,0.0,,1,7,69638.0,651830.0,0.00029973777192393526,9.360263074758034,3,False,False
100000004715209100,,0.0,-1,0.0,,1,5,5000.0,350450.0,0.0002875439757603291,70.09,3,False,False
100000004580254100,,0.0,-1,0.0,,2,0,27940.0,0.0,0.0003122789899791896,0.0,3,False,False
100000001056414100,,0.0,-1,0.0,,1,0,250000.0,0.0,0.0002974772562529216,0.0,3,False,False
100000008686494100,,0.0,-1,0.0,,1,0,15700.0,0.0,0.00028801971535046174,0.0,3,False,False
100000002822472100,,0.0,-1,0.0,,2,0,266722.0,0.0,0.00031223557685989975,0.0,3,False,False
100000001831496100,,0.0,-1,0.0,,1,1,25000.0,373000.0,0.0002926355852456805,14.92,3,False,False
100000008732488100,,0.0,-1,0.0,,1,1,137000.0,10000.0,0.0003134431769510035,0.072992700729927,3,False,False
100000004007197100,,0.0,-1,0.0,,1,0,10048.0,0.0,0.00028768870831810195,0.0,3,False,False
100000002815005100,,0.0,-1,0.0,,1,0,476500.0,0.0,0.00031901272651967556,0.0,3,False,False
100000005756189100,,0.0,-1,0.0,,1,1,65000.0,49050.0,0.0002876758905321063,0.7546153846153846,3,False,False
100000004877085100,,0.0,-1,0.0,,1,3,25000.0,95600.0,0.00029482372155001277,3.824,3,False,False
100000002713074100,,0.0,-1,0.0,,2,1,700000.0,430000.0,0.00043360981661775996,0.6142857142857143,3,False,False
100000002356167100,,0.0,-1,0.0,,1,2,300000.0,29500.0,0.0002952920464395158,0.09833333333333333,3,False,False
100000004140487100,,0.0,-1,0.0,,1,10,24510.0,262600.0,0.000289427144859754,10.713994288045695,3,False,False
100000003147719100,,0.0,-1,0.0,,1,0,100000.0,0.0,0.00029072126443008105,0.0,3,False,False
100000008745884100,,0.0,-1,0.0,,1,0,20000.0,0.0,0.000288690849800948,0.0,3,False,False
100000002559089100,,0.0,-1,0.0,,2,0,715000.0,0.0,0.0003924259537320126,0.0,3,False,False
100000004984689100,,0.0,-1,0.0,,1,0,53030.0,0.0,0.0002963587248842163,0.0,3,False,False
100000004340038100,,0.0,-1,0.0,,1,1,9978.0,49000.0,0.0002892629212543268,4.910803768290238,3,False,False
100000005052998100,,0.0,-1,0.0,,1,1,9500.0,28400.0,0.0002861043339042946,2.9894736842105263,3,False,False
100000007597382100,,0.0,-1,0.0,,1,0,15700.0,0.0,0.00028607811825025404,0.0,3,False,False
100000008697670100,,0.0,-1,0.0,,1,0,25350.0,0.0,0.0002895258659195763,0.0,3,False,False
100000008460102100,,0.0,-1,0.0,,1,31,17500.0,476570.0,0.00029968918055683897,27.23257142857143,3,False,False
100000004399686100,,0.0,-1,0.0,,1,0,806000.0,0.0,0.0005708068229548232,0.0,3,False,False
100000008688155100,,0.0,-1,0.0,,1,0,23600.0,0.0,0.00028925272980600625,0.0,3,False,False
100000004386331100,,0.0,-1,0.0,,1,2,20000.0,17500.0,0.0005126940455197122,0.875,3,False,False
100000007999728100,,0.0,-1,0.0,,1,0,23250.0,0.0,0.00029214094487369326,0.0,3,False,False
100000001597424100,,0.0,-1,0.0,,1,0,48100.0,0.0,0.00029916483815591255,0.0,3,False,False
100000003677936100,,0.0,-1,0.0,,1,1,71000.0,13000.0,0.000308883638599444,0.18309859154929578,3,False,False
100000002943472100,,0.0,-1,0.0,,1,0,170000.0,0.0,0.00030996169091136613,0.0,3,False,False
100000004892144100,,0.0,-1,0.0,,2,1,4500000.0,180300.0,0.0027832036872124303,0.04006666666666667,3,False,False
100000008077552100,,0.0,-1,0.0,,1,0,214000.0,0.0,0.00032910951980133827,0.0,3,False,False
100000002914245100,,0.0,-1,0.0,,1,0,140611.0,0.0,0.00029558398554384,0.0,3,False,False
100000004906181100,,0.0,-1,0.0,,1,7,100000.0,2473417.91,0.00028881021162469923,24.734179100000002,3,False,False
100000008514970100,,0.0,-1,0.0,,1,1,379966.0,31000.0,0.0003126314885305634,0.0815862471905381,3,False,False
100000008258458100,,0.0,-1,0.0,,1,2,19000.0,1557988.0,0.0002912603933485006,81.99936842105264,3,False,False
100000003484058100,,0.0,-1,0.0,,1,1,110000.0,6000.0,0.0003166609747422053,0.05454545454545454,3,False,False
100000003574895100,,0.0,-1,0.0,,1,1,27968.0,20000.0,0.00028714445105582987,0.7151029748283753,3,False,False
100000000896111100,,0.0,-1,0.0,,1,0,287100.0,0.0,0.00038717189285320344,0.0,3,False,False
100000008715887100,,0.0,-1,0.0,,1,0,18000.0,0.0,0.0002883786942425823,0.0,3,False,False
100000000560751100,,0.0,-1,0.0,,1,0,25000.0,0.0,0.0005524500973404968,0.0,3,False,False
100000008708207100,,0.0,-1,0.0,,2,0,465000.0,0.0,0.00035978690472981295,0.0,3,False,False
100000003152964100,,0.0,-1,0.0,,1,1,141847.0,5500.0,0.0003144293427145823,0.03877417217142414,3,False,False
100000004991812100,,0.0,-1,0.0,,1,0,10000.0,0.0,0.0003463600077195257,0.0,3,False,False
100000000291908100,,0.0,-1,0.0,,1,1,295500.0,13300.0,0.0007065527083397005,0.045008460236886635,3,False,False
100000003132484100,,0.0,-1,0.0,,1,0,90000.0,0.0,0.0005388233251189476,0.0,3,False,False
100000004077081100,,0.0,-1,0.0,,1,4,140000.0,615000.0,0.0002901065785876625,4.392857142857143,3,False,False
100000004770073100,,0.0,-1,0.0,,1,1,5462.4,5466.97,0.0002878055588504013,1.0008366285881665,3,False,False
100000003163886100,,0.0,-1,0.0,,1,0,500000.0,0.0,0.0007338350680593709,0.0,3,False,False
100000000795374100,,0.0,-1,0.0,,1,0,50000.0,0.0,0.00029574224412010574,0.0,3,False,False
100000002391278100,,0.0,-1,0.0,,1,1,30000.0,52700.0,0.00039132234113293564,1.7566666666666666,3,False,False
100000004635886100,,0.0,-1,0.0,,1,0,23000.0,0.0,0.00029245851948138683,0.0,3,False,False
100000000413678100,,0.0,-1,0.0,,2,3,306500.0,528198.0,0.00030069885417385005,1.723321370309951,3,False,False
100000008659950100,,0.0,-1,0.0,,1,0,246000.0,0.0,0.0003208665270804821,0.0,3,False,False
100000003964910100,,0.0,-1,0.0,,2,0,1000000.0,0.0,0.0005093616966720358,0.0,3,False,False
100000008764654100,,0.0,-1,0.0,,1,0,26150.0,0.0,0.0002896507281429226,0.0,3,False,False
100000005830339100,,0.0,-1,0.0,,5,1,476341.0,339251.0,0.00036360006135440447,0.7122019729563485,3,False,False
100000002032323100,,0.0,-1,0.0,,1,1,300000.0,1050000.0,0.00040405018679958674,3.5,3,False,False
100000008668099100,,0.0,-1,0.0,,1,0,15700.0,0.0,0.00028801971535046174,0.0,3,False,False
100000008634520100,,0.0,-1,0.0,,1,0,90000.0,0.0,0.00029848291599650714,0.0,3,False,False
100000002103448100,,0.0,-1,0.0,,1,0,27000.0,0.0,0.000289783394255228,0.0,3,False,False
100000005996909100,,0.0,-1,0.0,,1,0,5500.0,0.0,0.00031594960600230085,0.0,3,False,False
100000007392365100,,0.0,-1,0.0,,1,6,9613.0,1765600.0,0.0002861106980605716,183.66794965151357,3,False,False
100000008279405100,,0.0,-1,0.0,,1,0,234738.0,0.0,0.00033332885250302973,0.0,3,False,False
100000008343874100,,0.0,-1,0.0,,2,2,283535.0,176400.0,0.0003076522795593052,0.6221454141464017,3,False,False
100000002548759100,,0.0,-1,0.0,,2,0,375000.0,0.0,0.00030852903010496164,0.0,3,False,False
100000003069463100,,0.0,-1,0.0,,1,1,11500.0,17920.0,0.0002884531759834954,1.5582608695652174,3,False,False
100000008474391100,,0.0,-1,0.0,,1,0,20000.0,0.0,0.0004071507212217605,0.0,3,False,False
100000003097324100,,0.0,-1,0.0,,2,0,294000.0,0.0,0.0003260131114572481,0.0,3,False,False
100000001852140100,,0.0,-1,0.0,,1,0,30000.0,0.0,0.0008047208113869022,0.0,3,False,False
100000003293377100,,0.0,-1,0.0,,1,0,50000.0,0.0,0.000287189752920995,0.0,3,False,False
100000006048193100,,0.0,-1,0.0,,1,0,41559.0,0.0,0.00029641085375483743,0.0,3,False,False
100000002435265100,,0.0,-1,0.0,,1,0,132628.0,0.0,0.00029303889880759933,0.0,3,False,False
100000004587414100,,0.0,-1,0.0,,2,0,533603.0,0.0,0.0003148717706403767,0.0,3,False,False
100000001726614100,,0.0,-1,0.0,,1,0,138717.0,0.0,0.0002978710303376365,0.0,3,False,False
100000003934614100,,0.0,-1,0.0,,2,1,17000.0,11500.0,0.0003134906893691794,0.6764705882352942,3,False,False
100000008772246100,,0.0,-1,0.0,,1,0,44500.0,0.0,0.00029251475539092793,0.0,3,False,False
100000002603371100,,0.0,-1,0.0,,1,0,9300.0,0.0,0.0002893766428347351,0.0,3,False,False
100000004445291100,,0.0,-1,0.0,,1,0,19500.0,0.0,0.0003192394235172127,0.0,3,False,False
100000008571243100,,0.0,-1,0.0,,1,0,134000.0,0.0,0.00030626343281042745,0.0,3,False,False
100000001138283100,,0.0,-1,0.0,,1,2,81805.0,50000.0,0.0003022132575532862,0.6112095837662734,3,False,False
100000002593344100,,0.0,-1,0.0,,2,0,431000.0,0.0,0.0003589615897510939,0.0,3,False,False
100000007390016100,,0.0,-1,0.0,,1,1,511000.0,346500.0,0.0018430013608097095,0.678082191780822,3,False,False
100000001285440100,,0.0,-1,0.0,,2,0,243000.0,0.0,0.0003203647790984497,0.0,3,False,False
100000006746688100,,0.0,-1,0.0,,1,0,41000.0,0.0,0.000291968483163788,0.0,3,False,False
100000006471232100,,0.0,-1,0.0,,1,0,41800.0,0.0,0.00029209334538713425,0.0,3,False,False
100000008662805100,,0.0,-1,0.0,,1,0,16500.0,0.0,0.000288144577573808,0.0,3,False,False
100000004292885100,,0.0,-1,0.0,,1,0,112700.0,0.0,0.00030315925993119875,0.0,3,False,False
100000008190442100,,0.0,-1,0.0,,1,0,13000.0,0.0,0.000287598305346668,0.0,3,False,False
100000007131370100,,0.0,-1,0.0,,1,1,30000.0,30000.0,0.0008999890359090033,1.0,3,False,False
100000008717802100,,0.0,-1,0.0,,1,0,26150.0,0.0,0.0002896507281429226,0.0,3,False,False
100000005357034100,,0.0,-1,0.0,,1,0,9754.0,0.0,0.0002861186391759261,0.0,3,False,False
100000005532138100,,0.0,-1,0.0,,1,0,25046.0,0.0,0.00029379367547638114,0.0,3,False,False
100000005264874100,,0.0,-1,0.0,,1,2,30000.0,78000.0,0.00042829267239375297,2.6,3,False,False
100000008193258100,,0.0,-1,0.0,,1,1,75000.0,30000.0,0.00029737422274379974,0.4,3,False,False
100000003190207100,,0.0,-1,0.0,,1,1,5000.0,377000.0,0.0002991258827616204,75.4,3,False,False
100000004321983100,,0.0,-1,0.0,,1,2,10840.0,36200.0,0.0003237813951694772,3.339483394833948,3,False,False
100000002633108100,,0.0,-1,0.0,,1,0,320000.0,0.0,0.0003760178193806783,0.0,3,False,False
100000005941908100,,0.0,-1,0.0,,1,0,10000.0,0.0,0.0006923487710335455,0.0,3,False,False
100000001835625100,,0.0,-1,0.0,,1,0,75130.0,0.0,0.0002880041954654767,0.0,3,False,False
100000008671081100,,0.0,-1,0.0,,1,0,37200.0,0.0,0.0002913753876028931,0.0,3,False,False
100000002908521100,,0.0,-1,0.0,,1,0,44500.0,0.0,0.00029251475539092793,0.0,3,False,False
100000000749118100,,0.0,-1,0.0,,1,1,10330.0,16500.0,0.00028615107947694863,1.5972894482090998,3,False,False
100000008652094100,,0.0,-1,0.0,,1,0,35000.0,0.0,0.0002875404930641467,0.0,3,False,False
100000007647294100,,0.0,-1,0.0,,1,0,385000.0,0.0,0.000579218128600068,0.0,3,False,False
100000003270419100,,0.0,-1,0.0,,1,0,150000.0,0.0,0.0008334814098706033,0.0,3,False,False
100000003050771100,,0.0,-1,0.0,,1,0,229000.0,0.0,0.00037033984858502356,0.0,3,False,False
100000008427027100,,0.0,-1,0.0,,1,0,300000.0,0.0,0.0005512640793595238,0.0,3,False,False
100000004291560100,,0.0,-1,0.0,,1,0,47190.0,0.0,0.00028822703346252307,0.0,3,False,False
100000003594472100,,0.0,-1,0.0,,1,0,20000.0,0.0,0.0002944536874283026,0.0,3,False,False
100000002575080100,,0.0,-1,0.0,,1,1,13000.0,12500.0,0.0005518178489503663,0.9615384615384616,3,False,False
100000008038077100,,0.0,-1,0.0,,1,0,499850.0,0.0,0.0003017690198782214,0.0,3,False,False
100000003899325100,,0.0,-1,0.0,,1,0,50120.0,0.0,0.0002966402059541681,0.0,3,False,False
100000001155773100,,0.0,-1,0.0,,1,0,21500.0,0.0,0.0002889249664697223,0.0,3,False,False
100000000611474100,,0.0,-1,0.0,,1,0,32000.0,0.0,0.0005956216679556007,0.0,3,False,False
100000006704530100,,0.0,-1,0.0,,1,3,450500.0,428000.0,0.0003985422277542583,0.9500554938956715,3,False,False
100000003996562100,,0.0,-1,0.0,,1,0,7700.0,0.0,0.0003281736881837659,0.0,3,False,False
100000002646887100,,0.0,-1,0.0,,1,0,24354.0,0.0,0.00029518757307712165,0.0,3,False,False
100000002556775100,,0.0,-1,0.0,,1,0,300000.0,0.0,0.0002952920464395158,0.0,3,False,False
100000002722108100,,0.0,-1,0.0,,1,0,800000.0,0.0,0.00032367477273130915,0.0,3,False,False
100000002737980100,,0.0,-1,0.0,,1,0,32900.0,0.0,0.00029542388166028027,0.0,3,False,False
100000002913340100,,0.0,-1,0.0,,1,0,23600.0,0.0,0.00028925272980600625,0.0,3,False,False
100000003610172100,,0.0,-1,0.0,,1,0,70000.0,0.0,0.0002878379364024767,0.0,3,False,False
100000001052945100,,0.0,-1,0.0,,1,3,56520.0,1595700.0,0.0003015447649742742,28.23248407643312,3,False,False
100000002369510100,,0.0,-1,0.0,,1,0,37150.0,0.0,0.000291367583713934,0.0,3,False,False
100000001954534100,,0.0,-1,0.0,,1,1,13000.0,40000.0,0.0003659515092221361,3.076923076923077,3,False,False
100000008488166100,,0.0,-1,0.0,,1,0,5600.0,0.0,0.0002864433297807149,0.0,3,False,False
100000005100475100,,0.0,-1,0.0,,1,0,40000.0,0.0,0.0003377497462501435,0.0,3,False,False
100000002708624100,,0.0,-1,0.0,,1,0,25000.0,0.0,0.000328736126653088,0.0,3,False,False
100000004591973100,,0.0,-1,0.0,,1,1,10000.0,100000.0,0.0003991316698685015,10.0,3,False,False
100000000802149100,,0.0,-1,0.0,,1,0,104128.0,0.0,0.0002948035998809035,0.0,3,False,False
100000003095610100,,0.0,-1,0.0,,1,0,23665.0,0.0,0.00029438645311679446,0.0,3,False,False
100000004183610100,,0.0,-1,0.0,,1,1,22000.0,915000.0,0.0003407627226653414,41.59090909090909,3,False,False
100000005198906100,,0.0,-1,0.0,,1,1,227970.0,60000.0,0.0002929576136309596,0.26319252533228055,3,False,False
100000008599354100,,0.0,-1,0.0,,1,1,177000.0,38200.0,0.0003317435534185647,0.21581920903954802,3,False,False
100000001303311100,,0.0,-1,0.0,,5,0,1324000.0,0.0,0.0005016994290161644,0.0,3,False,False
100000008776420100,,0.0,-1,0.0,,1,0,69500.0,0.0,0.00029641669987049937,0.0,3,False,False
100000004737764100,,0.0,-1,0.0,,1,0,600000.0,0.0,0.0006766224227546178,0.0,3,False,False
100000003154105100,,0.0,-1,0.0,,1,7,60000.0,338000.0,0.000550680796574537,5.633333333333334,3,False,False
100000008708025100,,0.0,-1,0.0,,1,0,10000.0,0.0,0.0003092890887695541,0.0,3,False,False
100000008740793100,,0.0,-1,0.0,,1,0,21000.0,0.0,0.00028884692758013086,0.0,3,False,False
100000008459449100,,0.0,-1,0.0,,1,0,53700.0,0.0,0.0002995780948902197,0.0,3,False,False
100000008677518100,,0.0,-1,0.0,,1,0,48700.0,0.0,0.000293170282063496,0.0,3,False,False
100000002212494100,,0.0,-1,0.0,,1,0,160000.0,0.0,0.00035664443990538483,0.0,3,False,False
100000001825934100,,0.0,-1,0.0,,1,1,40000.0,97000.0,0.00047586713178590694,2.425,3,False,False
100000003736419100,,0.0,-1,0.0,,1,1,23300.0,10000.0,0.0002916476006545207,0.4291845493562232,3,False,False
100000008430691100,,0.0,-1,0.0,,1,2,20000.0,604900.0,0.0003069779355111296,30.245,3,False,False
100000003073635100,,0.0,-1,0.0,,1,0,129231.0,0.0,0.0003118625039951041,0.0,3,False,False
100000001686328100,,0.0,-1,0.0,,1,0,140000.0,0.0,0.0003150543933476953,0.0,3,False,False
100000008707810100,,0.0,-1,0.0,,1,0,26200.0,0.0,0.00028965853203188175,0.0,3,False,False
100000001236706100,,0.0,-1,0.0,,3,2,142700.0,36000.0,0.0007662915221773794,0.25227750525578135,3,False,False
100000008536546100,,0.0,-1,0.0,,2,0,250000.0,0.0,0.0003172528720016747,0.0,3,False,False
100000007140834100,,0.0,-1,0.0,,1,0,10200.0,0.0,0.0007122600056993952,0.0,3,False,False
100000007022818100,,0.0,-1,0.0,,1,0,17200.0,0.0,0.000288253832019236,0.0,3,False,False
100000007484343100,,0.0,-1,0.0,,2,0,26757.0,0.0,0.0002891334225528798,0.0,3,False,False
100000001379511100,,0.0,-1,0.0,,1,0,55000.0,0.0,0.0003072907911907118,0.0,3,False,False
100000004569484100,,0.0,-1,0.0,,2,4,98312.0,156000.0,0.00031938100409198596,1.586784929611848,3,False,False
100000002948492100,,0.0,-1,0.0,,1,0,23660.0,0.0,0.00029225683204655884,0.0,3,False,False
100000002116705100,,0.0,-1,0.0,,1,0,17600.0,0.0,0.00028831626313090915,0.0,3,False,False
100000002481974100,,0.0,-1,0.0,,2,2,89447.0,318000.0,0.0003316686610389915,3.5551779265934016,3,False,False
100000003920950100,,0.0,-1,0.0,,1,0,323290.0,0.0,0.0003917283702075202,0.0,3,False,False
100000000733451100,,0.0,-1,0.0,,1,1,70000.0,300000.0,0.0005412616148555033,4.285714285714286,3,False,False
100000005182219100,,0.0,-1,0.0,,2,0,55000.0,0.0,0.000354129497884144,0.0,3,False,False
100000008633099100,,0.0,-1,0.0,,1,1,19468.0,13500.0,0.00029196202177266776,0.6934456544072324,3,False,False
100000001380107100,,0.0,-1,0.0,,1,0,6000.0,0.0,0.00029094848350339587,0.0,3,False,False
100000008755168100,,0.0,-1,0.0,,1,0,17600.0,0.0,0.00028831626313090915,0.0,3,False,False
100000002628576100,,0.0,-1,0.0,,2,2,727882.0,539000.0,0.0003113901539132389,0.7405046422359668,3,False,False
100000001611488100,,0.0,-1,0.0,,2,0,779300.0,0.0,0.0008775368508533171,0.0,3,False,False
100000005375968100,,0.0,-1,0.0,,1,2,170082.0,86000.0,0.0002951483068536033,0.5056384567443939,3,False,False
100000003581109100,,0.0,-1,0.0,,1,0,42750.0,0.0,0.00028797697280880764,0.0,3,False,False
100000002933386100,,0.0,-1,0.0,,1,1,15000.0,58000.0,0.000652782324912921,3.8666666666666667,3,False,False
100000002284426100,,0.0,-1,0.0,,1,0,90000.0,0.0,0.00028848611988395835,0.0,3,False,False
100000008579978100,,0.0,-1,0.0,,1,1,34000.0,77000.0,0.0002866712061358097,2.264705882352941,3,False,False
100000001549194100,,0.0,-1,0.0,,1,0,46500.0,0.0,0.0002987125955300956,0.0,3,False,False
100000001427082100,,0.0,-1,0.0,,1,5,5000.0,124900.0,0.0004392450523980504,24.98,3,False,False
100000004657034100,,0.0,-1,0.0,,1,0,141250.0,0.0,0.0002901470900552552,0.0,3,False,False
100000003796063100,,0.0,-1,0.0,,1,15,35000.0,959150.0,0.0006852648705720575,27.404285714285713,3,False,False
100000005268319100,,0.0,-1,0.0,,1,5,19712.8,91000.0,0.0002936395632308343,4.6162899232985675,3,False,False
100000008744799100,,0.0,-1,0.0,,1,0,12600.0,0.0,0.00028753587423499484,0.0,3,False,False
100000008677215100,,0.0,-1,0.0,,1,0,9000.0,0.0,0.0003043767156368611,0.0,3,False,False
100000007593823100,,0.0,-1,0.0,,3,13,25000.0,162900.0,0.000290592094563477,6.516,3,False,False
100000001282143100,,0.0,-1,0.0,,5,0,1700000.0,0.0,0.00040176306143270535,0.0,3,False,False
100000008029279100,,0.0,-1,0.0,,1,0,17000.0,0.0,0.0002890280971842479,0.0,3,False,False
100000000594783100,,0.0,-1,0.0,,1,2,2635000.0,152500.0,0.0013815888060884878,0.05787476280834915,3,False,False
100000002705460100,,0.0,-1,0.0,,1,0,95000.0,0.0,0.000557727242255144,0.0,3,False,False
100000002952756100,,0.0,-1,0.0,,1,0,47000.0,0.0,0.0003677090010006242,0.0,3,False,False
100000004634420100,,0.0,-1,0.0,,1,0,26150.0,0.0,0.0002896507281429226,0.0,3,False,False
100000000583220100,,0.0,-1,0.0,,1,1,5000.0,761255.0,0.0002981132552282115,152.251,3,False,False
100000003286537100,,0.0,-1,0.0,,2,0,153000.0,0.0,0.0003010947151858364,0.0,3,False,False
100000002958345100,,0.0,-1,0.0,,1,0,307000.0,0.0,0.0003001922715970454,0.0,3,False,False
100000005055454100,,0.0,-1,0.0,,1,0,6500.0,0.0,0.000505981015832426,0.0,3,False,False
100000008738526100,,0.0,-1,0.0,,1,1,15000.0,140000.0,0.0002874522211122593,9.333333333333334,3,False,False
100000001298099100,,0.0,-1,0.0,,1,0,19000.0,0.0,0.0002926483569297594,0.0,3,False,False
100000006491272100,,0.0,-1,0.0,,1,0,26200.0,0.0,0.00028965853203188175,0.0,3,False,False
100000000552584100,,0.0,-1,0.0,,1,1,2500000.0,57500.0,0.0013254360037725063,0.023,3,False,False
100000005187208100,,0.0,-1,0.0,,1,0,14160.0,0.0,0.0003119707842377321,0.0,3,False,False
100000003528285100,,0.0,-1,0.0,,4,4,118870.0,548000.0,0.00040427564554845465,4.6100782367292,3,False,False
100000001484381100,,0.0,-1,0.0,,2,0,95585.0,0.0,0.0003213079861341874,0.0,3,False,False
100000002508637100,,0.0,-1,0.0,,1,1,306410.0,8000.0,0.00030739263356746913,0.02610880845925394,3,False,False
100000003149149100,,0.0,-1,0.0,,1,0,245000.0,0.0,0.00029350954186544125,0.0,3,False,False
100000001538095100,,0.0,-1,0.0,,2,0,280000.0,0.0,0.00033013522666239774,0.0,3,False,False
100000008695133100,,0.0,-1,0.0,,1,0,36610.0,0.0,0.00029128330171317526,0.0,3,False,False
100000008749405100,,0.0,-1,0.0,,1,0,37150.0,0.0,0.000291367583713934,0.0,3,False,False
100000005815602100,,0.0,-1,0.0,,1,1,20000.0,165000.0,0.0005521710322392155,8.25,3,False,False
100000006641671100,,0.0,-1,0.0,,2,1,22000.0,25000.0,0.0004399911079982389,1.1363636363636365,3,False,False
100000002945031100,,0.0,-1,0.0,,1,0,15000.0,0.0,0.000291121950616924,0.0,3,False,False
100000003497735100,,0.0,-1,0.0,,1,0,125000.0,0.0,0.00030694621061712747,0.0,3,False,False
100000004644615100,,0.0,-1,0.0,,1,2,50810.0,379665.0,0.00037436756021008163,7.472249557173785,3,False,False
100000002755292100,,0.0,-1,0.0,,1,0,203400.0,0.0,0.0002921613202239594,0.0,3,False,False
100000005142492100,,0.0,-1,0.0,,1,1,10000.0,57000.0,0.0019077900971988637,5.7,3,False,False
100000002893020100,,0.0,-1,0.0,,1,0,18340.0,0.0,0.00029240245264606314,0.0,3,False,False
100000004500444100,,0.0,-1,0.0,,2,1,180000.0,74000.0,0.0004643947559108734,0.4111111111111111,3,False,False
100000008454065100,,0.0,-1,0.0,,1,0,24050.0,0.0,0.00029236706618660175,0.0,3,False,False
100000008416433100,,0.0,-1,0.0,,1,0,20000.0,0.0,0.0002912223270400026,0.0,3,False,False
100000005265073100,,0.0,-1,0.0,,1,1,5000.0,9000.0,0.0002991258827616204,1.8,3,False,False
100000006734214100,,0.0,-1,0.0,,5,3,610000.0,36000.0,0.0006063901366273082,0.05901639344262295,3,False,False
100000002611334100,,0.0,-1,0.0,,1,1,48288.0,15500.0,0.0003053380307806398,0.3209907223326706,3,False,False
100000006225798100,,0.0,-1,0.0,,3,2,722000.0,26300.0,0.00035996892038230857,0.03642659279778394,3,False,False
100000002849158100,,0.0,-1,0.0,,3,1,723000.0,1313000.0,0.00033624556849174277,1.8160442600276625,3,False,False
100000008686214100,,0.0,-1,0.0,,1,0,25000.0,0.0,0.00029772792993778554,0.0,3,False,False
100000004931931100,,0.0,-1,0.0,,1,1,23938.0,45000.0,0.000291814036684862,1.8798562954298605,3,False,False
100000007510875100,,0.0,-1,0.0,,1,0,5000.0,0.0,0.00035624626017075875,0.0,3,False,False
100000005233755100,,0.0,-1,0.0,,1,1,25000.0,5000.0,0.00029160766980870415,0.2,3,False,False
100000008042075100,,0.0,-1,0.0,,1,0,5000.0,0.0,0.00029195667457243503,0.0,3,False,False
100000001680944100,,0.0,-1,0.0,,1,0,393000.0,0.0,0.00034558988439926675,0.0,3,False,False
100000008417029100,,0.0,-1,0.0,,1,0,100000.0,0.0,0.00030663007931043686,0.0,3,False,False
100000004975919100,,0.0,-1,0.0,,1,2,22351.0,15000.0,0.00029011680628284717,0.6711109122634334,3,False,False
100000003087877100,,0.0,-1,0.0,,1,0,91486.0,0.0,0.00029208517171407756,0.0,3,False,False
100000008295429100,,0.0,-1,0.0,,1,0,352000.0,0.0,0.00029697732349136816,0.0,3,False,False
100000003254277100,,0.0,-1,0.0,,1,1,49200.0,44997.0,0.0002883402365962997,0.9145731707317073,3,False,False
100000005314565100,,0.0,-1,0.0,,1,0,218500.0,0.0,0.0003750215171110066,0.0,3,False,False
100000002951898100,,0.0,-1,0.0,,1,0,39990.0,0.0,0.00029687253334630294,0.0,3,False,False
100000001009583100,,0.0,-1,0.0,,1,0,393740.0,0.0,0.00029833008241722037,0.0,3,False,False
100000004064431100,,0.0,-1,0.0,,1,1,26000.0,10000.0,0.0002910534469463005,0.38461538461538464,3,False,False
100000001927599100,,0.0,-1,0.0,,2,0,188000.0,0.0,0.0003272554677154655,0.0,3,False,False
100000007737775100,,0.0,-1,0.0,,1,0,6000.0,0.0,0.00030312962676534933,0.0,3,False,False
100000003157679100,,0.0,-1,0.0,,4,0,541000.0,0.0,0.0003728530959036694,0.0,3,False,False
100000001229743100,,0.0,-1,0.0,,1,1,7000.0,9000.0,0.0002884350404884854,1.2857142857142858,3,False,False
100000003795588100,,0.0,-1,0.0,,1,0,400000.0,0.0,0.00032104219550652184,0.0,3,False,False
100000002301828100,,0.0,-1,0.0,,1,0,46977.0,0.0,0.00029296342924915497,0.0,3,False,False
100000005409156100,,0.0,-1,0.0,,2,0,260080.0,0.0,0.00042393100512820185,0.0,3,False,False
100000002513028100,,0.0,-1,0.0,,1,3,9500.0,332709.0,0.0003055978968624265,35.022,3,False,False
100000003218308100,,0.0,-1,0.0,,1,0,11165.0,0.0,0.0002861981066494379,0.0,3,False,False
100000008489604100,,0.0,-1,0.0,,1,0,11000.0,0.0,0.0002872861497883023,0.0,3,False,False
100000004450649100,,0.0,-1,0.0,,2,2,192528.0,46527.0,0.0002989552239324566,0.24166355023684866,3,False,False
100000008767065100,,0.0,-1,0.0,,1,0,10000.0,0.0,0.0002870965356977483,0.0,3,False,False
100000003035737100,,0.0,-1,0.0,,2,1,809170.0,6544.53,0.0003788112784639957,0.008087954323566123,3,False,False
100000002748761100,,0.0,-1,0.0,,1,0,796800.0,0.0,0.0003235223508172531,0.0,3,False,False
100000008432942100,,0.0,-1,0.0,,1,0,44542.0,0.0,0.0002880778981897667,0.0,3,False,False
100000004278574100,,0.0,-1,0.0,,1,1,25000.0,12500.0,0.000286379523569143,0.5,3,False,False
100000000926766100,,0.0,-1,0.0,,1,1,18750.0,6000.0,0.00031794441854413876,0.32,3,False,False
100000008661550100,,0.0,-1,0.0,,1,0,22800.0,0.0,0.00028912786758266,0.0,3,False,False
100000000783406100,,0.0,-1,0.0,,1,0,6066.0,0.0,0.0002901959794883712,0.0,3,False,False
100000008730371100,,0.0,-1,0.0,,2,0,520000.0,0.0,0.0008583627263123976,0.0,3,False,False
100000002878467100,,0.0,-1,0.0,,2,0,200000.0,0.0,0.00031440364212176087,0.0,3,False,False
100000003171587100,,0.0,-1,0.0,,2,2,700000.0,431300.0,0.00031601841593021003,0.6161428571428571,3,False,False
100000002696152100,,0.0,-1,0.0,,1,2,21800.0,69000.0,0.0012050605596790834,3.165137614678899,3,False,False
100000002109656100,,0.0,-1,0.0,,1,0,500000.0,0.0,0.00030938521828855235,0.0,3,False,False
100000001317336100,,0.0,-1,0.0,,1,2,131196.0,1752000.0,0.0003438491368028857,13.354065672733924,3,False,False
100000005222360100,,0.0,-1,0.0,,1,1,5000.0,27000.0,0.0006008605701429425,5.4,3,False,False
100000001445848100,,0.0,-1,0.0,,1,1,546000.0,351850.0,0.0007020167320692293,0.6444139194139195,3,False,False
100000008720856100,,0.0,-1,0.0,,1,1,18105.0,46000.0,0.00031932628410571523,2.5407346037006353,3,False,False
100000002448088100,,0.0,-1,0.0,,3,1,20000.0,25000.0,0.0005086560796474201,1.25,3,False,False
100000003109805100,,0.0,-1,0.0,,1,0,36929.0,0.0,0.00029138188362469686,0.0,3,False,False
100000008223661100,,0.0,-1,0.0,,2,5,202000.0,262580.0,0.00031466917502238233,1.29990099009901,3,False,False
100000004096559100,,0.0,-1,0.0,,1,0,46200.0,0.0,0.0009765877187482858,0.0,3,False,False
100000002257794100,,0.0,-1,0.0,,1,0,154000.0,0.0,0.000860634101132436,0.0,3,False,False
100000003112578100,,0.0,-1,0.0,,1,0,101080.0,0.0,0.0002903839214275371,0.0,3,False,False
100000007020162100,,0.0,-1,0.0,,1,0,86395.0,0.0,0.0003099889827531998,0.0,3,False,False
100000001934935100,,0.0,-1,0.0,,1,0,118935.0,0.0,0.0002922677094987423,0.0,3,False,False
100000002663511100,,0.0,-1,0.0,,1,0,268940.0,0.0,0.00030941949939910536,0.0,3,False,False
100000003338583100,,0.0,-1,0.0,,1,0,21765.0,0.0,0.00029016016283832526,0.0,3,False,False
100000002904919100,,0.0,-1,0.0,,1,1,60325.0,5500.0,0.00029091905114297305,0.09117281392457521,3,False,False
100000005127767100,,0.0,-1,0.0,,1,0,7000.0,0.0,0.00042253166627963235,0.0,3,False,False
100000004066647100,,0.0,-1,0.0,,1,0,51000.0,0.0,0.0002942910761084242,0.0,3,False,False
100000002394199100,,0.0,-1,0.0,,1,1,277398.0,76777.0,0.0029678523915121872,0.2767756076107254,3,False,False
100000003968044100,,0.0,-1,0.0,,1,3,40000.0,311000.0,0.000296004155053737,7.775,3,False,False
100000001808684100,,0.0,-1,0.0,,1,1,48400.0,37700.0,0.0011690957183659054,0.7789256198347108,3,False,False
100000008097580100,,0.0,-1,0.0,,2,0,32000.0,0.0,0.0006747919200885517,0.0,3,False,False
100000008687617100,,0.0,-1,0.0,,1,0,43350.0,0.0,0.0002923352659448677,0.0,3,False,False
100000005667841100,,0.0,-1,0.0,,2,0,186000.0,0.0,0.00031222556371948533,0.0,3,False,False
100000001329153100,,0.0,-1,0.0,,1,0,150687.0,0.0,0.00029405598109260987,0.0,3,False,False
100000007689942100,,0.0,-1,0.0,,1,2,5000.0,25000.0,0.0008925911171850297,5.0,3,False,False
100000006476758100,,0.0,-1,0.0,,1,0,5200.0,0.0,0.0005168074362570573,0.0,3,False,False
100000002184107100,,0.0,-1,0.0,,1,0,6066.0,0.0,0.0002901959794883712,0.0,3,False,False
100000008663723100,,0.0,-1,0.0,,1,0,15600.0,0.0,0.00028800410757254345,0.0,3,False,False
100000000254336100,,0.0,-1,0.0,,2,1,97177.0,60000.0,0.0002919351427687482,0.6174300503205491,3,False,False
100000008750464100,,0.0,-1,0.0,,1,0,8500.0,0.0,0.00028689595534034515,0.0,3,False,False
100000001530709100,,0.0,-1,0.0,,1,0,53961.0,0.0,0.00028860837595943913,0.0,3,False,False
100000000656682100,,0.0,-1,0.0,,1,2,71000.0,80000.0,0.0002895680118780556,1.1267605633802817,3,False,False
100000008755754100,,0.0,-1,0.0,,1,0,7000.0,0.0,0.0002958990020703291,0.0,3,False,False
100000002691583100,,0.0,-1,0.0,,1,0,285200.0,0.0,0.0003570895620191624,0.0,3,False,False
100000005241556100,,0.0,-1,0.0,,1,0,100000.0,0.0,0.0005490718879795894,0.0,3,False,False
100000004713684100,,0.0,-1,0.0,,1,0,37500.0,0.0,0.00028768129298177927,0.0,3,False,False
100000006919124100,,0.0,-1,0.0,,1,0,25000.0,0.0,0.0002869772933936165,0.0,3,False,False
100000003006633100,,0.0,-1,0.0,,1,0,10000.0,0.0,0.0002931965366687916,0.0,3,False,False
100000008306857100,,0.0,-1,0.0,,1,0,125000.0,0.0,0.0002915232752351062,0.0,3,False,False
100000003671721100,,0.0,-1,0.0,,1,0,5000.0,0.0,0.000558742155523584,0.0,3,False,False
100000002613929100,,0.0,-1,0.0,,1,0,28560.0,0.0,0.0007809340979896417,0.0,3,False,False
100000008669310100,,0.0,-1,0.0,,1,0,59567.0,0.0,0.00028892410569473836,0.0,3,False,False
100000006573438100,,0.0,-1,0.0,,1,0,5000.0,0.0,0.000299086879906217,0.0,3,False,False
100000006165886100,,0.0,-1,0.0,,2,1,184481.0,75000.0,0.00029856163893927847,0.4065459315593476,3,False,False
100000008491390100,,0.0,-1,0.0,,1,0,36000.0,0.0,0.00028759681303119975,0.0,3,False,False
100000005186131100,,0.0,-1,0.0,,1,1,10000.0,10000.0,0.00028613249388782113,1.0,3,False,False
100000001550419100,,0.0,-1,0.0,,1,0,23000.0,0.0,0.0002920702819634094,0.0,3,False,False
100000004979283100,,0.0,-1,0.0,,1,0,40132.0,0.0,0.0003005217649950165,0.0,3,False,False
100000002537811100,,0.0,-1,0.0,,1,1,52000.0,15000.0,0.0012313777249476486,0.28846153846153844,3,False,False
100000002990675100,,0.0,-1,0.0,,1,0,51143.0,0.0,0.00028722679660696173,0.0,3,False,False
100000008763688100,,0.0,-1,0.0,,1,0,21000.0,0.0,0.00028884692758013086,0.0,3,False,False
100000002809896100,,0.0,-1,0.0,,1,0,38000.0,0.0,0.0002997274196422279,0.0,3,False,False
100000008716072100,,0.0,-1,0.0,,1,0,12100.0,0.0,0.00028745783534540344,0.0,3,False,False
100000001279272100,,0.0,-1,0.0,,1,2,250000.0,136758.0,0.0003077398575230603,0.547032,3,False,False
100000001714173100,,0.0,-1,0.0,,1,0,638905.0,0.0,0.0005706777097822566,0.0,3,False,False
100000008729597100,,0.0,-1,0.0,,1,0,83090.0,0.0,0.0003024747023657885,0.0,3,False,False
100000002255058100,,0.0,-1,0.0,,1,0,491500.0,0.0,0.0004261286722180512,0.0,3,False,False
100000006111442100,,0.0,-1,0.0,,1,0,64000.0,0.0,0.00029552622405626476,0.0,3,False,False
100000008686247100,,0.0,-1,0.0,,1,1,22000.0,5000.0,0.0003136737677799251,0.22727272727272727,3,False,False
100000001893287100,,0.0,-1,0.0,,1,1,18000.0,152700.0,0.0006184515295005462,8.483333333333333,3,False,False
100000005172860100,,0.0,-1,0.0,,1,0,15209.2,0.0,0.00029179582395841264,0.0,3,False,False
100000001788284100,,0.0,-1,0.0,,1,5,8000.0,296700.0,0.000299382680596746,37.0875,3,False,False
100000008755580100,,0.0,-1,0.0,,1,0,16000.0,0.0,0.0002880665386842166,0.0,3,False,False
100000003896956100,,0.0,-1,0.0,,1,1,10000.0,27000.0,0.0002885646095495065,2.7,3,False,False
100000002475601100,,0.0,-1,0.0,,1,0,232301.0,0.0,0.0003021143924659961,0.0,3,False,False
100000008619857100,,0.0,-1,0.0,,1,2,29000.0,13000.0,0.0002872025732618286,0.4482758620689655,3,False,False
100000001373265100,,0.0,-1,0.0,,1,1,142482.0,5000.0,0.0003145585391783481,0.0350921519911287,3,False,False
100000004185681100,,0.0,-1,0.0,,1,0,10000.0,0.0,0.0005352962052822021,0.0,3,False,False
100000003031633100,,0.0,-1,0.0,,1,0,414000.0,0.0,0.00031462612731946766,0.0,3,False,False
100000002632742100,,0.0,-1,0.0,,2,0,235500.0,0.0,0.0003175643151957891,0.0,3,False,False
100000005847078100,,0.0,-1,0.0,,1,0,16300.0,0.0,0.0002881133620179714,0.0,3,False,False
100000002807334100,,0.0,-1,0.0,,1,0,54715.0,0.0,0.00028734256217675437,0.0,3,False,False
100000008748795100,,0.0,-1,0.0,,1,0,47057.0,0.0,0.000288219542906905,0.0,3,False,False
100000003899899100,,0.0,-1,0.0,,2,1,218500.0,10000.0,0.0006539846029635868,0.04576659038901602,3,False,False
100000002308091100,,0.0,-1,0.0,,1,0,186720.0,0.0,0.0005611068728343333,0.0,3,False,False
100000008680912100,,0.0,-1,0.0,,1,1,45112.0,5990.85,0.0005351757124790597,0.13279947685759888,3,False,False
100000008742053100,,0.0,-1,0.0,,1,12,10000.0,2789000.0,0.0002862711500893241,278.9,3,False,False
100000008473765100,,0.0,-1,0.0,,1,0,30000.0,0.0,0.0002916730641589798,0.0,3,False,False
100000007472293100,,0.0,-1,0.0,,1,3,5000.0,345900.0,0.00028633291495751956,69.18,3,False,False
100000008753061100,,0.0,-1,0.0,,1,0,28400.0,0.0,0.000290001903146084,0.0,3,False,False
100000008501413100,,0.0,-1,0.0,,1,1,5000.0,5100.0,0.0003666452836068578,1.02,3,False,False
100000002748581100,,0.0,-1,0.0,,1,0,41180.0,0.0,0.0002972088887992543,0.0,3,False,False
100000001384826100,,0.0,-1,0.0,,1,1,364260.0,10000.0,0.0002973746599655164,0.027452918245209467,3,False,False
100000004099450100,,0.0,-1,0.0,,1,0,31000.0,0.0,0.00029616586394753193,0.0,3,False,False
100000002926970100,,0.0,-1,0.0,,1,0,85000.0,0.0,0.0003172387852993868,0.0,3,False,False
100000002753146100,,0.0,-1,0.0,,1,0,803540.0,0.0,0.00032384338947373374,0.0,3,False,False
100000003943247100,,0.0,-1,0.0,,1,0,40000.0,0.0,0.0002878220928994118,0.0,3,False,False
100000002872399100,,0.0,-1,0.0,,1,0,1090000.0,0.0,0.0007057669186571367,0.0,3,False,False
100000008417359100,,0.0,-1,0.0,,1,2,40810.0,110760.0,0.0002919927493261819,2.714040676304827,3,False,False
100000002614095100,,0.0,-1,0.0,,1,0,5300.0,0.0,0.00028639650644696,0.0,3,False,False
100000004717647100,,0.0,-1,0.0,,1,5,300000.0,2240000.0,0.0010233609552644499,7.466666666666667,3,False,False
100000008537380100,,0.0,-1,0.0,,1,0,8000.0,0.0,0.00028681791645075375,0.0,3,False,False
100000001534244100,,0.0,-1,0.0,,2,1,366000.0,45000.0,0.00034150708804052437,0.12295081967213115,3,False,False
100000008767950100,,0.0,-1,0.0,,1,0,17350.0,0.0,0.0002882772436861134,0.0,3,False,False
100000004613582100,,0.0,-1,0.0,,1,1,5000.0,9500.0,0.0005534434661680617,1.9,3,False,False
100000008121806100,,0.0,-1,0.0,,1,4,67000.0,248509.0,0.0003003687971376974,3.709089552238806,3,False,False
100000002369443100,,0.0,-1,0.0,,1,0,50000.0,0.0,0.00029337318317643364,0.0,3,False,False
100000008655779100,,0.0,-1,0.0,,1,2,47000.0,24704.0,0.00039705232861292827,0.5256170212765957,3,False,False
100000008561016100,,0.0,-1,0.0,,1,1,180000.0,185000.0,0.0002948428406003132,1.0277777777777777,3,False,False
100000002727288100,,0.0,-1,0.0,,1,0,16000.0,0.0,0.00036616923373624543,0.0,3,False,False
100000001270349100,,0.0,-1,0.0,,1,0,200000.0,0.0,0.00035530033832396505,0.0,3,False,False
100000004722765100,,0.0,-1,0.0,,1,3,230000.0,2284500.0,0.0005815882668655411,9.932608695652174,3,False,False
100000001677389100,,0.0,-1,0.0,,1,1,11000.0,5400.0,0.00028863096954467773,0.4909090909090909,3,False,False
100000005857058100,,0.0,-1,0.0,,3,0,80222.0,0.0,0.0003899337552291797,0.0,3,False,False
100000008760098100,,0.0,-1,0.0,,1,1,7000.0,390000.0,0.00028663836325361103,55.714285714285715,3,False,False
100000002838519100,,0.0,-1,0.0,,1,0,46900.0,0.0,0.0002988256561865499,0.0,3,False,False
100000002597623100,,0.0,-1,0.0,,1,0,16418.0,0.0,0.0002864939554363674,0.0,3,False,False
100000003635660100,,0.0,-1,0.0,,1,0,18985.0,0.0,0.0002905219400417891,0.0,3,False,False
100000008676812100,,0.0,-1,0.0,,1,0,230800.0,0.0,0.00047313415798956024,0.0,3,False,False
100000003213473100,,0.0,-1,0.0,,1,11,57500.0,240000.0,0.00028880769232283976,4.173913043478261,3,False,False
100000003071649100,,0.0,-1,0.0,,1,0,189500.0,0.0,0.00029533227777052824,0.0,3,False,False
100000002433697100,,0.0,-1,0.0,,1,1,130000.0,110000.0,0.0002897824868469217,0.8461538461538461,3,False,False
100000008612257100,,0.0,-1,0.0,,1,0,9500.0,0.0,0.00028786387694202796,0.0,3,False,False
100000002736033100,,0.0,-1,0.0,,1,1,34530.0,11000.0,0.0002951801714040789,0.3185635679119606,3,False,False
100000008687990100,,0.0,-1,0.0,,1,0,17600.0,0.0,0.00028831626313090915,0.0,3,False,False
100000008776310100,,0.0,-1,0.0,,1,0,19200.0,0.0,0.00028856598757760174,0.0,3,False,False
100000007267915100,,0.0,-1,0.0,,2,1,21000.0,10000.0,0.00029139460697907583,0.47619047619047616,3,False,False
100000004217419100,,0.0,-1,0.0,,2,1,118200.0,7700.0,0.0005841829530235464,0.06514382402707276,3,False,False
100000002773323100,,0.0,-1,0.0,,2,1,285000.0,1171644.0,0.00032549778860022544,4.111031578947369,3,False,False
100000002528544100,,0.0,-1,0.0,,1,0,192912.0,0.0,0.0002993090025842554,0.0,3,False,False
100000003760160100,,0.0,-1,0.0,,1,0,104470.0,0.0,0.00028895508063281035,0.0,3,False,False
100000000640800100,,0.0,-1,0.0,,1,4,80000.0,518135.0,0.00030324034248046286,6.4766875,3,False,False
100000008238112100,,0.0,-1,0.0,,1,0,190000.0,0.0,0.0002917270372913667,0.0,3,False,False
100000008751349100,,0.0,-1,0.0,,1,0,11630.0,0.0,0.00028848577638606985,0.0,3,False,False
100000002963189100,,0.0,-1,0.0,,1,7,490000.0,5219000.0,0.00042406859837372784,10.651020408163266,3,False,False
100000008548853100,,0.0,-1,0.0,,1,0,14000.0,0.0,0.00028775438312585085,0.0,3,False,False
100000003164661100,,0.0,-1,0.0,,1,0,596200.0,0.0,0.0006007384807220605,0.0,3,False,False
100000000791285100,,0.0,-1,0.0,,1,3,1120000.0,650000.0,0.0005664343010128592,0.5803571428571429,3,False,False
100000003192309100,,0.0,-1,0.0,,1,1,17200.0,213000.0,0.000288253832019236,12.383720930232558,3,False,False
100000002891765100,,0.0,-1,0.0,,1,0,55576.0,0.0,0.0003012779418250422,0.0,3,False,False
100000001740277100,,0.0,-1,0.0,,1,1,8700.0,5000.0,0.0003696934153229427,0.5747126436781609,3,False,False
100000002232266100,,0.0,-1,0.0,,1,0,45000.0,0.0,0.0002947249491298242,0.0,3,False,False
100000006701983100,,0.0,-1,0.0,,1,0,27000.0,0.0,0.000289783394255228,0.0,3,False,False
100000002871199100,,0.0,-1,0.0,,1,0,23186.0,0.0,0.00029212285516866057,0.0,3,False,False
100000002757791100,,0.0,-1,0.0,,1,0,73050.0,0.0,0.0003110385580772536,0.0,3,False,False
100000000572276100,,0.0,-1,0.0,,1,1,13075.0,34547.0,0.00028761001118010675,2.6422179732313578,3,False,False
100000001853812100,,0.0,-1,0.0,,1,0,70000.0,0.0,0.00029981142408123165,0.0,3,False,False
100000004726132100,,0.0,-1,0.0,,1,1,349000.0,24000.0,0.00031651940059214493,0.06876790830945559,3,False,False
100000001785161100,,0.0,-1,0.0,,2,0,30000.0,0.0,0.0003312208709043081,0.0,3,False,False
100000002612809100,,0.0,-1,0.0,,1,3,30000.0,114000.0,0.00042829267239375297,3.8,3,False,False
100000008769097100,,0.0,-1,0.0,,1,0,31100.0,0.0,0.0002904233131498777,0.0,3,False,False
100000004488265100,,0.0,-1,0.0,,1,0,38740.0,0.0,0.0002934512958019918,0.0,3,False,False
100000002509598100,,0.0,-1,0.0,,1,0,305550.0,0.0,0.00030012320541723873,0.0,3,False,False
100000008706846100,,0.0,-1,0.0,,1,0,14200.0,0.0,0.00028778559868168743,0.0,3,False,False
100000001280798100,,0.0,-1,0.0,,1,0,23785.0,0.0,0.0002944311629865574,0.0,3,False,False
100000006664478100,,0.0,-1,0.0,,1,2,55000.0,60000.0,0.0006168426303113121,1.0909090909090908,3,False,False
100000003781406100,,0.0,-1,0.0,,1,0,45000.0,0.0,0.0007228806641155315,0.0,3,False,False
100000008708595100,,0.0,-1,0.0,,1,0,17200.0,0.0,0.000288253832019236,0.0,3,False,False
100000004611571100,,0.0,-1,0.0,,1,0,22550.0,0.0,0.00028683930947433656,0.0,3,False,False
100000008576243100,,0.0,-1,0.0,,2,0,82920.0,0.0,0.0016515737888683503,0.0,3,False,False
100000008662216100,,0.0,-1,0.0,,1,0,26200.0,0.0,0.00028965853203188175,0.0,3,False,False
100000002681544100,,0.0,-1,0.0,,2,0,166072.0,0.0,0.00033571724351569673,0.0,3,False,False
100000007864477100,,0.0,-1,0.0,,2,6,76000.0,203500.0,0.0003047746949631922,2.6776315789473686,3,False,False
100000004746397100,,0.0,-1,0.0,,1,1,219520.0,7500.0,0.00029268375611003365,0.03416545189504373,3,False,False
100000003814002100,,0.0,-1,0.0,,1,0,30000.0,0.0,0.00028654156943951336,0.0,3,False,False
100000003962994100,,0.0,-1,0.0,,1,0,10000.0,0.0,0.0004812298257349216,0.0,3,False,False
100000003366471100,,0.0,-1,0.0,,2,1,329789.0,20000.0,0.0003604911511540956,0.0606448365470043,3,False,False
100000003561031100,,0.0,-1,0.0,,1,1,13300.0,5000.0,0.00028827529889143965,0.37593984962406013,3,False,False
100000001690439100,,0.0,-1,0.0,,1,0,14200.0,0.0,0.00047706727238734376,0.0,3,False,False
100000002954780100,,0.0,-1,0.0,,1,0,133400.0,0.0,0.00029244202248115297,0.0,3,False,False
100000008720668100,,0.0,-1,0.0,,1,0,16000.0,0.0,0.0002880665386842166,0.0,3,False,False
100000002459164100,,0.0,-1,0.0,,1,0,20000.0,0.0,0.0005418286835835176,0.0,3,False,False
100000005082652100,,0.0,-1,0.0,,1,0,30000.0,0.0,0.00040800365167801905,0.0,3,False,False
100000005041905100,,0.0,-1,0.0,,1,1,5000.0,1080351.0,0.00028634968311320514,216.0702,3,False,False
100000008653041100,,0.0,-1,0.0,,1,0,28000.0,0.0,0.00028993947203441087,0.0,3,False,False
100000008722417100,,0.0,-1,0.0,,1,3,331900.0,720000.0,0.0002963258990924791,2.16932811087677,3,False,False
100000008625905100,,0.0,-1,0.0,,1,2,197800.0,635000.0,0.0005453128171044595,3.210313447927199,3,False,False
100000007487729100,,0.0,-1,0.0,,1,0,25000.0,0.0,0.0002941149149674853,0.0,3,False,False
100000000838385100,,0.0,-1,0.0,,1,2,436900.0,177500.0,0.0019211545642599105,0.40627145799954223,3,False,False
100000004750321100,,0.0,-1,0.0,,2,0,50185.0,0.0,0.00031253610038112624,0.0,3,False,False
100000008664774100,,0.0,-1,0.0,,1,0,16300.0,0.0,0.0002881133620179714,0.0,3,False,False
100000006274203100,,0.0,-1,0.0,,2,3,3417512.0,72000.0,0.0006321051467844573,0.02106795821053445,3,False,False
100000002185328100,,0.0,-1,0.0,,1,4,15000.0,55000.0,0.0003518471698066024,3.6666666666666665,3,False,False
100000008254576100,,0.0,-1,0.0,,1,1,8000.0,60000.0,0.00029167108817849144,7.5,3,False,False
100000001689968100,,0.0,-1,0.0,,3,0,344333.75,0.0,0.00033914310918301173,0.0,3,False,False
100000002236528100,,0.0,-1,0.0,,1,0,66000.0,0.0,0.0003072417833612642,0.0,3,False,False
100000002670960100,,0.0,-1,0.0,,1,0,480310.0,0.0,0.000308447347198626,0.0,3,False,False
100000003557488100,,0.0,-1,0.0,,1,2,664992.0,138000.0,0.000580971814726147,0.20752129348924497,3,False,False
100000003888197100,,0.0,-1,0.0,,1,0,83167.0,0.0,0.00028826466799751016,0.0,3,False,False
100000002799941100,,0.0,-1,0.0,,1,0,600000.0,0.0,0.0003881784929365065,0.0,3,False,False
100000001632325100,,0.0,-1,0.0,,1,0,85600.0,0.0,0.0002989295521153433,0.0,3,False,False
100000008620570100,,0.0,-1,0.0,,2,2,145000.0,31800.0,0.0003485384395879508,0.2193103448275862,3,False,False
100000005308954100,,0.0,-1,0.0,,1,1,69020.0,30000.0,0.00035945051532232814,0.43465662126919735,3,False,False
100000008468762100,,0.0,-1,0.0,,2,0,170000.0,0.0,0.000310405073841,0.0,3,False,False
100000002305007100,,0.0,-1,0.0,,1,0,56000.0,0.0,0.0002943096498515308,0.0,3,False,False
100000008314863100,,0.0,-1,0.0,,1,0,12000.0,0.0,0.0005170968391841085,0.0,3,False,False
100000005709551100,,0.0,-1,0.0,,1,0,24560.0,0.0,0.0002946608436289569,0.0,3,False,False
100000008297199100,,0.0,-1,0.0,,1,0,42268.0,0.0,0.0002965958116631634,0.0,3,False,False
100000003271151100,,0.0,-1,0.0,,1,0,127294.0,0.0,0.00031146840391586903,0.0,3,False,False
100000007005380100,,0.0,-1,0.0,,1,0,9400.0,0.0,0.000303095707083968,0.0,3,False,False
100000004451012100,,0.0,-1,0.0,,1,3,91245.0,65740.0,0.0003011735881125156,0.7204778344018851,3,False,False
100000004779204100,,0.0,-1,0.0,,1,1,30450.0,20000.0,0.0002872842372140555,0.6568144499178982,3,False,False
100000002793881100,,0.0,-1,0.0,,3,0,785600.0,0.0,0.0003750831470797382,0.0,3,False,False
100000008671129100,,0.0,-1,0.0,,1,0,26200.0,0.0,0.00028965853203188175,0.0,3,False,False
100000002095257100,,0.0,-1,0.0,,1,0,8500.0,0.0,0.0003967338202422219,0.0,3,False,False
100000002194329100,,0.0,-1,0.0,,1,0,25170.0,0.0,0.00028698686778801547,0.0,3,False,False
100000001884825100,,0.0,-1,0.0,,3,0,495000.0,0.0,0.0003400964668098243,0.0,3,False,False
100000008692291100,,0.0,-1,0.0,,3,3,160000.0,156000.0,0.000307852986577175,0.975,3,False,False
100000002697752100,,0.0,-1,0.0,,2,0,190785.0,0.0,0.00032958004304152585,0.0,3,False,False
100000007170072100,,0.0,-1,0.0,,1,2,100000.0,99500.0,0.0003076581045462558,0.995,3,False,False
100000002373144100,,0.0,-1,0.0,,1,1,46468.0,10764.0,0.00028969018116006086,0.2316432813979513,3,False,False
100000000287768100,,0.0,-1,0.0,,1,0,35168.0,0.0,0.0002886880716986401,0.0,3,False,False
100000004508696100,,0.0,-1,0.0,,1,3,7000.0,111000.0,0.00042253166627963235,15.857142857142858,3,False,False
100000008688109100,,0.0,-1,0.0,,1,0,12800.0,0.0,0.0002875670897908314,0.0,3,False,False
100000008724461100,,0.0,-1,0.0,,1,1,100111.0,130000.0,0.00029072698311701726,1.298558599954051,3,False,False
100000001714413100,,0.0,-1,0.0,,1,0,250172.0,0.0,0.00029367716211375244,0.0,3,False,False
100000008672493100,,0.0,-1,0.0,,1,0,14000.0,0.0,0.00028775438312585085,0.0,3,False,False
100000003241965100,,0.0,-1,0.0,,1,0,15000.0,0.0,0.0002911580279376608,0.0,3,False,False
100000002241986100,,0.0,-1,0.0,,1,6,280000.0,3077000.0,0.00029464386295803416,10.989285714285714,3,False,False
100000004140994100,,0.0,-1,0.0,,1,0,18650.0,0.0,0.00028848014479905114,0.0,3,False,False
100000008489922100,,0.0,-1,0.0,,3,36,262010.0,3789900.0,0.0005858952858663094,14.464715087210411,3,False,False
100000001252290100,,0.0,-1,0.0,,1,1,141005.0,5000.0,0.000290139149807607,0.03545973547037339,3,False,False
100000008667799100,,0.0,-1,0.0,,1,0,34000.0,0.0,0.000290875938709508,0.0,3,False,False
100000008684951100,,0.0,-1,0.0,,1,0,17200.0,0.0,0.000288253832019236,0.0,3,False,False
100000006126743100,,0.0,-1,0.0,,1,0,55000.0,0.0,0.00028735179879136544,0.0,3,False,False
100000003009900100,,0.0,-1,0.0,,1,0,15998.0,0.0,0.0002915298650211894,0.0,3,False,False
100000001745217100,,0.0,-1,0.0,,1,0,50000.0,0.0,0.0002900034068784448,0.0,3,False,False
100000002886166100,,0.0,-1,0.0,,1,0,185000.0,0.0,0.0003245911501737051,0.0,3,False,False
100000002956779100,,0.0,-1,0.0,,1,0,411000.0,0.0,0.00040310724815078523,0.0,3,False,False
100000008568512100,,0.0,-1,0.0,,1,0,199640.0,0.0,0.00029203946172944083,0.0,3,False,False
100000008583360100,,0.0,-1,0.0,,1,1,112843.0,170000.0,0.0003276125928311374,1.5065179054083992,3,False,False
100000001130176100,,0.0,-1,0.0,,1,0,25000.0,0.0,0.0005580456003895466,0.0,3,False,False
100000001145749100,,0.0,-1,0.0,,1,0,10000.0,0.0,0.0004785089150229722,0.0,3,False,False
100000005367445100,,0.0,-1,0.0,,1,1,5000.0,5000.0,0.0018429964605732618,1.0,3,False,False
100000003917461100,,0.0,-1,0.0,,1,2,10000.0,140000.0,0.0003991316698685015,14.0,3,False,False
100000008200810100,,0.0,-1,0.0,,1,0,475000.0,0.0,0.00030819442208498927,0.0,3,False,False
100000002554175100,,0.0,-1,0.0,,1,0,24621.0,0.0,0.000294742641745906,0.0,3,False,False
100000008751380100,,0.0,-1,0.0,,2,0,345780.0,0.0,0.0003127638118830456,0.0,3,False,False
100000004071444100,,0.0,-1,0.0,,1,1,247350.0,100000.0,0.0003075048495520191,0.40428542551041036,3,False,False
100000001141268100,,0.0,-1,0.0,,2,1,480000.0,10000.0,0.00036486256771000946,0.020833333333333332,3,False,False
100000002645993100,,0.0,-1,0.0,,2,5,49650.0,86980.0,0.0002933085935851203,1.7518630412890233,3,False,False
100000002546921100,,0.0,-1,0.0,,1,0,20000.0,0.0,0.0002912223270400026,0.0,3,False,False
100000008753897100,,0.0,-1,0.0,,1,0,24050.0,0.0,0.00028932296480663856,0.0,3,False,False
100000000870121100,,0.0,-1,0.0,,1,0,12000.0,0.0,0.00031567480064350023,0.0,3,False,False
100000003171006100,,0.0,-1,0.0,,2,0,485000.0,0.0,0.0003349679442942915,0.0,3,False,False
100000001690558100,,0.0,-1,0.0,,1,0,740000.0,0.0,0.00041212063930432354,0.0,3,False,False
100000008667795100,,0.0,-1,0.0,,1,0,34000.0,0.0,0.000290875938709508,0.0,3,False,False
100000005674387100,,0.0,-1,0.0,,1,0,26200.0,0.0,0.00028965853203188175,0.0,3,False,False
100000003636627100,,0.0,-1,0.0,,1,1,77000.0,10000.0,0.0019763124102948008,0.12987012987012986,3,False,False
100000001275752100,,0.0,-1,0.0,,1,0,151500.0,0.0,0.00029337452908966797,0.0,3,False,False
100000002459240100,,0.0,-1,0.0,,1,0,150000.0,0.0,0.00029043067032840335,0.0,3,False,False
100000002644285100,,0.0,-1,0.0,,1,0,500000.0,0.0,0.00030938521828855235,0.0,3,False,False
100000005186109100,,0.0,-1,0.0,,1,0,5000.0,0.0,0.0006059178330672808,0.0,3,False,False
100000005317181100,,0.0,-1,0.0,,1,1,141250.0,14500.0,0.000322417396545991,0.10265486725663717,3,False,False
100000003001661100,,0.0,-1,0.0,,1,5,110000.0,439500.0,0.0005464870342921869,3.9954545454545456,3,False,False
100000000288317100,,0.0,-1,0.0,,2,3,100000.0,53500.0,0.0003128334856204945,0.535,3,False,False
100000004368189100,,0.0,-1,0.0,,1,2,384600.0,28200.0,0.0003038885030129052,0.07332293291731669,3,False,False
100000004493586100,,0.0,-1,0.0,,1,0,7500.0,0.0,0.00028863973665071367,0.0,3,False,False
100000004114962100,,0.0,-1,0.0,,2,0,165000.0,0.0,0.0007112908662345295,0.0,3,False,False
100000008088082100,,0.0,-1,0.0,,1,1,39138.0,50000.0,0.00030005728529521367,1.2775307884920026,3,False,False
100000008595687100,,0.0,-1,0.0,,1,1,64395.0,10400.0,0.00030485762729909343,0.161503222299868,3,False,False
100000001248999100,,0.0,-1,0.0,,1,0,23425.0,0.0,0.0002892563668937372,0.0,3,False,False
100000002736316100,,0.0,-1,0.0,,3,0,266921.0,0.0,0.00038382327241415735,0.0,3,False,False
100000008596924100,,0.0,-1,0.0,,1,0,100000.0,0.0,0.0004160204242994224,0.0,3,False,False
100000008598972100,,0.0,-1,0.0,,1,0,120000.0,0.0,0.00029411601502281744,0.0,3,False,False
100000002769809100,,0.0,-1,0.0,,1,0,113422.0,0.0,0.00037774425946329753,0.0,3,False,False
100000003089553100,,0.0,-1,0.0,,1,0,150000.0,0.0,0.0003070919971826514,0.0,3,False,False
100000002343825100,,0.0,-1,0.0,,3,2,350000.0,89800.0,0.00033359725354762797,0.25657142857142856,3,False,False
100000002015633100,,0.0,-1,0.0,,1,0,94970.0,0.0,0.0002886471934791066,0.0,3,False,False
100000002906470100,,0.0,-1,0.0,,1,0,130000.0,0.0,0.00030780128727312094,0.0,3,False,False
100000005628518100,,0.0,-1,0.0,,1,0,77000.0,0.0,0.0005329929869212512,0.0,3,False,False
100000002958139100,,0.0,-1,0.0,,1,0,209500.0,0.0,0.00030027317473638757,0.0,3,False,False
100000008754747100,,0.0,-1,0.0,,1,0,45500.0,0.0,0.0002926708331701108,0.0,3,False,False
100000008776720100,,0.0,-1,0.0,,1,0,26150.0,0.0,0.0002896507281429226,0.0,3,False,False
100000008576528100,,0.0,-1,0.0,,1,0,28000.0,0.0,0.0002864767510913652,0.0,3,False,False
100000004603109100,,0.0,-1,0.0,,3,2,2730000.0,400000.0,0.0031783652796316926,0.14652014652014653,3,False,False
100000008721637100,,0.0,-1,0.0,,1,2,24041.0,127000.0,0.0002904606519895623,5.282642152988644,3,False,False
100000004491749100,,0.0,-1,0.0,,1,0,50000.0,0.0,0.0003507948592583566,0.0,3,False,False
100000005171642100,,0.0,-1,0.0,,2,1,696800.0,683600.0,0.0027671822247582792,0.9810562571756601,3,False,False
100000008682426100,,0.0,-1,0.0,,1,0,20000.0,0.0,0.0002912223270400026,0.0,3,False,False
100000006209210100,,0.0,-1,0.0,,1,0,229111.0,0.0,0.0003608027133122132,0.0,3,False,False
100000003888527100,,0.0,-1,0.0,,1,0,30000.0,0.0,0.0003666748083508476,0.0,3,False,False
100000008490127100,,0.0,-1,0.0,,1,6,431755.0,923000.0,0.0002995621171696467,2.137786476126507,3,False,False
100000004336228100,,0.0,-1,0.0,,1,0,51407.0,0.0,0.0002960285109303709,0.0,3,False,False
100000006844004100,,0.0,-1,0.0,,1,0,20600.0,0.0,0.0005454417164852393,0.0,3,False,False
100000001688676100,,0.0,-1,0.0,,1,0,133700.0,0.0,0.0003084340439985561,0.0,3,False,False
100000008712036100,,0.0,-1,0.0,,1,0,21000.0,0.0,0.00028884692758013086,0.0,3,False,False
100000004697956100,,0.0,-1,0.0,,1,1,10000.0,10000.0,0.0004681160760661781,1.0,3,False,False
100000004921657100,,0.0,-1,0.0,,1,1,8300.0,22190.0,0.00036129622421142676,2.6734939759036145,3,False,False
100000000408846100,,0.0,-1,0.0,,1,0,40500.0,0.0,0.0002957255734808806,0.0,3,False,False
100000003406094100,,0.0,-1,0.0,,1,3,70000.0,47000.0,0.000778150781378675,0.6714285714285714,3,False,False
100000008695566100,,0.0,-1,0.0,,1,0,33700.0,0.0,0.0002908291153757531,0.0,3,False,False
100000005974542100,,0.0,-1,0.0,,1,0,94500.0,0.0,0.0004830472191227783,0.0,3,False,False
100000001887715100,,0.0,-1,0.0,,3,1,1331500.0,750000.0,0.0007309294553868685,0.5632745024408562,3,False,False
100000002472632100,,0.0,-1,0.0,,2,1,502400.0,20000.0,0.000985619333290868,0.03980891719745223,3,False,False
100000004629688100,,0.0,-1,0.0,,1,1,5000.0,15000.0,0.00038797258449924294,3.0,3,False,False
100000002459832100,,0.0,-1,0.0,,2,0,880606.0,0.0,0.0003931880367042986,0.0,3,False,False
100000006100920100,,0.0,-1,0.0,,1,0,100000.0,0.0,0.00032650852666292734,0.0,3,False,False
100000001439416100,,0.0,-1,0.0,,1,2,10000.0,165000.0,0.00034089967599193374,16.5,3,False,False
100000002121357100,,0.0,-1,0.0,,2,1,255300.0,113000.0,0.00032627377480928593,0.4426165295730513,3,False,False
100000002970466100,,0.0,-1,0.0,,1,2,23317.0,93000.0,0.0002868825068890663,3.9885062400823434,3,False,False
100000002581346100,,0.0,-1,0.0,,1,0,166400.0,0.0,0.00029096218078321833,0.0,3,False,False
100000008738658100,,0.0,-1,0.0,,1,0,29920.0,0.0,0.0002902391413704419,0.0,3,False,False
100000005910114100,,0.0,-1,0.0,,3,19,326144.0,1469993.0,0.0003616504127742257,4.507190075549451,3,False,False
100000001046626100,,0.0,-1,0.0,,1,0,150000.0,0.0,0.00029043067032840335,0.0,3,False,False
100000006492770100,,0.0,-1,0.0,,1,1,269000.0,20000.0,0.0003007193653545543,0.07434944237918216,3,False,False
100000001674850100,,0.0,-1,0.0,,2,0,237000.0,0.0,0.0003140936423748864,0.0,3,False,False
100000000860514100,,0.0,-1,0.0,,1,1,12000.0,50000.0,0.0003062893737864735,4.166666666666667,3,False,False
100000003650146100,,0.0,-1,0.0,,1,0,14400.0,0.0,0.00030012735117663754,0.0,3,False,False
100000001227106100,,0.0,-1,0.0,,1,0,164765.0,0.0,0.00029090919178360717,0.0,3,False,False
100000003647799100,,0.0,-1,0.0,,1,0,100000.0,0.0,0.00028881021162469923,0.0,3,False,False
100000008293431100,,0.0,-1,0.0,,1,5,15000.0,297000.0,0.00028689952801563704,19.8,3,False,False
100000002975287100,,0.0,-1,0.0,,1,0,15000.0,0.0,0.00028919231957213884,0.0,3,False,False
100000008507703100,,0.0,-1,0.0,,1,0,28500.0,0.0,0.00029001751092400227,0.0,3,False,False
100000001733687100,,0.0,-1,0.0,,1,0,300000.0,0.0,0.0003066249703782886,0.0,3,False,False
100000004552204100,,0.0,-1,0.0,,1,2,22500.0,10000.0,0.0008646978335399401,0.4444444444444444,3,False,False
100000008223756100,,0.0,-1,0.0,,2,0,331682.0,0.0,0.00035628112116330586,0.0,3,False,False
100000002956769100,,0.0,-1,0.0,,3,0,840000.0,0.0,0.00038478275617858006,0.0,3,False,False
100000008555233100,,0.0,-1,0.0,,1,0,440600.0,0.0,0.0003634087205622213,0.0,3,False,False
100000002346166100,,0.0,-1,0.0,,1,0,6000.0,0.0,0.00028650576089238805,0.0,3,False,False
100000000878006100,,0.0,-1,0.0,,1,0,47003.0,0.0,0.000287092622626295,0.0,3,False,False
100000004997515100,,0.0,-1,0.0,,4,4,395000.0,54500.0,0.0003566158833194684,0.1379746835443038,3,False,False
100000007653003100,,0.0,-1,0.0,,1,0,100000.0,0.0,0.0003013091989193027,0.0,3,False,False
100000000661131100,,0.0,-1,0.0,,1,0,15600.0,0.0,0.00028800410757254345,0.0,3,False,False
100000003880331100,,0.0,-1,0.0,,1,16,100000.0,3904908.0,0.0003076581045462558,39.04908,3,False,False
100000003204491100,,0.0,-1,0.0,,1,1,140000.0,100000.0,0.00029798480966852173,0.7142857142857143,3,False,False
100000008463968100,,0.0,-1,0.0,,1,0,10000.0,0.0,0.00028713007200911945,0.0,3,False,False
100000002712416100,,0.0,-1,0.0,,2,0,116800.0,0.0,0.0003026575194807802,0.0,3,False,False
100000008754997100,,0.0,-1,0.0,,1,0,18000.0,0.0,0.0002883786942425823,0.0,3,False,False
100000008011573100,,0.0,-1,0.0,,1,0,15000.0,0.0,0.00028919231957213884,0.0,3,False,False
100000003178549100,,0.0,-1,0.0,,2,4,250000.0,89080.0,0.00035215781948056465,0.35632,3,False,False
100000000534581100,,0.0,-1,0.0,,2,1,55960.0,40000.0,0.0002984533219886514,0.7147962830593281,3,False,False
100000007138613100,,0.0,-1,0.0,,3,2,1002000.0,179000.0,0.0003541752272666083,0.17864271457085829,3,False,False
100000002380341100,,0.0,-1,0.0,,1,0,57566.4,0.0,0.0003091365365238758,0.0,3,False,False
100000008309514100,,0.0,-1,0.0,,1,0,17200.0,0.0,0.000288253832019236,0.0,3,False,False
100000003134474100,,0.0,-1,0.0,,1,0,116000.0,0.0,0.0002893287584098846,0.0,3,False,False
100000002373386100,,0.0,-1,0.0,,1,0,24000.0,0.0,0.0002893151609176794,0.0,3,False,False
100000008684767100,,0.0,-1,0.0,,1,0,31100.0,0.0,0.0002904233131498777,0.0,3,False,False
100000008332511100,,0.0,-1,0.0,,1,0,100000.0,0.0,0.0011127776746800726,0.0,3,False,False
100000005754335100,,0.0,-1,0.0,,1,0,44037.0,0.0,0.00040462407841393883,0.0,3,False,False
100000008547295100,,0.0,-1,0.0,,1,0,15000.0,0.0,0.0005629711569533369,0.0,3,False,False
100000001875167100,,0.0,-1,0.0,,1,0,1000000.0,0.0,0.0003179784682913741,0.0,3,False,False
100000004670388100,,0.0,-1,0.0,,1,2,160354.0,720000.0,0.0005140172616899977,4.490065729573319,3,False,False
100000004097972100,,0.0,-1,0.0,,1,2,118878.0,10000.0,0.0003165811788801667,0.0841198539679335,3,False,False
100000000481716100,,0.0,-1,0.0,,1,0,8000.0,0.0,0.0003771539261882796,0.0,3,False,False
100000005089460100,,0.0,-1,0.0,,1,0,12300.0,0.0,0.00028748905090124,0.0,3,False,False
100000003105929100,,0.0,-1,0.0,,1,1,429567.0,156354.0,0.0002994912058967726,0.3639804733603838,3,False,False
100000008379273100,,0.0,-1,0.0,,2,4,36000.0,38000.0,0.0002990171904496492,1.0555555555555556,3,False,False
100000005357705100,,0.0,-1,0.0,,1,4,52595.0,387080.0,0.0002962702202200618,7.35963494628767,3,False,False
100000003111305100,,0.0,-1,0.0,,4,0,509338.0,0.0,0.00040360180953618035,0.0,3,False,False
100000008503177100,,0.0,-1,0.0,,1,0,33951.0,0.0,0.0002924769306603002,0.0,3,False,False
100000000955529100,,0.0,-1,0.0,,1,1,27000.0,63500.0,0.0002956290149139567,2.3518518518518516,3,False,False
100000008695689100,,0.0,-1,0.0,,1,0,26200.0,0.0,0.00028965853203188175,0.0,3,False,False
100000004184158100,,0.0,-1,0.0,,1,0,203805.0,0.0,0.0003036431808354202,0.0,3,False,False
100000005475379100,,0.0,-1,0.0,,1,3,108370.0,81000.0,0.0004216387717503735,0.7474393282273692,3,False,False
100000003093299100,,0.0,-1,0.0,,1,0,15000.0,0.0,0.00028641409372308623,0.0,3,False,False
100000008767027100,,0.0,-1,0.0,,1,0,5000.0,0.0,0.00028633291495751956,0.0,3,False,False
100000004539443100,,0.0,-1,0.0,,2,0,61990.0,0.0,0.0009561831780302799,0.0,3,False,False
100000007863304100,,0.0,-1,0.0,,1,0,25000.0,0.0,0.000286379523569143,0.0,3,False,False
100000004959752100,,0.0,-1,0.0,,1,0,22200.0,0.0,0.0007848703238285036,0.0,3,False,False
100000002214664100,,0.0,-1,0.0,,1,1,7950.0,76950.0,0.0002868101125617946,9.679245283018869,3,False,False
100000008192264100,,0.0,-1,0.0,,1,1,162810.0,187910.0,0.00029084583184829237,1.1541674344327744,3,False,False
100000000942301100,,0.0,-1,0.0,,1,0,57580.0,0.0,0.000300590276391355,0.0,3,False,False
100000002578653100,,0.0,-1,0.0,,1,0,20000.0,0.0,0.0003113100744475735,0.0,3,False,False
100000002511581100,,0.0,-1,0.0,,1,0,17600.0,0.0,0.00028831626313090915,0.0,3,False,False
100000005610717100,,0.0,-1,0.0,,4,1,484500.0,265200.0,0.00034454483671221423,0.5473684210526316,3,False,False
100000005704413100,,0.0,-1,0.0,,3,32,97834.67,1363593.0,0.000599688803298592,13.9377278014021,3,False,False
100000000976943100,,0.0,-1,0.0,,1,1,70000.0,84000.0,0.00037346136238482604,1.2,3,False,False
100000008708061100,,0.0,-1,0.0,,1,0,8650.0,0.0,0.0002869193670072226,0.0,3,False,False
100000003986141100,,0.0,-1,0.0,,1,0,5286.32,0.0,0.0002868461256435469,0.0,3,False,False
100000005037490100,,0.0,-1,0.0,,1,2,15000.0,30000.0,0.0003232011772500526,2.0,3,False,False
100000004257714100,,0.0,-1,0.0,,1,0,52220.0,0.0,0.0002937196758462196,0.0,3,False,False
100000000569479100,,0.0,-1,0.0,,1,0,320000.0,0.0,0.0003949532398197791,0.0,3,False,False
100000007303047100,,0.0,-1,0.0,,1,0,52250.0,0.0,0.00029372435817959507,0.0,3,False,False
100000008708743100,,0.0,-1,0.0,,1,0,15550.0,0.0,0.0002879963036835843,0.0,3,False,False
100000008745863100,,0.0,-1,0.0,,1,0,22900.0,0.0,0.00028914347536057827,0.0,3,False,False
100000005048668100,,0.0,-1,0.0,,2,8,16668.0,159400.0,0.00028854810674879374,9.563234941204703,3,False,False
100000006522972100,,0.0,-1,0.0,,1,0,9515.0,0.0,0.00030331012596478374,0.0,3,False,False
100000008759857100,,0.0,-1,0.0,,1,2,5000.0,994000.0,0.00028633291495751956,198.8,3,False,False
100000005342513100,,0.0,-1,0.0,,1,1,235000.0,30000.0,0.0010816512996714893,0.1276595744680851,3,False,False
100000004750897100,,0.0,-1,0.0,,1,0,10000.0,0.0,0.000490375874781195,0.0,3,False,False
100000001140785100,,0.0,-1,0.0,,2,0,215000.0,0.0,0.00031534667818847384,0.0,3,False,False
100000002821425100,,0.0,-1,0.0,,1,0,275000.0,0.0,0.00029866805245648467,0.0,3,False,False
100000003221510100,,0.0,-1,0.0,,1,2,24000.0,120000.0,0.00028692097342656345,5.0,3,False,False
100000003031003100,,0.0,-1,0.0,,3,0,280090.0,0.0,0.0003114988105958378,0.0,3,False,False
100000003060187100,,0.0,-1,0.0,,1,0,93046.0,0.0,0.0003014815867240045,0.0,3,False,False
100000008718811100,,0.0,-1,0.0,,1,0,73300.0,0.0,0.0002970097954313942,0.0,3,False,False
100000008043184100,,0.0,-1,0.0,,1,0,50564.0,0.0,0.00029352801963081616,0.0,3,False,False
100000002530224100,,0.0,-1,0.0,,1,0,113000.0,0.0,0.00029139102055774377,0.0,3,False,False
100000008754608100,,0.0,-1,0.0,,1,0,12300.0,0.0,0.00028748905090124,0.0,3,False,False
100000006989232100,,0.0,-1,0.0,,1,0,22194.0,0.0,0.00028753750814532387,0.0,3,False,False
100000006532229100,,0.0,-1,0.0,,1,0,105000.0,0.0,0.0003006351862930432,0.0,3,False,False
100000005661829100,,0.0,-1,0.0,,1,2,37790.0,40362.0,0.0002920319635832895,1.0680603334215402,3,False,False
100000004553349100,,0.0,-1,0.0,,1,0,7755.0,0.0,0.0003000285848322995,0.0,3,False,False
100000002945626100,,0.0,-1,0.0,,3,0,584000.0,0.0,0.0003377644362503449,0.0,3,False,False
100000008775471100,,0.0,-1,0.0,,1,0,580000.0,0.0,0.00035837580082273557,0.0,3,False,False
100000000404740100,,0.0,-1,0.0,,1,0,25000.0,0.0,0.0005579900727464834,0.0,4,False,True
100000004268036100,,0.0,-1,0.0,,1,0,5500.0,0.0,0.00028851261710781384,0.0,4,False,True
100000001256409100,,0.0,-1,0.0,,1,0,8000.0,0.0,0.0005471647850140195,0.0,4,False,True
100000005360814100,,0.0,-1,0.0,,1,0,144000.0,0.0,0.0004336887325641272,0.0,4,False,True
100000002369454100,,0.0,-1,0.0,,1,0,25000.0,0.0,0.00042888184355224774,0.0,4,False,True
100000004272302100,,0.0,-1,0.0,,1,0,10000.0,0.0,0.00028773614997434693,0.0,4,False,True
100000008727982100,,0.0,-1,0.0,,1,0,30000.0,0.0,0.0005138489258762212,0.0,4,False,True
100000000600707100,,0.0,-1,0.0,,1,0,89000.0,0.0,0.0005701602511841814,0.0,4,False,True
100000004500781100,,0.0,-1,0.0,,1,0,74000.0,0.0,0.0006807503625850068,0.0,4,False,True
100000008703533100,,0.0,-1,0.0,,1,0,75000.0,0.0,0.00029552677799059583,0.0,4,False,True
100000004549591100,,0.0,-1,0.0,,1,0,49000.0,0.0,0.000444321168333405,0.0,4,False,True
100000002700161100,,0.0,-1,0.0,,1,0,39000.0,0.0,0.0009026643078152162,0.0,4,False,True
100000003134550100,,0.0,-1,0.0,,1,0,100000.0,0.0,0.0002988459392483642,0.0,4,False,True
100000001957974100,,0.0,-1,0.0,,1,0,500000.0,0.0,0.00032013746769043517,0.0,4,False,True
100000001246806100,,0.0,-1,0.0,,1,0,130000.0,0.0,0.0005329767614424807,0.0,4,False,True
100000003622955100,,0.0,-1,0.0,,1,0,15000.0,0.0,0.001334263775828019,0.0,4,False,True
100000003692843100,,0.0,-1,0.0,,1,0,510000.0,0.0,0.0005294957412060607,0.0,4,False,True
100000008629504100,,0.0,-1,0.0,,1,0,20000.0,0.0,0.00030201034173378495,0.0,4,False,True
100000005621418100,,0.0,-1,0.0,,1,0,30000.0,0.0,0.00030782638639647333,0.0,4,False,True
100000004167082100,,0.0,-1,0.0,,1,0,13300.0,0.0,0.00038491480925942914,0.0,4,False,True
100000004379306100,,0.0,-1,0.0,,1,0,15000.0,0.0,0.0005320511103436067,0.0,4,False,True
100000004856746100,,0.0,-1,0.0,,1,0,20000.0,0.0,0.0003000473060624518,0.0,4,False,True
100000004891562100,,0.0,-1,0.0,,1,0,103400.0,0.0,0.0003409037645591223,0.0,4,False,True
100000007042175100,,0.0,-1,0.0,,1,0,60000.0,0.0,0.0005340058628254453,0.0,4,False,True
100000002670463100,,0.0,-1,0.0,,1,0,31500.0,0.0,0.0003024265071357405,0.0,4,False,True
100000005567828100,,0.0,-1,0.0,,1,0,94000.0,0.0,0.0003207562214579207,0.0,4,False,True
100000004200745100,,0.0,-1,0.0,,1,0,130000.0,0.0,0.0006010148962169087,0.0,4,False,True
100000003989033100,,0.0,-1,0.0,,1,0,373400.0,0.0,0.0005989171063455111,0.0,4,False,True
100000005146665100,,0.0,-1,0.0,,1,0,5500.0,0.0,0.00028645375249411193,0.0,4,False,True
100000003096787100,,0.0,-1,0.0,,1,0,16400.0,0.0,0.00029170829003374117,0.0,4,False,True
100000003074515100,,0.0,-1,0.0,,1,0,105000.0,0.0,0.00029938285450538176,0.0,4,False,True
100000004377043100,,0.0,-1,0.0,,1,0,5700.0,0.0,0.0003635495256865643,0.0,4,False,True
100000008680061100,,0.0,-1,0.0,,1,0,41300.0,0.0,0.0003106855908070421,0.0,4,False,True
100000008471634100,,0.0,-1,0.0,,1,0,20000.0,0.0,0.0011246149928916334,0.0,4,False,True
100000002119762100,,0.0,-1,0.0,,1,0,77000.0,0.0,0.0005295245957280118,0.0,4,False,True
100000008628818100,,0.0,-1,0.0,,1,0,46310.0,0.0,0.00030290447081849904,0.0,4,False,True
100000007510567100,,0.0,-1,0.0,,1,0,52000.0,0.0,0.00030503440290359675,0.0,4,False,True
100000004780327100,,0.0,-1,0.0,,1,0,12000.0,0.0,0.00029199108961479553,0.0,4,False,True
100000008376785100,,0.0,-1,0.0,,1,0,234250.0,0.0,0.0005318070054641103,0.0,4,False,True
100000005745873100,,0.0,-1,0.0,,1,0,223000.0,0.0,0.0003163211975392906,0.0,4,False,True
100000002594214100,,0.0,-1,0.0,,1,0,1000000.0,0.0,0.00036705924336221985,0.0,4,False,True
100000001299323100,,0.0,-1,0.0,,1,0,109000.0,0.0,0.0002999090853734995,0.0,4,False,True
100000003838587100,,0.0,-1,0.0,,1,0,6000.0,0.0,0.0005550324069085224,0.0,4,False,True
100000000673915100,,0.0,-1,0.0,,1,0,20200.0,0.0,0.0002875765133018172,0.0,4,False,True
100000003061115100,,0.0,-1,0.0,,1,0,45000.0,0.0,0.0005339039923107205,0.0,4,False,True
100000004326224100,,0.0,-1,0.0,,1,0,60000.0,0.0,0.0005348779091078309,0.0,4,False,True
100000004988240100,,0.0,-1,0.0,,1,0,20000.0,0.0,0.0005299271891403068,0.0,4,False,True
100000008525136100,,0.0,-1,0.0,,1,0,14100.0,0.0,0.0002885216550484359,0.0,4,False,True
100000001991973100,,0.0,-1,0.0,,1,0,20800.0,0.0,0.00029670040623963227,0.0,4,False,True
100000004569637100,,0.0,-1,0.0,,1,0,5500.0,0.0,0.0005531603067223192,0.0,4,False,True
100000008675322100,,0.0,-1,0.0,,1,0,340000.0,0.0,0.0003193541698974364,0.0,4,False,True
100000004235471100,,0.0,-1,0.0,,1,0,180000.0,0.0,0.00034861353029746133,0.0,4,False,True
100000003194831100,,0.0,-1,0.0,,1,0,6265.0,0.0,0.00029082672336293444,0.0,4,False,True
100000008588665100,,0.0,-1,0.0,,1,0,25000.0,0.0,0.0003524909066556901,0.0,4,False,True
100000003230329100,,0.0,-1,0.0,,1,0,110000.0,0.0,0.00030004064309052897,0.0,4,False,True
100000002217806100,,0.0,-1,0.0,,1,0,55000.0,0.0,0.0004637601733272149,0.0,4,False,True
100000004041294100,,0.0,-1,0.0,,1,0,17800.0,0.0,0.0003008542855735774,0.0,4,False,True
100000008583971100,,0.0,-1,0.0,,2,0,51000.0,0.0,0.00032971602313587925,0.0,4,False,True
100000008251939100,,0.0,-1,0.0,,1,0,44360.0,0.0,0.00030217452924276257,0.0,4,False,True
100000004049912100,,0.0,-1,0.0,,1,0,10000.0,0.0,0.0003245564257590689,0.0,4,False,True
100000002227960100,,0.0,-1,0.0,,1,0,10000.0,0.0,0.00029943768321597685,0.0,4,False,True
100000008677368100,,0.0,-1,0.0,,1,0,13500.0,0.0,0.0005340288694748735,0.0,4,False,True
100000008631800100,,0.0,-1,0.0,,1,0,12850.0,0.0,0.00029244596678878543,0.0,4,False,True
100000003220685100,,0.0,-1,0.0,,1,0,1306000.0,0.0,0.0005375987236644607,0.0,4,False,True
100000003072205100,,0.0,-1,0.0,,2,0,163000.0,0.0,0.0003189739255881063,0.0,4,False,True
100000001202637100,,0.0,-1,0.0,,1,0,10000.0,0.0,0.0005487659443752247,0.0,4,False,True
100000002835874100,,0.0,-1,0.0,,1,0,58700.0,0.0,0.00029329173220691884,0.0,4,False,True
100000002707106100,,0.0,-1,0.0,,1,0,15000.0,0.0,0.00028660633942148524,0.0,4,False,True
100000008343415100,,0.0,-1,0.0,,1,0,100000.0,0.0,0.0004339920196479948,0.0,4,False,True
100000004981068100,,0.0,-1,0.0,,1,0,10000.0,0.0,0.0003788472368268382,0.0,4,False,True
100000004241142100,,0.0,-1,0.0,,1,0,27102.0,0.0,0.0005301329725055737,0.0,4,False,True
100000008190411100,,0.0,-1,0.0,,1,0,198450.0,0.0,0.0004241348636842565,0.0,4,False,True
100000008699083100,,0.0,-1,0.0,,1,0,238500.0,0.0,0.00030640170893457883,0.0,4,False,True
100000008136608100,,0.0,-1,0.0,,1,0,170000.0,0.0,0.0005643778935793362,0.0,4,False,True
100000008695157100,,0.0,-1,0.0,,1,0,425546.0,0.0,0.0004975174254247276,0.0,4,False,True
100000000369781100,,0.0,-1,0.0,,1,0,5000.0,0.0,0.0005324777910582564,0.0,4,False,True
100000003133045100,,0.0,-1,0.0,,1,0,68000.0,0.0,0.00033304955989506193,0.0,4,False,True
100000002474570100,,0.0,-1,0.0,,1,0,6750.0,0.0,0.0002891815541283873,0.0,4,False,True
100000002514975100,,0.0,-1,0.0,,1,0,17920.0,0.0,0.0005310425183631422,0.0,4,False,True
100000001089055100,,0.0,-1,0.0,,1,0,13000.0,0.0,0.00032930768290614026,0.0,4,False,True
100000000608031100,,0.0,-1,0.0,,1,0,30000.0,0.0,0.0005386366709608574,0.0,4,False,True
100000002659103100,,0.0,-1,0.0,,1,0,165000.0,0.0,0.00034971052425683584,0.0,4,False,True
100000000733940100,,0.0,-1,0.0,,1,0,752000.0,0.0,0.0004111852101832481,0.0,4,False,True
100000001537524100,,0.0,-1,0.0,,1,0,150000.0,0.0,0.0002986714418382267,0.0,4,False,True
100000002971593100,,0.0,-1,0.0,,1,0,49050.0,0.0,0.000530380154395715,0.0,4,False,True
100000006918814100,,0.0,-1,0.0,,1,0,20000.0,0.0,0.0003043279710896785,0.0,4,False,True
100000007381662100,,0.0,-1,0.0,,1,0,11000.0,0.0,0.0002968339281028911,0.0,4,False,True
100000003199390100,,0.0,-1,0.0,,1,0,260000.0,0.0,0.0003766331907775371,0.0,4,False,True
100000007749747100,,0.0,-1,0.0,,1,0,50000.0,0.0,0.000443621967101852,0.0,4,False,True
100000003447411100,,0.0,-1,0.0,,1,0,302000.0,0.0,0.000305818442968074,0.0,4,False,True
100000000500040100,,0.0,-1,0.0,,1,0,20000.0,0.0,0.00030605044673656407,0.0,4,False,True
100000008551752100,,0.0,-1,0.0,,1,0,406000.0,0.0,0.0003415570643909764,0.0,4,False,True
100000002876914100,,0.0,-1,0.0,,1,0,12000.0,0.0,0.00029199108961479553,0.0,4,False,True
100000004571634100,,0.0,-1,0.0,,1,0,20000.0,0.0,0.0003741773489468036,0.0,4,False,True
100000004610802100,,0.0,-1,0.0,,1,0,241000.0,0.0,0.00047395222486411233,0.0,4,False,True
100000001311175100,,0.0,-1,0.0,,1,0,300000.0,0.0,0.0005315144876960898,0.0,4,False,True
100000008740295100,,0.0,-1,0.0,,1,0,300000.0,0.0,0.000325036609326122,0.0,4,False,True
100000002596039100,,0.0,-1,0.0,,1,0,280000.0,0.0,0.00030434333941669245,0.0,4,False,True
100000002126791100,,0.0,-1,0.0,,1,0,1313000.0,0.0,0.000571680600606073,0.0,4,False,True
100000005783452100,,0.0,-1,0.0,,2,0,286500.0,0.0,0.0003144185669015849,0.0,4,False,True
100000006693788100,,0.0,-1,0.0,,1,0,10764.0,0.0,0.0005320949120369108,0.0,4,False,True
100000002832753100,,0.0,-1,0.0,,1,0,12500.0,0.0,0.0007555331214190867,0.0,4,False,True
100000002981489100,,0.0,-1,0.0,,1,0,10000.0,0.0,0.00028833129648364,0.0,4,False,True
100000003084870100,,0.0,-1,0.0,,1,0,6500.0,0.0,0.00034517865606512906,0.0,4,False,True
100000002791494100,,0.0,-1,0.0,,1,0,85860.0,0.0,0.00031770918329048745,0.0,4,False,True
100000003345947100,,0.0,-1,0.0,,1,0,79500.0,0.0,0.000494765923207766,0.0,4,False,True
100000002733083100,,0.0,-1,0.0,,1,0,15200.0,0.0,0.00029125909521790337,0.0,4,False,True
100000003247600100,,0.0,-1,0.0,,1,0,58000.0,0.0,0.0008412090951663764,0.0,4,False,True
100000001378288100,,0.0,-1,0.0,,1,0,268000.0,0.0,0.0005234508868762802,0.0,4,False,True
100000002305477100,,0.0,-1,0.0,,1,0,20000.0,0.0,0.0003133060722146628,0.0,4,False,True
100000006638021100,,0.0,-1,0.0,,2,0,388500.0,0.0,0.000544485696289975,0.0,4,False,True
100000008517061100,,0.0,-1,0.0,,1,0,1844000.0,0.0,0.00041305671798624714,0.0,4,False,True
100000005910895100,,0.0,-1,0.0,,1,0,5100.0,0.0,0.0005976000607837528,0.0,4,False,True
100000002723439100,,0.0,-1,0.0,,1,0,18000.0,0.0,0.0005526233540248644,0.0,4,False,True
100000002320495100,,0.0,-1,0.0,,1,0,13526.27,0.0,0.0005354179344206217,0.0,4,False,True
100000002229615100,,0.0,-1,0.0,,1,0,25000.0,0.0,0.0007184983881728359,0.0,4,False,True
100000008327791100,,0.0,-1,0.0,,1,0,11000.0,0.0,0.0005367685704661637,0.0,4,False,True
100000002208836100,,0.0,-1,0.0,,1,0,90000.0,0.0,0.0003298185449195238,0.0,4,False,True
100000001724740100,,0.0,-1,0.0,,1,0,185000.0,0.0,0.0005364804152149869,0.0,4,False,True
100000004386286100,,0.0,-1,0.0,,1,0,12500.0,0.0,0.0005972866869113222,0.0,4,False,True
100000001714883100,,0.0,-1,0.0,,1,0,6900.0,0.0,0.00028926182657085605,0.0,4,False,True
100000008337304100,,0.0,-1,0.0,,1,0,105465.0,0.0,0.00035426504692391266,0.0,4,False,True
100000000655469100,,0.0,-1,0.0,,1,0,20000.0,0.0,0.0003454311507267085,0.0,4,False,True
100000008722541100,,0.0,-1,0.0,,1,0,280000.0,0.0,0.000383638105897556,0.0,4,False,True
100000004222274100,,0.0,-1,0.0,,1,0,15500.0,0.0,0.0005454170226679215,0.0,4,False,True
100000006232642100,,0.0,-1,0.0,,1,0,456000.0,0.0,0.00042785609111614025,0.0,4,False,True
100000004066370100,,0.0,-1,0.0,,1,0,65000.0,0.0,0.0005893461583954324,0.0,4,False,True
100000005685783100,,0.0,-1,0.0,,1,0,26150.0,0.0,0.0005320610913052177,0.0,4,False,True
100000006171671100,,0.0,-1,0.0,,1,0,10000.0,0.0,0.0005290656990407927,0.0,4,False,True
100000003481025100,,0.0,-1,0.0,,1,0,9000.0,0.0,0.0005310260909453555,0.0,4,False,True
100000003646145100,,0.0,-1,0.0,,1,0,5000.0,0.0,0.0006536813277109187,0.0,4,False,True
100000002659265100,,0.0,-1,0.0,,1,0,141000.0,0.0,0.00031969973198944335,0.0,4,False,True
100000003289281100,,0.0,-1,0.0,,1,0,40000.0,0.0,0.0005967179150727089,0.0,4,False,True
100000004840086100,,0.0,-1,0.0,,1,0,100000.0,0.0,0.0005391572563123895,0.0,4,False,True
100000008554390100,,0.0,-1,0.0,,1,0,14000.0,0.0,0.00029306138884771293,0.0,4,False,True
100000004691350100,,0.0,-1,0.0,,1,0,13300.0,0.0,0.0008870591048616337,0.0,4,False,True
100000004652395100,,0.0,-1,0.0,,3,0,101528.0,0.0,0.0003357067098927751,0.0,4,False,True
100000004979264100,,0.0,-1,0.0,,1,0,39800.0,0.0,0.00041137922183340155,0.0,4,False,True
100000008074304100,,0.0,-1,0.0,,1,0,5500.0,0.0,0.00033242119278309483,0.0,4,False,True
100000002227989100,,0.0,-1,0.0,,1,0,20000.0,0.0,0.00039446042046132154,0.0,4,False,True
100000003207060100,,0.0,-1,0.0,,1,0,53000.0,0.0,0.00042744311258669713,0.0,4,False,True
100000004601193100,,0.0,-1,0.0,,1,0,84000.0,0.0,0.0006034150427286833,0.0,4,False,True
100000004991593100,,0.0,-1,0.0,,1,0,45000.0,0.0,0.00035489105110696656,0.0,4,False,True
100000003128638100,,0.0,-1,0.0,,1,0,300000.0,0.0,0.0003581872469239982,0.0,4,False,True
100000005878334100,,0.0,-1,0.0,,1,0,76400.0,0.0,0.0003989642564463486,0.0,4,False,True
100000002878483100,,0.0,-1,0.0,,1,0,6000.0,0.0,0.00028878019191604315,0.0,4,False,True
100000000981693100,,0.0,-1,0.0,,1,0,16500.0,0.0,0.000529081521154152,0.0,4,False,True
100000006416061100,,0.0,-1,0.0,,1,0,30000.0,0.0,0.0004348563786213132,0.0,4,False,True
100000008168850100,,0.0,-1,0.0,,1,0,187910.0,0.0,0.0005330795799856522,0.0,4,False,True
100000004747154100,,0.0,-1,0.0,,1,0,67000.0,0.0,0.0003323513206939182,0.0,4,False,True
100000008524903100,,0.0,-1,0.0,,1,0,15000.0,0.0,0.0003317732501869909,0.0,4,False,True
100000005049404100,,0.0,-1,0.0,,1,0,98000.0,0.0,0.0003126369164275119,0.0,4,False,True
100000002258492100,,0.0,-1,0.0,,1,0,9000.0,0.0,0.0005401265380892354,0.0,4,False,True
100000005497148100,,0.0,-1,0.0,,1,0,24000.0,0.0,0.0004900139425044355,0.0,4,False,True
100000004596284100,,0.0,-1,0.0,,1,0,30000.0,0.0,0.0005914888430857142,0.0,4,False,True
100000007960337100,,0.0,-1,0.0,,1,0,35500.0,0.0,0.00030276808937766193,0.0,4,False,True
100000003180305100,,0.0,-1,0.0,,1,0,144000.0,0.0,0.0005280565512084164,0.0,4,False,True
100000007653094100,,0.0,-1,0.0,,1,0,16000.0,0.0,0.0005754742432917503,0.0,4,False,True
100000008175078100,,0.0,-1,0.0,,1,0,1846711.0,0.0,0.00046907194584128284,0.0,4,False,True
100000004263867100,,0.0,-1,0.0,,1,0,9000.0,0.0,0.00029038564076541934,0.0,4,False,True
100000002194320100,,0.0,-1,0.0,,1,0,275000.0,0.0,0.00048656793463182596,0.0,4,False,True
100000001222245100,,0.0,-1,0.0,,1,0,420000.0,0.0,0.0005491629789918046,0.0,4,False,True
100000008151098100,,0.0,-1,0.0,,1,0,30000.0,0.0,0.0003093477246134631,0.0,4,False,True
100000008735802100,,0.0,-1,0.0,,1,0,85000.0,0.0,0.0005087033417052578,0.0,4,False,True
100000004047887100,,0.0,-1,0.0,,1,0,30000.0,0.0,0.00028801399269163874,0.0,4,False,True
100000003146511100,,0.0,-1,0.0,,1,0,10000.0,0.0,0.000311813667487197,0.0,4,False,True
100000007511780100,,0.0,-1,0.0,,1,0,155000.0,0.0,0.0005577703986813199,0.0,4,False,True
100000007867364100,,0.0,-1,0.0,,1,0,41852.0,0.0,0.0004487382371459403,0.0,4,False,True
100000006288612100,,0.0,-1,0.0,,1,0,30805.0,0.0,0.0002976242451746879,0.0,4,False,True
100000006735545100,,0.0,-1,0.0,,1,0,5000.0,0.0,0.0002932717116494771,0.0,4,False,True
100000004403641100,,0.0,-1,0.0,,1,0,171500.0,0.0,0.0003005494163305608,0.0,4,False,True
100000003370425100,,0.0,-1,0.0,,1,0,20000.0,0.0,0.000647950480560365,0.0,4,False,True
100000004350094100,,0.0,-1,0.0,,1,0,20000.0,0.0,0.0008939457051040855,0.0,4,False,True
100000004911971100,,0.0,-1,0.0,,1,0,35000.0,0.0,0.00028904714906671764,0.0,4,False,True
100000001202787100,,0.0,-1,0.0,,2,0,14850.0,0.0,0.00035114494940795553,0.0,4,False,True
100000008469048100,,0.0,-1,0.0,,1,0,265200.0,0.0,0.0005788057669614711,0.0,4,False,True
100000002635746100,,0.0,-1,0.0,,1,0,5300.0,0.0,0.0002884055871845221,0.0,4,False,True
100000008321975100,,0.0,-1,0.0,,1,0,5900.0,0.0,0.00030322854188756906,0.0,4,False,True
100000003078839100,,0.0,-1,0.0,,1,0,14000.0,0.0,0.0003147926722848661,0.0,4,False,True
100000004006327100,,0.0,-1,0.0,,1,0,300000.0,0.0,0.0005549673062458663,0.0,4,False,True
100000007865484100,,0.0,-1,0.0,,1,0,584600.0,0.0,0.00036618616723092773,0.0,4,False,True
100000005367180100,,0.0,-1,0.0,,1,0,7700.0,0.0,0.0007828047220453434,0.0,4,False,True
100000001669260100,,0.0,-1,0.0,,1,0,500000.0,0.0,0.000560115378020431,0.0,4,False,True
100000001297206100,,0.0,-1,0.0,,1,0,6758.0,0.0,0.00029851097242758,0.0,4,False,True
100000002645046100,,0.0,-1,0.0,,1,0,12000.0,0.0,0.00029199108961479553,0.0,4,False,True
100000006308406100,,0.0,-1,0.0,,1,0,183000.0,0.0,0.0005393608128932442,0.0,4,False,True
100000002728246100,,0.0,-1,0.0,,1,0,10000.0,0.0,0.0005386393313923881,0.0,4,False,True
100000001590795100,,0.0,-1,0.0,,1,0,5060.0,0.0,0.00028827715127657203,0.0,4,False,True
100000006257675100,,0.0,-1,0.0,,1,0,70000.0,0.0,0.0003826480172080926,0.0,4,False,True
100000002130400100,,0.0,-1,0.0,,1,0,10000.0,0.0,0.00031754580623604263,0.0,4,False,True
100000000557536100,,0.0,-1,0.0,,1,0,153000.0,0.0,0.00030077248827335636,0.0,4,False,True
100000002689717100,,0.0,-1,0.0,,1,0,47500.0,0.0,0.0003033499223442049,0.0,4,False,True
100000005189258100,,0.0,-1,0.0,,1,0,50000.0,0.0,0.00031597643294580327,0.0,4,False,True
100000002748511100,,0.0,-1,0.0,,1,0,20000.0,0.0,0.0005674892808776474,0.0,4,False,True
100000002371892100,,0.0,-1,0.0,,1,0,43830.0,0.0,0.00030653262004379635,0.0,4,False,True
100000008130868100,,0.0,-1,0.0,,1,0,22782.0,0.0,0.0004516044976627326,0.0,4,False,True
100000007153161100,,0.0,-1,0.0,,1,0,44997.0,0.0,0.0005309451743246838,0.0,4,False,True
100000002994441100,,0.0,-1,0.0,,1,0,5000.0,0.0,0.0005532703163220673,0.0,4,False,True
100000001065481100,,0.0,-1,0.0,,1,0,16000.0,0.0,0.00043226569249872176,0.0,4,False,True
100000007731977100,,0.0,-1,0.0,,1,0,50000.0,0.0,0.0003367721755154738,0.0,4,False,True
100000003252446100,,0.0,-1,0.0,,1,0,108600.0,0.0,0.00029998773072103645,0.0,4,False,True
100000002671326100,,0.0,-1,0.0,,1,0,1050000.0,0.0,0.0006294451129335774,0.0,4,False,True
100000005087923100,,0.0,-1,0.0,,1,0,20000.0,0.0,0.0004605791647030636,0.0,4,False,True
100000008770483100,,0.0,-1,0.0,,1,0,5000.0,0.0,0.0002888920536538102,0.0,4,False,True
100000002748040100,,0.0,-1,0.0,,1,0,18000.0,0.0,0.0002923072164548583,0.0,4,False,True
100000004800648100,,0.0,-1,0.0,,1,0,131000.0,0.0,0.0003368336531012062,0.0,4,False,True
100000005025629100,,0.0,-1,0.0,,1,0,5227.0,0.0,0.0003141510108848508,0.0,4,False,True
100000000581682100,,0.0,-1,0.0,,1,0,5000.0,0.0,0.0002908621872233397,0.0,4,False,True
100000004976946100,,0.0,-1,0.0,,1,0,246000.0,0.0,0.000319492918509721,0.0,4,False,True
100000000957746100,,0.0,-1,0.0,,1,0,5300.0,0.0,0.00034730735985062075,0.0,4,False,True
100000003001138100,,0.0,-1,0.0,,1,0,30000.0,0.0,0.0003173266522535839,0.0,4,False,True
100000001325618100,,0.0,-1,0.0,,1,0,9300.0,0.0,0.000290546185650357,0.0,4,False,True
100000003792647100,,0.0,-1,0.0,,1,0,8000.0,0.0,0.0004002731421119268,0.0,4,False,True
100000004107228100,,0.0,-1,0.0,,1,0,5000.0,0.0,0.0002887085719064815,0.0,4,False,True
100000003500764100,,0.0,-1,0.0,,1,0,21000.0,0.0,0.0005301918184248244,0.0,4,False,True
100000004261340100,,0.0,-1,0.0,,1,0,48500.0,0.0,0.00034738504920153653,0.0,4,False,True
100000008172721100,,0.0,-1,0.0,,1,0,168335.0,0.0,0.00039521609203523213,0.0,4,False,True
100000005079473100,,0.0,-1,0.0,,1,0,39312.0,0.0,0.00032600590088597723,0.0,4,False,True
100000004850609100,,0.0,-1,0.0,,1,0,10000.0,0.0,0.00031302949674031055,0.0,4,False,True
100000005042822100,,0.0,-1,0.0,,1,0,1000000.0,0.0,0.00045261173566138284,0.0,4,False,True
100000002794374100,,0.0,-1,0.0,,1,0,111000.0,0.0,0.0003637625168388325,0.0,4,False,True
100000002860934100,,0.0,-1,0.0,,1,0,279500.0,0.0,0.0005814420132554212,0.0,4,False,True
100000003097947100,,0.0,-1,0.0,,1,0,52980.0,0.0,0.0003200783823355938,0.0,4,False,True
100000004260869100,,0.0,-1,0.0,,1,0,10000.0,0.0,0.000842208480336415,0.0,4,False,True
100000008762885100,,0.0,-1,0.0,,1,0,7000.0,0.0,0.0002872637131137807,0.0,4,False,True
100000002986245100,,0.0,-1,0.0,,1,0,5750.0,0.0,0.0002886464045119285,0.0,4,False,True
100000001471706100,,0.0,-1,0.0,,1,0,377000.0,0.0,0.0005401265380892354,0.0,4,False,True
100000002304943100,,0.0,-1,0.0,,1,0,15000.0,0.0,0.00030637187771531986,0.0,4,False,True
100000002695812100,,0.0,-1,0.0,,1,0,95000.0,0.0,0.00032113055047111887,0.0,4,False,True
100000008761220100,,0.0,-1,0.0,,1,0,10000.0,0.0,0.00028688487138758524,0.0,4,False,True
100000004890713100,,0.0,-1,0.0,,1,0,40485.0,0.0,0.0003007240043166196,0.0,4,False,True
100000003083865100,,0.0,-1,0.0,,1,0,15000.0,0.0,0.00029118422941526375,0.0,4,False,True
100000004030553100,,0.0,-1,0.0,,1,0,70000.0,0.0,0.0005308297210537953,0.0,4,False,True
100000002653187100,,0.0,-1,0.0,,1,0,15000.0,0.0,0.0004732789140150342,0.0,4,False,True
100000006412162100,,0.0,-1,0.0,,1,0,15000.0,0.0,0.00029359653846417166,0.0,4,False,True
100000004674178100,,0.0,-1,0.0,,1,0,20000.0,0.0,0.00030274344180862404,0.0,4,False,True
100000004070530100,,0.0,-1,0.0,,1,0,20000.0,0.0,0.00028719909320018945,0.0,4,False,True
100000006706519100,,0.0,-1,0.0,,1,0,36000.0,0.0,0.00039071092103657676,0.0,4,False,True
100000005636951100,,0.0,-1,0.0,,1,0,40000.0,0.0,0.0006355890351888364,0.0,4,False,True
100000003040087100,,0.0,-1,0.0,,1,0,29000.0,0.0,0.0002964248356000384,0.0,4,False,True
100000008766764100,,0.0,-1,0.0,,1,0,5000.0,0.0,0.00028622708280243804,0.0,4,False,True
100000000299820100,,0.0,-1,0.0,,1,0,10000.0,0.0,0.0004501620352243437,0.0,4,False,True
100000008349740100,,0.0,-1,0.0,,1,0,70000.0,0.0,0.00029252500391614434,0.0,4,False,True
100000008761132100,,0.0,-1,0.0,,1,0,10000.0,0.0,0.00028688487138758524,0.0,4,False,True
100000002540033100,,0.0,-1,0.0,,1,0,10000.0,0.0,0.0005960851621180808,0.0,4,False,True
100000001845505100,,0.0,-1,0.0,,1,0,20000.0,0.0,0.0005923838494805277,0.0,4,False,True
100000003782913100,,0.0,-1,0.0,,1,0,200000.0,0.0,0.0002993965636065486,0.0,4,False,True
100000008778753100,,0.0,-1,0.0,,1,0,10000.0,0.0,0.00029415636801295746,0.0,4,False,True
100000008710913100,,0.0,-1,0.0,,1,0,14000.0,0.0,0.00028811097479962785,0.0,4,False,True
100000005495211100,,0.0,-1,0.0,,1,0,14500.0,0.0,0.0005599644833584307,0.0,4,False,True
100000004013952100,,0.0,-1,0.0,,1,0,5500.0,0.0,0.0005331412160251213,0.0,4,False,True
100000007330432100,,0.0,-1,0.0,,1,0,584900.0,0.0,0.00053817599306743,0.0,4,False,True
100000000737152100,,0.0,-1,0.0,,1,0,35000.0,0.0,0.0003445071691804116,0.0,4,False,True
100000004674389100,,0.0,-1,0.0,,1,0,15000.0,0.0,0.0003520253352644254,0.0,4,False,True
100000002529877100,,0.0,-1,0.0,,1,0,232000.0,0.0,0.0003058339492043382,0.0,4,False,True
100000004035925100,,0.0,-1,0.0,,1,0,1111588.0,0.0,0.00046241262393565346,0.0,4,False,True
100000002188586100,,0.0,-1,0.0,,1,0,38310.0,0.0,0.0002999098387129135,0.0,4,False,True
100000008050986100,,0.0,-1,0.0,,1,0,95000.0,0.0,0.00031180831574760716,0.0,4,False,True
100000004777215100,,0.0,-1,0.0,,1,0,60000.0,0.0,0.00046515486374554374,0.0,4,False,True
100000000926078100,,0.0,-1,0.0,,1,0,250000.0,0.0,0.0005165635899862601,0.0,4,False,True
100000003486846100,,0.0,-1,0.0,,1,0,27000.0,0.0,0.0005311359663531782,0.0,4,False,True
100000002516862100,,0.0,-1,0.0,,1,0,81710.0,0.0,0.00034943970609758876,0.0,4,False,True
100000008730238100,,0.0,-1,0.0,,1,0,113000.0,0.0,0.0005632359245676687,0.0,4,False,True
100000000803368100,,0.0,-1,0.0,,1,0,139503.0,0.0,0.0005481144591336169,0.0,4,False,True
100000002528978100,,0.0,-1,0.0,,1,0,15900.0,0.0,0.0002915211255271421,0.0,4,False,True
100000002597074100,,0.0,-1,0.0,,1,0,8000.0,0.0,0.00031042832358882426,0.0,4,False,True
100000003631015100,,0.0,-1,0.0,,1,0,266000.0,0.0,0.00032225093674487795,0.0,4,False,True
100000008255655100,,0.0,-1,0.0,,1,0,5400.0,0.0,0.0005311928331096004,0.0,4,False,True
100000004265639100,,0.0,-1,0.0,,1,0,10000.0,0.0,0.0005523205956514877,0.0,4,False,True
100000002726055100,,0.0,-1,0.0,,1,0,10000.0,0.0,0.00034001485733930624,0.0,4,False,True
100000003696422100,,0.0,-1,0.0,,1,0,118000.0,0.0,0.0007085171420194981,0.0,4,False,True
100000007745062100,,0.0,-1,0.0,,1,0,100000.0,0.0,0.0006252799425245716,0.0,4,False,True
100000005041147100,,0.0,-1,0.0,,1,0,10000.0,0.0,0.0005337622626216141,0.0,4,False,True
100000003819173100,,0.0,-1,0.0,,1,0,143777.0,0.0,0.0002952095652766993,0.0,4,False,True
100000001275557100,,0.0,-1,0.0,,1,0,20000.0,0.0,0.0003475117995580225,0.0,4,False,True
100000002706810100,,0.0,-1,0.0,,1,0,45000.0,0.0,0.0003096510269579332,0.0,4,False,True
100000002896506100,,0.0,-1,0.0,,1,0,45000.0,0.0,0.0003136296448083371,0.0,4,False,True
100000008766031100,,0.0,-1,0.0,,1,0,5000.0,0.0,0.0002864770372824112,0.0,4,False,True
100000008758607100,,0.0,-1,0.0,,1,0,5000.0,0.0,0.00028622708280243804,0.0,4,False,True
100000008648783100,,0.0,-1,0.0,,1,0,5200.0,0.0,0.0002883520722228762,0.0,4,False,True
100000004291663100,,0.0,-1,0.0,,1,0,25000.0,0.0,0.00031117073486638236,0.0,4,False,True
100000003037476100,,0.0,-1,0.0,,3,0,555000.0,0.0,0.0003593540563280306,0.0,4,False,True
100000008715513100,,0.0,-1,0.0,,1,0,32500.0,0.0,0.00030296165675219926,0.0,4,False,True
100000001276409100,,0.0,-1,0.0,,1,0,94760.0,0.0,0.00032104071150795133,0.0,4,False,True
100000003232675100,,0.0,-1,0.0,,1,0,44000.0,0.0,0.00040104453660487797,0.0,4,False,True
100000007988344100,,0.0,-1,0.0,,1,0,20000.0,0.0,0.00038745764148945846,0.0,4,False,True
100000003047800100,,0.0,-1,0.0,,1,0,12212.0,0.0,0.00037457034348758035,0.0,4,False,True
100000003230328100,,0.0,-1,0.0,,3,0,26572.0,0.0,0.00035168013741866146,0.0,4,False,True
100000002702968100,,0.0,-1,0.0,,1,0,31600.0,0.0,0.00029739809103435365,0.0,4,False,True
100000004788983100,,0.0,-1,0.0,,1,0,27000.0,0.0,0.000369468518346216,0.0,4,False,True
100000006490615100,,0.0,-1,0.0,,1,0,41600.0,0.0,0.00039474588702010044,0.0,4,False,True
100000008745676100,,0.0,-1,0.0,,1,0,34547.0,0.0,0.0005303236661827129,0.0,4,False,True
100000001598625100,,0.0,-1,0.0,,1,0,25000.0,0.0,0.00042888184355224774,0.0,4,False,True
100000008461217100,,0.0,-1,0.0,,1,0,18000.0,0.0,0.0005455897895490721,0.0,4,False,True
100000005711521100,,0.0,-1,0.0,,1,0,238000.0,0.0,0.0005338432844113278,0.0,4,False,True
100000002713974100,,0.0,-1,0.0,,1,0,50000.0,0.0,0.0003299501883700874,0.0,4,False,True
100000005272139100,,0.0,-1,0.0,,1,0,165000.0,0.0,0.0007555290963517883,0.0,4,False,True
100000002968096100,,0.0,-1,0.0,,1,0,70000.0,0.0,0.0003194824114349239,0.0,4,False,True
100000004449824100,,0.0,-1,0.0,,1,0,9000.0,0.0,0.00029038564076541934,0.0,4,False,True
100000004502048100,,0.0,-1,0.0,,1,0,13888.0,0.0,0.00033971462250251223,0.0,4,False,True
100000002660298100,,0.0,-1,0.0,,1,0,30900.0,0.0,0.00029713606072511497,0.0,4,False,True
100000001299828100,,0.0,-1,0.0,,1,0,100000.0,0.0,0.0005472629597932584,0.0,4,False,True
100000000581662100,,0.0,-1,0.0,,1,0,21160.0,0.0,0.00030291662853066217,0.0,4,False,True
100000001249054100,,0.0,-1,0.0,,1,0,17375.0,0.0,0.00029207326082160943,0.0,4,False,True
100000008759795100,,0.0,-1,0.0,,1,0,17000.0,0.0,0.0002946668376970891,0.0,4,False,True
100000001299443100,,0.0,-1,0.0,,1,0,8000.0,0.0,0.00028985049114896067,0.0,4,False,True
100000007997939100,,0.0,-1,0.0,,1,0,13000.0,0.0,0.00035796308347988245,0.0,4,False,True
100000003470579100,,0.0,-1,0.0,,1,0,357000.0,0.0,0.0005685326159317399,0.0,4,False,True
100000008649416100,,0.0,-1,0.0,,1,0,5000.0,0.0,0.000533726717629368,0.0,4,False,True
100000008183752100,,0.0,-1,0.0,,1,0,140000.0,0.0,0.0005301890395310136,0.0,4,False,True
100000003950749100,,0.0,-1,0.0,,1,0,7000.0,0.0,0.00038424128954841564,0.0,4,False,True
100000005979037100,,0.0,-1,0.0,,1,0,60300.0,0.0,0.0003248463424153593,0.0,4,False,True
100000008734279100,,0.0,-1,0.0,,1,0,31650.0,0.0,0.0003013329445693454,0.0,4,False,True
100000005589319100,,0.0,-1,0.0,,1,0,26000.0,0.0,0.00030995557415139477,0.0,4,False,True
100000003626268100,,0.0,-1,0.0,,1,0,5000.0,0.0,0.0005308903791336683,0.0,4,False,True
100000001220124100,,0.0,-1,0.0,,1,0,40000.0,0.0,0.0005395565851958802,0.0,4,False,True
100000003904497100,,0.0,-1,0.0,,1,0,10000.0,0.0,0.0003412568244192844,0.0,4,False,True
100000001270470100,,0.0,-1,0.0,,1,0,28300.0,0.0,0.000429741305607408,0.0,4,False,True
100000003091142100,,0.0,-1,0.0,,1,0,40000.0,0.0,0.00040986444107495766,0.0,4,False,True
100000001053894100,,0.0,-1,0.0,,1,0,2000000.0,0.0,0.0004485491925071488,0.0,4,False,True
100000004722630100,,0.0,-1,0.0,,1,0,340000.0,0.0,0.0004921869960127064,0.0,4,False,True
100000004655046100,,0.0,-1,0.0,,1,0,24000.0,0.0,0.0005575082914139779,0.0,4,False,True
100000004019056100,,0.0,-1,0.0,,1,0,50000.0,0.0,0.0005409213827074575,0.0,4,False,True
100000008071749100,,0.0,-1,0.0,,1,0,24943.0,0.0,0.0002949061827934933,0.0,4,False,True
100000008221765100,,0.0,-1,0.0,,1,0,156354.0,0.0,0.0005404417175185718,0.0,4,False,True
100000008778010100,,0.0,-1,0.0,,1,0,76950.0,0.0,0.0005296426486872762,0.0,4,False,True
100000004584730100,,0.0,-1,0.0,,1,0,47000.0,0.0,0.00030383982641037343,0.0,4,False,True
100000004797167100,,0.0,-1,0.0,,1,0,31000.0,0.0,0.0005516247027029544,0.0,4,False,True
100000005010159100,,0.0,-1,0.0,,1,0,7092.0,0.0,0.0006143684568259249,0.0,4,False,True
100000003025903100,,0.0,-1,0.0,,1,0,386300.0,0.0,0.0005264518149577612,0.0,4,False,True
100000003005167100,,0.0,-1,0.0,,1,0,7000.0,0.0,0.00028931534153250194,0.0,4,False,True
100000002214383100,,0.0,-1,0.0,,1,0,213000.0,0.0,0.0005308718022156257,0.0,4,False,True
100000004800452100,,0.0,-1,0.0,,1,0,6544.53,0.0,0.000607979765974599,0.0,4,False,True
100000006903193100,,0.0,-1,0.0,,1,0,9000.0,0.0,0.0003016045268852538,0.0,4,False,True
100000007811950100,,0.0,-1,0.0,,1,0,50000.0,0.0,0.0005462285400719733,0.0,4,False,True
100000000375150100,,0.0,-1,0.0,,1,0,300000.0,0.0,0.0007463802351751577,0.0,4,False,True
100000008775747100,,0.0,-1,0.0,,1,0,5000.0,0.0,0.00028622708280243804,0.0,4,False,True
100000006689603100,,0.0,-1,0.0,,1,0,400000.0,0.0,0.00031238935878786454,0.0,4,False,True
100000005075949100,,0.0,-1,0.0,,1,0,2226000.0,0.0,0.0007679113857379712,0.0,4,False,True
100000003985389100,,0.0,-1,0.0,,1,0,422698.0,0.0,0.0004903551059552773,0.0,4,False,True
100000002478829100,,0.0,-1,0.0,,1,0,34000.0,0.0,0.0003873344502833008,0.0,4,False,True
100000003125997100,,0.0,-1,0.0,,1,0,87750.0,0.0,0.0005483720399494517,0.0,4,False,True
100000003214786100,,0.0,-1,0.0,,1,0,5000.0,0.0,0.00042028195414468963,0.0,4,False,True
100000008308418100,,0.0,-1,0.0,,1,0,50000.0,0.0,0.00043159933146629903,0.0,4,False,True
100000008619159100,,0.0,-1,0.0,,1,0,446400.0,0.0,0.00035658738939848845,0.0,4,False,True
100000004418967100,,0.0,-1,0.0,,1,0,100000.0,0.0,0.0004534748089525571,0.0,4,False,True
100000003173783100,,0.0,-1,0.0,,1,0,23500.0,0.0,0.0003468224290716631,0.0,4,False,True
100000002242455100,,0.0,-1,0.0,,1,0,110000.0,0.0,0.0005321740677312218,0.0,4,False,True
100000004848236100,,0.0,-1,0.0,,1,0,7500.0,0.0,0.00030887463425310343,0.0,4,False,True
100000004674412100,,0.0,-1,0.0,,1,0,46000.0,0.0,0.00048936782009517,0.0,4,False,True
100000007071852100,,0.0,-1,0.0,,1,0,195000.0,0.0,0.0004435147927696225,0.0,4,False,True
100000001498732100,,0.0,-1,0.0,,1,0,5500.0,0.0,0.0002894096098235812,0.0,4,False,True
100000000627521100,,0.0,-1,0.0,,1,0,6500.0,0.0,0.00028609897888673294,0.0,4,False,True
100000003105089100,,0.0,-1,0.0,,1,0,10000.0,0.0,0.00029943768321597685,0.0,4,False,True
100000003166017100,,0.0,-1,0.0,,1,0,15000.0,0.0,0.00029118422941526375,0.0,4,False,True
100000002506987100,,0.0,-1,0.0,,1,0,28200.0,0.0,0.0002961253723894798,0.0,4,False,True
100000005767403100,,0.0,-1,0.0,,1,0,1100000.0,0.0,0.0010818599457011425,0.0,4,False,True
100000005553088100,,0.0,-1,0.0,,1,0,17500.0,0.0,0.0002942853726110019,0.0,4,False,True
100000003632533100,,0.0,-1,0.0,,1,0,10000.0,0.0,0.00042894910408558583,0.0,4,False,True
100000008762005100,,0.0,-1,0.0,,1,0,5000.0,0.0,0.0002867795934290693,0.0,4,False,True
100000002214207100,,0.0,-1,0.0,,1,0,97000.0,0.0,0.0006906066279546782,0.0,4,False,True
100000003180820100,,0.0,-1,0.0,,1,0,101000.0,0.0,0.0002988566236372641,0.0,4,False,True
100000003786516100,,0.0,-1,0.0,,1,0,5000.0,0.0,0.0002931596479812034,0.0,4,False,True
100000005226217100,,0.0,-1,0.0,,1,0,17500.0,0.0,0.0003830224720707795,0.0,4,False,True
100000001533161100,,0.0,-1,0.0,,1,0,100000.0,0.0,0.0003244427669685303,0.0,4,False,True
100000007034089100,,0.0,-1,0.0,,2,0,198000.0,0.0,0.00032111599242809935,0.0,4,False,True
100000008336318100,,0.0,-1,0.0,,1,0,170000.0,0.0,0.00032671946741775836,0.0,4,False,True
100000005370558100,,0.0,-1,0.0,,1,0,5000.0,0.0,0.00029929939547880074,0.0,4,False,True
100000002729875100,,0.0,-1,0.0,,1,0,76000.0,0.0,0.00031401829922035325,0.0,4,False,True
100000006512787100,,0.0,-1,0.0,,1,0,20000.0,0.0,0.0005300461906110881,0.0,4,False,True
100000003186579100,,0.0,-1,0.0,,1,0,110000.0,0.0,0.0005151815504625246,0.0,4,False,True
100000004472936100,,0.0,-1,0.0,,1,0,5000.0,0.0,0.0005318955309395101,0.0,4,False,True
100000002231144100,,0.0,-1,0.0,,1,0,15000.0,0.0,0.0003672376389003139,0.0,4,False,True
100000002505277100,,0.0,-1,0.0,,1,0,60000.0,0.0,0.0004076531172154509,0.0,4,False,True
100000003177533100,,0.0,-1,0.0,,1,0,20000.0,0.0,0.0003381973769821903,0.0,4,False,True
100000005888829100,,0.0,-1,0.0,,1,0,197000.0,0.0,0.00031148616447209,0.0,4,False,True
100000002242066100,,0.0,-1,0.0,,1,0,60000.0,0.0,0.0005337841025658814,0.0,4,False,True
100000008027922100,,0.0,-1,0.0,,1,0,70000.0,0.0,0.0005023680629098515,0.0,4,False,True
100000002686226100,,0.0,-1,0.0,,1,0,430000.0,0.0,0.0006546162523072483,0.0,4,False,True
100000001065234100,,0.0,-1,0.0,,1,0,360000.0,0.0,0.0005486947871235914,0.0,4,False,True
100000000424935100,,0.0,-1,0.0,,1,0,15000.0,0.0,0.0003014479732354374,0.0,4,False,True
100000005723580100,,0.0,-1,0.0,,1,0,35000.0,0.0,0.00034433622437463404,0.0,4,False,True
100000000704700100,,0.0,-1,0.0,,1,0,10000.0,0.0,0.000533255171856773,0.0,4,False,True
100000005293969100,,0.0,-1,0.0,,1,0,5466.97,0.0,0.0005304901604905838,0.0,4,False,True
100000002512742100,,0.0,-1,0.0,,1,0,6000.0,0.0,0.00028878019191604315,0.0,4,False,True
100000001816678100,,0.0,-1,0.0,,1,0,60000.0,0.0,0.0003096552220398208,0.0,4,False,True
100000004586598100,,0.0,-1,0.0,,1,0,761255.0,0.0,0.0005392658410384634,0.0,4,False,True
100000005782886100,,0.0,-1,0.0,,1,0,14000.0,0.0,0.00036353183650008177,0.0,4,False,True
100000002622822100,,0.0,-1,0.0,,1,0,750000.0,0.0,0.0009076861139921067,0.0,4,False,True
100000003718715100,,0.0,-1,0.0,,1,0,915000.0,0.0,0.000575576480964531,0.0,4,False,True
100000006491963100,,0.0,-1,0.0,,1,0,16000.0,0.0,0.0002941316880806304,0.0,4,False,True
100000004526651100,,0.0,-1,0.0,,1,0,33000.0,0.0,0.0002899106988792623,0.0,4,False,True
100000008331280100,,0.0,-1,0.0,,1,0,41000.0,0.0,0.00031806648242539286,0.0,4,False,True
100000004177936100,,0.0,-1,0.0,,1,0,10000.0,0.0,0.00033700711990315843,0.0,4,False,True
100000002922000100,,0.0,-1,0.0,,1,0,448000.0,0.0,0.0004597224521428434,0.0,4,False,True
100000002404112100,,0.0,-1,0.0,,1,0,60000.0,0.0,0.0003300834785756558,0.0,4,False,True
100000000634341100,,0.0,-1,0.0,,1,0,24000.0,0.0,0.00055493827193886,0.0,4,False,True
100000001822650100,,0.0,-1,0.0,,1,0,112000.0,0.0,0.00030590273887598653,0.0,4,False,True
100000004791226100,,0.0,-1,0.0,,1,0,20000.0,0.0,0.0005414836607379305,0.0,4,False,True
100000007841978100,,0.0,-1,0.0,,1,0,449000.0,0.0,0.0005063238893873195,0.0,4,False,True
100000006866831100,,0.0,-1,0.0,,1,0,16500.0,0.0,0.00036767719063950316,0.0,4,False,True
100000002999140100,,0.0,-1,0.0,,1,0,10000.0,0.0,0.0002894826040557577,0.0,4,False,True
100000002884708100,,0.0,-1,0.0,,1,0,1171644.0,0.0,0.0005625754563953265,0.0,4,False,True
100000001130553100,,0.0,-1,0.0,,1,0,18000.0,0.0,0.0005436529519802218,0.0,4,False,True
100000006351075100,,0.0,-1,0.0,,1,0,40000.0,0.0,0.0002910853306876047,0.0,4,False,True
100000005616568100,,0.0,-1,0.0,,1,0,530000.0,0.0,0.0004319554143337925,0.0,4,False,True
100000006381453100,,0.0,-1,0.0,,1,0,45000.0,0.0,0.0005761677704875264,0.0,4,False,True
100000004616845100,,0.0,-1,0.0,,1,0,20200.0,0.0,0.000288817668252161,0.0,4,False,True
100000004908173100,,0.0,-1,0.0,,1,0,21000.0,0.0,0.0003208294523116968,0.0,4,False,True
100000004433250100,,0.0,-1,0.0,,1,0,8000.0,0.0,0.0003065701457455701,0.0,4,False,True
100000003664994100,,0.0,-1,0.0,,1,0,338271.0,0.0,0.0003911208228878406,0.0,4,False,True
100000004673335100,,0.0,-1,0.0,,1,0,80000.0,0.0,0.0004940906043598346,0.0,4,False,True
100000002487222100,,0.0,-1,0.0,,1,0,90000.0,0.0,0.0003104273146144327,0.0,4,False,True
100000000018102100,,0.0,-1,0.0,,1,0,7000.0,0.0,0.0003204029472448961,0.0,4,False,True
100000008638859100,,0.0,-1,0.0,,1,0,34000.0,0.0,0.0005396486131466575,0.0,4,False,True
100000001131403100,,0.0,-1,0.0,,1,0,1570000.0,0.0,0.0005380419296007599,0.0,4,False,True
100000001733216100,,0.0,-1,0.0,,1,0,60000.0,0.0,0.0004076531172154509,0.0,4,False,True
100000004400480100,,0.0,-1,0.0,,1,0,21700.0,0.0,0.0004845728560785352,0.0,4,False,True
100000007539296100,,0.0,-1,0.0,,1,0,46000.0,0.0,0.0005573238796527794,0.0,4,False,True
100000008757301100,,0.0,-1,0.0,,1,0,58398.0,0.0,0.0005305464848242216,0.0,4,False,True
100000002752565100,,0.0,-1,0.0,,1,0,57000.0,0.0,0.00033823599365261585,0.0,4,False,True
100000002734815100,,0.0,-1,0.0,,1,0,110000.0,0.0,0.00031219587687641694,0.0,4,False,True
100000008333492100,,0.0,-1,0.0,,1,0,216400.0,0.0,0.00043801085615694494,0.0,4,False,True
100000006527156100,,0.0,-1,0.0,,1,0,48500.0,0.0,0.0002960785446390128,0.0,4,False,True
100000003448713100,,0.0,-1,0.0,,1,0,266750.0,0.0,0.00030345492477779225,0.0,4,False,True
100000004780083100,,0.0,-1,0.0,,1,0,9999.0,0.0,0.00029338523165935545,0.0,4,False,True
100000004798515100,,0.0,-1,0.0,,1,0,200000.0,0.0,0.0003638354909866272,0.0,4,False,True
100000004232712100,,0.0,-1,0.0,,1,0,12500.0,0.0,0.0005292762077277109,0.0,4,False,True
100000005209352100,,0.0,-1,0.0,,1,0,5000.0,0.0,0.00042028195414468963,0.0,4,False,True
100000000561160100,,0.0,-1,0.0,,1,0,240000.0,0.0,0.00043625462329844033,0.0,4,False,True
100000003568904100,,0.0,-1,0.0,,1,0,49000.0,0.0,0.000531731011956939,0.0,4,False,True
100000000470237100,,0.0,-1,0.0,,1,0,32500.0,0.0,0.0005846333941764127,0.0,4,False,True
100000008560263100,,0.0,-1,0.0,,1,0,100000.0,0.0,0.0003131893168807817,0.0,4,False,True
100000000542087100,,0.0,-1,0.0,,1,0,8506.91,0.0,0.0002864146027372091,0.0,4,False,True
100000004403548100,,0.0,-1,0.0,,1,0,5000.0,0.0,0.0003678656647208173,0.0,4,False,True
100000003010908100,,0.0,-1,0.0,,1,0,17000.0,0.0,0.00039940942699817443,0.0,4,False,True
100000006756956100,,0.0,-1,0.0,,1,0,121200.0,0.0,0.00031094703412755853,0.0,4,False,True
100000007357489100,,0.0,-1,0.0,,2,0,164500.0,0.0,0.00031295949170801585,0.0,4,False,True
100000002599729100,,0.0,-1,0.0,,1,0,65000.0,0.0,0.00048578643675265784,0.0,4,False,True
100000005849862100,,0.0,-1,0.0,,1,0,13000.0,0.0,0.0005484355639203493,0.0,4,False,True
100000008762843100,,0.0,-1,0.0,,1,0,7000.0,0.0,0.0002872637131137807,0.0,4,False,True
100000002723674100,,0.0,-1,0.0,,1,0,30000.0,0.0,0.00032717446121334877,0.0,4,False,True
100000008758106100,,0.0,-1,0.0,,1,0,10000.0,0.0,0.00028688487138758524,0.0,4,False,True
100000001286703100,,0.0,-1,0.0,,1,0,20500.0,0.0,0.0002872398381747619,0.0,4,False,True
