gid,role,role_score,cluster_id,priority_score,evidence,depth,is_seed,in_deg,out_deg,in_kzt,out_kzt,in_tx,out_tx,pagerank,pass_through,truncated_by_depth,betweenness,betweenness_mode,betweenness_sources,betweenness_percentile,n_peers,external_communities,largest_in_share,largest_out_share,temporal_out_share,temporal_matched_kzt,temporal_matched_out_share,same_day_uncertain_kzt,same_day_uncertain_out_share,temporal_unmatched_out_share,seed_inflow_incomplete,depth_outflow_incomplete,observation_completeness,turnover_kzt,operation_count,role_score_uncapped,role_score_cap
100000000011452100,consolidator,0.769066,0,0.593495,Гипотеза сбора: отправителей=3; вход=110000.00 KZT; выход/вход=0.15; крупнейший вход=68%,1,False,3,1,110000.0,16685.0,7,2,0.0004768640252326482,0.1516818181818182,False,3.368496473580486e-06,exact,2248,0.169449081803005,3,1,0.6818181818181818,1.0,1.0,16685.0,1.0,0.0,0.0,0.0,False,False,sample_only,126685.0,9,0.769066,1.0
100000000018102100,peripheral,0.2,0,0.194157,"Вход=1, 7000.00 KZT; выход=0; глубина=4: обход обрезан, конечная роль неизвестна",4,False,1,0,7000.0,0.0,1,0,0.0003204029472448961,0.0,True,0.0,exact,2248,0.0,1,0,1.0,0.0,0.0,0.0,0.0,0.0,0.0,0.0,False,True,depth_outflows_incomplete,7000.0,1,0.2,1.0
100000000031787100,transit,0.783333,1,0.551934,"Гипотеза транзита: вход=90000.00, выход=90000.00 KZT; FIFO 1–7д=67%; в тот же день=?0%; те же деньги не установлены",2,False,1,2,90000.0,90000.0,2,4,0.0004315356304853241,1.0,False,3.962937027741748e-07,exact,2248,0.030884808013355594,2,0,1.0,0.6666666666666666,0.6666666666666666,60000.0,0.6666666666666666,0.0,0.0,0.3333333333333333,False,False,sample_only,180000.0,6,0.783333,1.0
100000000041368100,terminal,0.59,2,0.378589,"Наблюдаемый получатель: входов=1, вход=160000.00 KZT; выход=0; глубина=1; вне выборки операции неизвестны",1,False,1,0,160000.0,0.0,1,0,0.0003176071236192344,0.0,False,0.0,exact,2248,0.0,1,0,1.0,0.0,0.0,0.0,0.0,0.0,0.0,0.0,False,False,sample_only,160000.0,1,0.59,1.0
100000000076451100,transit,0.727336,3,0.798257,"Гипотеза транзита: вход=87707.00, выход=58000.00 KZT; FIFO 1–7д=60%; в тот же день=?0%; те же деньги не установлены",2,False,3,4,87707.0,58000.0,4,4,0.0013962008641423944,0.661292713238396,False,9.76863977338341e-05,exact,2248,0.7445742904841403,5,0,0.48692806731503757,0.5172413793103449,0.7758620689655172,35000.0,0.603448275862069,0.0,0.0,0.39655172413793105,False,False,sample_only,145707.0,8,0.727336,1.0
100000000089154100,distributor,0.870106,0,0.692919,"Гипотеза распределения: входов=1, получателей=15; выход=425500.00 KZT; крупнейший выход=20%; источник средств неизвестен",1,False,1,15,10000.0,425500.0,1,21,0.0002874458184490932,42.55,False,0.00010895478461069692,exact,2248,0.7529215358931552,15,5,1.0,0.19929494712103407,0.2009400705052879,0.0,0.0,10000.0,0.023501762632197415,0.9764982373678026,False,False,sample_only,435500.0,22,0.870106,1.0
100000000190228100,peripheral,0.55,4,0.557079,"Мало связей: входов=1, выходов=1; оборот=33560.00 KZT; FIFO 1–7д=0%; в тот же день=?0%; правила иных ролей не выполнены",2,False,1,1,5000.0,28560.0,1,1,0.0005820068181865648,5.712,False,2.159800680119253e-05,exact,2248,0.46160267111853087,2,0,1.0,1.0,0.0,0.0,0.0,0.0,0.0,1.0,False,False,sample_only,33560.0,2,0.55,1.0
100000000201868100,transit,0.9,5,0.543416,"Гипотеза транзита: вход=190000.00, выход=190000.00 KZT; FIFO 1–7д=100%; в тот же день=?0%; те же деньги не установлены",2,False,1,1,190000.0,190000.0,1,1,0.0009746432509228606,1.0,False,0.0,exact,2248,0.0,1,0,1.0,1.0,1.0,190000.0,1.0,0.0,0.0,0.0,False,False,sample_only,380000.0,2,0.9,1.0
100000000254336100,peripheral,0.3,0,0.511524,"Роль неоднозначна: входов=2, выходов=1; оборот=157177.00 KZT; FIFO 1–7д=100%; в тот же день=?0%; правила иных ролей не выполнены",3,False,2,1,97177.0,60000.0,2,1,0.0002919351427687482,0.6174300503205491,False,1.922024458454748e-05,exact,2248,0.2871452420701169,3,0,0.7160953723617729,1.0,1.0,60000.0,1.0,0.0,0.0,0.0,False,False,sample_only,157177.0,3,0.3,1.0
100000000267734100,distributor,0.792128,1,0.697834,"Гипотеза распределения: входов=2, получателей=7; выход=282000.00 KZT; крупнейший выход=32%; источник средств неизвестен",1,False,2,7,180000.0,282000.0,4,8,0.0005373190777888428,1.5666666666666667,False,3.5666433249675733e-06,exact,2248,0.17195325542570952,8,0,0.6666666666666666,0.3191489361702128,0.4148936170212766,27000.0,0.09574468085106383,13000.0,0.04609929078014184,0.8581560283687943,False,False,sample_only,462000.0,12,0.792128,1.0
100000000274067100,peripheral,0.3,1,0.692132,"Роль неоднозначна: входов=2, выходов=3; оборот=3486704.00 KZT; FIFO 1–7д=0%; в тот же день=?7%; правила иных ролей не выполнены",1,False,2,3,517704.0,2969000.0,9,9,0.0004137036512851875,5.734937338710924,False,1.1888811083225246e-06,exact,2248,0.09849749582637729,4,0,0.5794817115571833,0.9767598518019536,0.018524755810037048,5000.0,0.001684068710003368,217704.0,0.07332569888851465,0.9249902324014819,False,False,sample_only,3486704.0,18,0.3,1.0
100000000287768100,terminal,0.59,0,0.198105,"Наблюдаемый получатель: входов=1, вход=35168.00 KZT; выход=0; глубина=3; вне выборки операции неизвестны",3,False,1,0,35168.0,0.0,1,0,0.0002886880716986401,0.0,False,0.0,exact,2248,0.0,1,0,1.0,0.0,0.0,0.0,0.0,0.0,0.0,0.0,False,False,sample_only,35168.0,1,0.59,1.0
100000000288317100,peripheral,0.3,0,0.678992,"Роль неоднозначна: входов=2, выходов=3; оборот=153500.00 KZT; FIFO 1–7д=56%; в тот же день=?31%; правила иных ролей не выполнены",3,False,2,3,100000.0,53500.0,2,3,0.0003128334856204945,0.535,False,5.8255174307803695e-05,exact,2248,0.6569282136894825,5,1,0.5,0.5607476635514018,0.5607476635514018,30000.0,0.5607476635514018,16500.0,0.308411214953271,0.1308411214953271,False,False,sample_only,153500.0,5,0.3,1.0
100000000291906100,peripheral,0.3,6,0.851177,"Роль неоднозначна: входов=2, выходов=2; оборот=843854.00 KZT; FIFO 1–7д=2%; в тот же день=?35%; правила иных ролей не выполнены",2,False,2,2,388000.0,455854.0,3,6,0.0007629373053537488,1.1748814432989692,False,7.806985944651244e-05,exact,2248,0.7161936560934892,3,1,0.979381443298969,0.6482338643513055,0.12174950751775789,8000.0,0.017549478561118253,160354.0,0.3517661356486945,0.6306843857901873,False,False,sample_only,843854.0,9,0.3,1.0
100000000291908100,peripheral,0.55,6,0.711594,"Мало связей: входов=1, выходов=1; оборот=308800.00 KZT; FIFO 1–7д=100%; в тот же день=?0%; правила иных ролей не выполнены",3,False,1,1,295500.0,13300.0,5,1,0.0007065527083397005,0.045008460236886635,False,1.981468513870874e-05,exact,2248,0.4073455759599332,2,0,1.0,1.0,1.0,13300.0,1.0,0.0,0.0,0.0,False,False,sample_only,308800.0,6,0.55,1.0
100000000297649100,peripheral,0.55,7,0.485767,"Мало связей: входов=1, выходов=1; оборот=110600.00 KZT; FIFO 1–7д=0%; в тот же день=?0%; правила иных ролей не выполнены",2,False,1,1,40000.0,70600.0,1,2,0.0008091385858414708,1.765,False,0.0,exact,2248,0.0,1,0,1.0,1.0,0.0,0.0,0.0,0.0,0.0,1.0,False,False,sample_only,110600.0,3,0.55,1.0
100000000299820100,peripheral,0.2,8,0.244493,"Вход=1, 10000.00 KZT; выход=0; глубина=4: обход обрезан, конечная роль неизвестна",4,False,1,0,10000.0,0.0,1,0,0.0004501620352243438,0.0,True,0.0,exact,2248,0.0,1,0,1.0,0.0,0.0,0.0,0.0,0.0,0.0,0.0,False,True,depth_outflows_incomplete,10000.0,1,0.2,1.0
100000000307908100,terminal,0.59,9,0.141532,"Наблюдаемый получатель: входов=1, вход=5000.00 KZT; выход=0; глубина=2; вне выборки операции неизвестны",2,False,1,0,5000.0,0.0,1,0,0.0002964337747494595,0.0,False,0.0,exact,2248,0.0,1,0,1.0,0.0,0.0,0.0,0.0,0.0,0.0,0.0,False,False,sample_only,5000.0,1,0.59,1.0
100000000331309100,coordinator,0.898331,10,0.985441,"Гипотеза связующего: соседей=104, внешних сообществ=13; посредничество=0.00456; не доказательство управления",2,False,5,99,984635.0,23001375.0,8,126,0.0008756899038073762,23.360306103276848,False,0.0045572340502675075,exact,2248,0.991652754590985,104,13,0.3249935255196088,0.09006113764937966,0.6672137209188581,0.0,0.0,984635.0,0.04280765823782274,0.9571923417621773,False,False,sample_only,23986010.0,134,0.898331,1.0
100000000332284100,peripheral,0.3,10,0.857905,"Роль неоднозначна: входов=10, выходов=3; оборот=396926.00 KZT; FIFO 1–7д=10%; в тот же день=?0%; правила иных ролей не выполнены",2,False,10,3,107426.0,289500.0,12,3,0.0007170946224349074,2.69487833485376,False,0.00010913726639027337,exact,2248,0.7545909849749582,13,4,0.22085900992310986,0.9430051813471503,1.0,28000.0,0.09671848013816926,0.0,0.0,0.9032815198618307,False,False,sample_only,396926.0,15,0.3,1.0
100000000343175100,coordinator,0.88798,11,0.963037,"Гипотеза связующего: соседей=39, внешних сообществ=10; посредничество=0.00109; не доказательство управления; seed: вход неполон",0,True,8,31,178712.0,4000039.0,14,33,0.0007132581979384051,22.382598818210305,False,0.0010946926090299827,exact,2248,0.9398998330550918,39,10,0.3290209946729934,0.15549848388978207,0.9702627899377981,0.0,0.0,173212.0,0.04330257779986645,0.9566974222001335,True,False,seed_inflows_incomplete,4178751.0,47,0.88798,1.0
100000000369781100,peripheral,0.2,10,0.238795,"Вход=1, 5000.00 KZT; выход=0; глубина=4: обход обрезан, конечная роль неизвестна",4,False,1,0,5000.0,0.0,1,0,0.0005324777910582564,0.0,True,0.0,exact,2248,0.0,1,0,1.0,0.0,0.0,0.0,0.0,0.0,0.0,0.0,False,True,depth_outflows_incomplete,5000.0,1,0.2,1.0
100000000375150100,peripheral,0.2,12,0.491734,"Вход=1, 300000.00 KZT; выход=0; глубина=4: обход обрезан, конечная роль неизвестна",4,False,1,0,300000.0,0.0,1,0,0.0007463802351751578,0.0,True,0.0,exact,2248,0.0,1,0,1.0,0.0,0.0,0.0,0.0,0.0,0.0,0.0,False,True,depth_outflows_incomplete,300000.0,1,0.2,1.0
100000000404740100,peripheral,0.2,13,0.322622,"Вход=1, 25000.00 KZT; выход=0; глубина=4: обход обрезан, конечная роль неизвестна",4,False,1,0,25000.0,0.0,1,0,0.0005579900727464834,0.0,True,0.0,exact,2248,0.0,1,0,1.0,0.0,0.0,0.0,0.0,0.0,0.0,0.0,False,True,depth_outflows_incomplete,25000.0,1,0.2,1.0
100000000408846100,terminal,0.59,14,0.247342,"Наблюдаемый получатель: входов=1, вход=40500.00 KZT; выход=0; глубина=3; вне выборки операции неизвестны",3,False,1,0,40500.0,0.0,1,0,0.0002957255734808806,0.0,False,0.0,exact,2248,0.0,1,0,1.0,0.0,0.0,0.0,0.0,0.0,0.0,0.0,False,False,sample_only,40500.0,1,0.59,1.0
100000000413678100,peripheral,0.3,8,0.74625,"Роль неоднозначна: входов=2, выходов=3; оборот=834698.00 KZT; FIFO 1–7д=25%; в тот же день=?1%; правила иных ролей не выполнены",3,False,2,3,306500.0,528198.0,2,18,0.00030069885417385005,1.723321370309951,False,5.7660733753642434e-05,exact,2248,0.6469115191986644,5,1,0.5106035889070146,0.8002642948288331,0.25085100663008947,132499.0,0.25085100663008947,6000.0,0.011359376597412334,0.7377896167724982,False,False,sample_only,834698.0,20,0.3,1.0
100000000424935100,peripheral,0.2,15,0.193237,"Вход=1, 15000.00 KZT; выход=0; глубина=4: обход обрезан, конечная роль неизвестна",4,False,1,0,15000.0,0.0,1,0,0.00030144797323543743,0.0,True,0.0,exact,2248,0.0,1,0,1.0,0.0,0.0,0.0,0.0,0.0,0.0,0.0,False,True,depth_outflows_incomplete,15000.0,1,0.2,1.0
100000000425407100,terminal,0.59,2,0.220132,"Наблюдаемый получатель: входов=1, вход=20000.00 KZT; выход=0; глубина=2; вне выборки операции неизвестны",2,False,1,0,20000.0,0.0,1,0,0.0003050945932713814,0.0,False,0.0,exact,2248,0.0,1,0,1.0,0.0,0.0,0.0,0.0,0.0,0.0,0.0,False,False,sample_only,20000.0,1,0.59,1.0
100000000437046100,coordinator,0.89399,0,0.976135,"Гипотеза связующего: соседей=48, внешних сообществ=7; посредничество=0.00220; не доказательство управления",2,False,9,42,1107200.0,7606224.0,20,73,0.0007924860106097877,6.86978323699422,False,0.002197148494797041,exact,2248,0.9699499165275459,48,7,0.4895231213872832,0.14527352862603046,0.718001336799968,482661.0,0.06345605914314383,560562.0,0.07369780327268827,0.862846137584168,False,False,sample_only,8713424.0,93,0.89399,1.0
100000000440392100,terminal,0.59,16,0.369572,"Наблюдаемый получатель: входов=1, вход=105705.00 KZT; выход=0; глубина=1; вне выборки операции неизвестны",1,False,1,0,105705.0,0.0,4,0,0.0002969344900653258,0.0,False,0.0,exact,2248,0.0,1,0,1.0,0.0,0.0,0.0,0.0,0.0,0.0,0.0,False,False,sample_only,105705.0,4,0.59,1.0
100000000456947100,peripheral,0.0,17,0.0,"Связей=0, операций=0; изолирован, данных для роли нет; seed: вход неполон",0,True,0,0,0.0,0.0,0,0,0.0002855692942172909,,False,0.0,exact,2248,0.0,0,0,0.0,0.0,0.0,0.0,0.0,0.0,0.0,0.0,True,False,no_operations;seed_inflows_incomplete,0.0,0,0.0,1.0
100000000470237100,peripheral,0.2,15,0.346961,"Вход=1, 32500.00 KZT; выход=0; глубина=4: обход обрезан, конечная роль неизвестна",4,False,1,0,32500.0,0.0,1,0,0.000584633394176413,0.0,True,0.0,exact,2248,0.0,1,0,1.0,0.0,0.0,0.0,0.0,0.0,0.0,0.0,False,True,depth_outflows_incomplete,32500.0,1,0.2,1.0
100000000481716100,terminal,0.59,18,0.222533,"Наблюдаемый получатель: входов=1, вход=8000.00 KZT; выход=0; глубина=3; вне выборки операции неизвестны",3,False,1,0,8000.0,0.0,1,0,0.0003771539261882796,0.0,False,0.0,exact,2248,0.0,1,0,1.0,0.0,0.0,0.0,0.0,0.0,0.0,0.0,False,False,sample_only,8000.0,1,0.59,1.0
100000000489417100,peripheral,0.3,12,0.630952,"Роль неоднозначна: входов=3, выходов=1; оборот=153504.00 KZT; FIFO 1–7д=0%; в тот же день=?25%; правила иных ролей не выполнены",2,False,3,1,73504.0,80000.0,3,1,0.0005517574141078734,1.0883761427949499,False,1.4045481435864878e-05,exact,2248,0.21035058430717862,4,1,0.38778841967784067,1.0,0.0,0.0,0.0,20000.0,0.25,0.75,False,False,sample_only,153504.0,4,0.3,1.0
100000000490383100,distributor,0.748323,16,0.825024,"Гипотеза распределения: входов=3, получателей=8; выход=461375.00 KZT; крупнейший выход=74%; источник средств неизвестен",2,False,3,8,62600.0,461375.0,3,9,0.0005480373500605439,7.37020766773163,False,5.1650279261567445e-05,exact,2248,0.6310517529215359,11,2,0.8242811501597445,0.7445136819290166,0.0,0.0,0.0,5000.0,0.01083717149823896,0.9891628285017611,False,False,sample_only,523975.0,12,0.748323,1.0
100000000500040100,peripheral,0.2,0,0.221658,"Вход=1, 20000.00 KZT; выход=0; глубина=4: обход обрезан, конечная роль неизвестна",4,False,1,0,20000.0,0.0,1,0,0.00030605044673656407,0.0,True,0.0,exact,2248,0.0,1,0,1.0,0.0,0.0,0.0,0.0,0.0,0.0,0.0,False,True,depth_outflows_incomplete,20000.0,1,0.2,1.0
100000000507799100,peripheral,0.55,19,0.394743,"Мало связей: входов=1, выходов=1; оборот=13132.00 KZT; FIFO 1–7д=64%; в тот же день=?0%; правила иных ролей не выполнены",1,False,1,1,5132.0,8000.0,1,1,0.0002861210768679897,1.558846453624318,False,0.00011532146750728487,exact,2248,0.7621035058430717,2,1,1.0,1.0,1.0,5132.0,0.6415,0.0,0.0,0.3585,False,False,sample_only,13132.0,2,0.55,1.0
100000000533217100,terminal,0.59,0,0.388863,"Наблюдаемый получатель: входов=1, вход=53587.00 KZT; выход=0; глубина=2; вне выборки операции неизвестны",2,False,1,0,53587.0,0.0,1,0,0.0006536029907362595,0.0,False,0.0,exact,2248,0.0,1,0,1.0,0.0,0.0,0.0,0.0,0.0,0.0,0.0,False,False,sample_only,53587.0,1,0.59,1.0
100000000534581100,peripheral,0.3,8,0.507666,"Роль неоднозначна: входов=2, выходов=1; оборот=95960.00 KZT; FIFO 1–7д=22%; в тот же день=?0%; правила иных ролей не выполнены",3,False,2,1,55960.0,40000.0,2,1,0.0002984533219886514,0.7147962830593281,False,1.922024458454748e-05,exact,2248,0.2871452420701169,3,1,0.839385275196569,1.0,1.0,8988.0,0.2247,0.0,0.0,0.7753,False,False,sample_only,95960.0,3,0.3,1.0
100000000542087100,peripheral,0.2,20,0.094067,"Вход=1, 8506.91 KZT; выход=0; глубина=4: обход обрезан, конечная роль неизвестна",4,False,1,0,8506.91,0.0,1,0,0.0002864146027372091,0.0,True,0.0,exact,2248,0.0,1,0,1.0,0.0,0.0,0.0,0.0,0.0,0.0,0.0,False,True,depth_outflows_incomplete,8506.91,1,0.2,1.0
100000000552584100,peripheral,0.55,21,0.673777,"Мало связей: входов=1, выходов=1; оборот=2557500.00 KZT; FIFO 1–7д=100%; в тот же день=?0%; правила иных ролей не выполнены",3,False,1,1,2500000.0,57500.0,3,1,0.0013254360037725061,0.023,False,0.0,exact,2248,0.0,2,0,1.0,1.0,1.0,57500.0,1.0,0.0,0.0,0.0,False,False,sample_only,2557500.0,4,0.55,1.0
100000000555721100,terminal,0.63,0,0.452019,"Наблюдаемый получатель: входов=2, вход=113000.00 KZT; выход=0; глубина=1; вне выборки операции неизвестны",1,False,2,0,113000.0,0.0,3,0,0.00030809196179581376,0.0,False,0.0,exact,2248,0.0,2,0,0.8407079646017699,0.0,0.0,0.0,0.0,0.0,0.0,0.0,False,False,sample_only,113000.0,3,0.63,1.0
100000000557536100,peripheral,0.2,20,0.409231,"Вход=1, 153000.00 KZT; выход=0; глубина=4: обход обрезан, конечная роль неизвестна",4,False,1,0,153000.0,0.0,7,0,0.00030077248827335636,0.0,True,0.0,exact,2248,0.0,1,0,1.0,0.0,0.0,0.0,0.0,0.0,0.0,0.0,False,True,depth_outflows_incomplete,153000.0,7,0.2,1.0
100000000560751100,terminal,0.59,12,0.321097,"Наблюдаемый получатель: входов=1, вход=25000.00 KZT; выход=0; глубина=3; вне выборки операции неизвестны",3,False,1,0,25000.0,0.0,1,0,0.0005524500973404968,0.0,False,0.0,exact,2248,0.0,1,0,1.0,0.0,0.0,0.0,0.0,0.0,0.0,0.0,False,False,sample_only,25000.0,1,0.59,1.0
100000000561160100,peripheral,0.2,2,0.443955,"Вход=1, 240000.00 KZT; выход=0; глубина=4: обход обрезан, конечная роль неизвестна",4,False,1,0,240000.0,0.0,1,0,0.00043625462329844033,0.0,True,0.0,exact,2248,0.0,1,0,1.0,0.0,0.0,0.0,0.0,0.0,0.0,0.0,False,True,depth_outflows_incomplete,240000.0,1,0.2,1.0
100000000569479100,terminal,0.59,0,0.45028,"Наблюдаемый получатель: входов=1, вход=320000.00 KZT; выход=0; глубина=3; вне выборки операции неизвестны",3,False,1,0,320000.0,0.0,1,0,0.0003949532398197791,0.0,False,0.0,exact,2248,0.0,1,0,1.0,0.0,0.0,0.0,0.0,0.0,0.0,0.0,False,False,sample_only,320000.0,1,0.59,1.0
100000000572276100,peripheral,0.55,22,0.331759,"Мало связей: входов=1, выходов=1; оборот=47622.00 KZT; FIFO 1–7д=0%; в тот же день=?0%; правила иных ролей не выполнены",3,False,1,1,13075.0,34547.0,1,1,0.00028761001118010675,2.6422179732313578,False,1.387027959709612e-06,exact,2248,0.11519198664440734,2,0,1.0,1.0,0.0,0.0,0.0,0.0,0.0,1.0,False,False,sample_only,47622.0,2,0.55,1.0
100000000580561100,peripheral,0.3,23,0.715999,"Роль неоднозначна: входов=2, выходов=3; оборот=1516057.00 KZT; FIFO 1–7д=1%; в тот же день=?1%; правила иных ролей не выполнены; seed: вход неполон",0,True,2,3,27980.0,1488077.0,3,13,0.0008349888856684654,53.183595425303785,False,1.1888811083225246e-06,exact,2248,0.09849749582637729,3,0,0.6676197283774125,0.5342465477256889,0.8107624807049635,9300.0,0.006249676596036361,18680.0,0.012553113850963358,0.9811972095530003,True,False,seed_inflows_incomplete,1516057.0,16,0.3,1.0
100000000581662100,peripheral,0.2,24,0.222286,"Вход=1, 21160.00 KZT; выход=0; глубина=4: обход обрезан, конечная роль неизвестна",4,False,1,0,21160.0,0.0,1,0,0.00030291662853066217,0.0,True,0.0,exact,2248,0.0,1,0,1.0,0.0,0.0,0.0,0.0,0.0,0.0,0.0,False,True,depth_outflows_incomplete,21160.0,1,0.2,1.0
100000000581682100,peripheral,0.2,15,0.114883,"Вход=1, 5000.00 KZT; выход=0; глубина=4: обход обрезан, конечная роль неизвестна",4,False,1,0,5000.0,0.0,1,0,0.0002908621872233397,0.0,True,0.0,exact,2248,0.0,1,0,1.0,0.0,0.0,0.0,0.0,0.0,0.0,0.0,False,True,depth_outflows_incomplete,5000.0,1,0.2,1.0
100000000583220100,peripheral,0.55,25,0.625753,"Мало связей: входов=1, выходов=1; оборот=766255.00 KZT; FIFO 1–7д=1%; в тот же день=?0%; правила иных ролей не выполнены",3,False,1,1,5000.0,761255.0,1,4,0.0002981132552282115,152.251,False,1.9616538287321655e-05,exact,2248,0.3831385642737897,2,1,1.0,1.0,0.052544810871521366,5000.0,0.006568101358940171,0.0,0.0,0.9934318986410599,False,False,sample_only,766255.0,5,0.55,1.0
100000000594783100,peripheral,0.55,21,0.688829,"Мало связей: входов=1, выходов=2; оборот=2787500.00 KZT; FIFO 1–7д=100%; в тот же день=?0%; правила иных ролей не выполнены",3,False,1,2,2635000.0,152500.0,10,2,0.0013815888060884878,0.05787476280834915,False,0.0,exact,2248,0.0,2,0,1.0,0.6065573770491803,1.0,152500.0,1.0,0.0,0.0,0.0,False,False,sample_only,2787500.0,12,0.55,1.0
100000000596954100,peripheral,0.3,2,0.713638,"Роль неоднозначна: входов=1, выходов=2; оборот=168100.00 KZT; FIFO 1–7д=100%; в тот же день=?0%; правила иных ролей не выполнены",2,False,1,2,120000.0,48100.0,1,2,0.0005156144546495897,0.4008333333333333,False,4.834783173844933e-05,exact,2248,0.6293823038397329,3,0,1.0,0.8274428274428275,1.0,48100.0,1.0,0.0,0.0,0.0,False,False,sample_only,168100.0,3,0.3,1.0
100000000600707100,peripheral,0.2,26,0.445256,"Вход=1, 89000.00 KZT; выход=0; глубина=4: обход обрезан, конечная роль неизвестна",4,False,1,0,89000.0,0.0,2,0,0.0005701602511841814,0.0,True,0.0,exact,2248,0.0,1,0,1.0,0.0,0.0,0.0,0.0,0.0,0.0,0.0,False,True,depth_outflows_incomplete,89000.0,2,0.2,1.0
100000000607731100,peripheral,0.55,27,0.447333,"Мало связей: входов=1, выходов=1; оборот=86666.00 KZT; FIFO 1–7д=0%; в тот же день=?0%; правила иных ролей не выполнены",1,False,1,1,20000.0,66666.0,1,1,0.0003175358448925586,3.3333,False,5.944405541612623e-07,exact,2248,0.052587646076794656,2,0,1.0,1.0,0.0,0.0,0.0,0.0,0.0,1.0,False,False,sample_only,86666.0,2,0.55,1.0
100000000607941100,peripheral,0.55,16,0.714285,"Мало связей: входов=2, выходов=1; оборот=120000.00 KZT; FIFO 1–7д=29%; в тот же день=?14%; правила иных ролей не выполнены",2,False,2,1,50000.0,70000.0,3,4,0.0005785720589504693,1.4,False,5.7660733753642434e-05,exact,2248,0.6469115191986644,2,0,0.6,1.0,0.2857142857142857,20000.0,0.2857142857142857,10000.0,0.14285714285714285,0.5714285714285714,False,False,sample_only,120000.0,7,0.55,1.0
100000000608031100,peripheral,0.2,28,0.330451,"Вход=1, 30000.00 KZT; выход=0; глубина=4: обход обрезан, конечная роль неизвестна",4,False,1,0,30000.0,0.0,1,0,0.0005386366709608575,0.0,True,0.0,exact,2248,0.0,1,0,1.0,0.0,0.0,0.0,0.0,0.0,0.0,0.0,False,True,depth_outflows_incomplete,30000.0,1,0.2,1.0
100000000611474100,terminal,0.59,29,0.346961,"Наблюдаемый получатель: входов=1, вход=32000.00 KZT; выход=0; глубина=3; вне выборки операции неизвестны",3,False,1,0,32000.0,0.0,1,0,0.0005956216679556007,0.0,False,0.0,exact,2248,0.0,1,0,1.0,0.0,0.0,0.0,0.0,0.0,0.0,0.0,False,False,sample_only,32000.0,1,0.59,1.0
100000000625169100,terminal,0.59,22,0.120446,"Наблюдаемый получатель: входов=1, вход=10000.00 KZT; выход=0; глубина=2; вне выборки операции неизвестны",2,False,1,0,10000.0,0.0,1,0,0.00028896566732328953,0.0,False,0.0,exact,2248,0.0,1,0,1.0,0.0,0.0,0.0,0.0,0.0,0.0,0.0,False,False,sample_only,10000.0,1,0.59,1.0
100000000627521100,peripheral,0.2,30,0.086754,"Вход=1, 6500.00 KZT; выход=0; глубина=4: обход обрезан, конечная роль неизвестна",4,False,1,0,6500.0,0.0,1,0,0.00028609897888673294,0.0,True,0.0,exact,2248,0.0,1,0,1.0,0.0,0.0,0.0,0.0,0.0,0.0,0.0,False,True,depth_outflows_incomplete,6500.0,1,0.2,1.0
100000000629812100,terminal,0.63,31,0.303611,"Наблюдаемый получатель: входов=2, вход=22000.00 KZT; выход=0; глубина=2; вне выборки операции неизвестны",2,False,2,0,22000.0,0.0,2,0,0.0002979840074392023,0.0,False,0.0,exact,2248,0.0,2,1,0.5454545454545454,0.0,0.0,0.0,0.0,0.0,0.0,0.0,False,False,sample_only,22000.0,2,0.63,1.0
100000000634341100,peripheral,0.2,0,0.352142,"Вход=1, 24000.00 KZT; выход=0; глубина=4: обход обрезан, конечная роль неизвестна",4,False,1,0,24000.0,0.0,2,0,0.00055493827193886,0.0,True,0.0,exact,2248,0.0,1,0,1.0,0.0,0.0,0.0,0.0,0.0,0.0,0.0,False,True,depth_outflows_incomplete,24000.0,2,0.2,1.0
100000000640800100,peripheral,0.3,8,0.774682,"Роль неоднозначна: входов=1, выходов=4; оборот=598135.00 KZT; FIFO 1–7д=12%; в тот же день=?3%; правила иных ролей не выполнены",3,False,1,4,80000.0,518135.0,1,6,0.00030324034248046286,6.4766875,False,0.00014517495482809593,exact,2248,0.8080133555926544,5,1,1.0,0.8213033282831694,0.3694674167929208,63888.0,0.1233037721829253,16112.0,0.031096142897121405,0.8456000849199533,False,False,sample_only,598135.0,7,0.3,1.0
100000000646541100,consolidator,0.819289,0,0.437046,Гипотеза сбора: отправителей=3; вход=25300.00 KZT; выход/вход=0.00; крупнейший вход=41%,2,False,3,0,25300.0,0.0,4,0,0.0005058630830440055,0.0,False,0.0,exact,2248,0.0,3,1,0.40711462450592883,0.0,0.0,0.0,0.0,0.0,0.0,0.0,False,False,sample_only,25300.0,4,0.819289,1.0
100000000655469100,peripheral,0.2,32,0.290949,"Вход=1, 20000.00 KZT; выход=0; глубина=4: обход обрезан, конечная роль неизвестна",4,False,1,0,20000.0,0.0,2,0,0.00034543115072670856,0.0,True,0.0,exact,2248,0.0,1,0,1.0,0.0,0.0,0.0,0.0,0.0,0.0,0.0,False,True,depth_outflows_incomplete,20000.0,2,0.2,1.0
100000000656682100,transit,0.823125,0,0.563893,"Гипотеза транзита: вход=71000.00, выход=80000.00 KZT; FIFO 1–7д=81%; в тот же день=?0%; те же деньги не установлены",3,False,1,2,71000.0,80000.0,1,3,0.0002895680118780556,1.1267605633802817,False,3.844048916909496e-05,exact,2248,0.5450751252086812,3,0,1.0,0.8125,0.8125,65000.0,0.8125,0.0,0.0,0.1875,False,False,sample_only,151000.0,4,0.823125,1.0
100000000661131100,terminal,0.59,22,0.131886,"Наблюдаемый получатель: входов=1, вход=15600.00 KZT; выход=0; глубина=3; вне выборки операции неизвестны",3,False,1,0,15600.0,0.0,1,0,0.00028800410757254345,0.0,False,0.0,exact,2248,0.0,1,0,1.0,0.0,0.0,0.0,0.0,0.0,0.0,0.0,False,False,sample_only,15600.0,1,0.59,1.0
100000000661912100,peripheral,0.3,8,0.941831,"Роль неоднозначна: входов=5, выходов=2; оборот=823736.00 KZT; FIFO 1–7д=30%; в тот же день=?58%; правила иных ролей не выполнены",1,False,5,2,393036.0,430700.0,9,8,0.0017491597591117627,1.0958283719557496,False,0.0013336905452072923,exact,2248,0.9499165275459098,6,1,0.3205813207950417,0.9419549570466682,0.75156721615974,130311.0,0.30255630369166475,247857.0,0.5754748084513582,0.12196888785697702,False,False,sample_only,823736.0,17,0.3,1.0
100000000667713100,transit,0.742447,16,0.756527,"Гипотеза транзита: вход=119495.00, выход=79236.00 KZT; FIFO 1–7д=65%; в тот же день=?16%; те же деньги не установлены",1,False,2,6,119495.0,79236.0,10,7,0.00032010597213203194,0.663090505878907,False,0.00013967625368757418,exact,2248,0.8030050083472454,7,2,0.8933009749361898,0.2831541218637993,0.7452420616891312,51195.0,0.646107829774345,12750.0,0.1609117067999394,0.1929804634257156,False,False,sample_only,198731.0,17,0.742447,1.0
100000000673868100,peripheral,0.3,33,0.8699,"Роль неоднозначна: входов=1, выходов=5; оборот=2413650.00 KZT; FIFO 1–7д=71%; в тот же день=?5%; правила иных ролей не выполнены",3,False,1,5,2030650.0,383000.0,5,19,0.0011728050936714379,0.18860955851574618,False,4.1016398237127094e-05,exact,2248,0.6010016694490818,5,0,1.0,0.39033942558746737,0.7101827676240209,272000.0,0.7101827676240209,20000.0,0.05221932114882506,0.23759791122715404,False,False,sample_only,2413650.0,24,0.3,1.0
100000000673915100,peripheral,0.2,20,0.14963,"Вход=1, 20200.00 KZT; выход=0; глубина=4: обход обрезан, конечная роль неизвестна",4,False,1,0,20200.0,0.0,1,0,0.0002875765133018172,0.0,True,0.0,exact,2248,0.0,1,0,1.0,0.0,0.0,0.0,0.0,0.0,0.0,0.0,False,True,depth_outflows_incomplete,20200.0,1,0.2,1.0
100000000703894100,peripheral,0.55,27,0.530913,"Мало связей: входов=1, выходов=1; оборот=155000.00 KZT; FIFO 1–7д=0%; в тот же день=?0%; правила иных ролей не выполнены",1,False,1,1,120000.0,35000.0,1,1,0.00047736859826889746,0.2916666666666667,False,5.944405541612623e-07,exact,2248,0.052587646076794656,2,0,1.0,1.0,0.0,0.0,0.0,0.0,0.0,1.0,False,False,sample_only,155000.0,2,0.55,1.0
100000000703902100,terminal,0.59,22,0.192093,"Наблюдаемый получатель: входов=1, вход=25499.00 KZT; выход=0; глубина=1; вне выборки операции неизвестны",1,False,1,0,25499.0,0.0,1,0,0.00029092123563524295,0.0,False,0.0,exact,2248,0.0,1,0,1.0,0.0,0.0,0.0,0.0,0.0,0.0,0.0,False,False,sample_only,25499.0,1,0.59,1.0
100000000704700100,peripheral,0.2,34,0.258401,"Вход=1, 10000.00 KZT; выход=0; глубина=4: обход обрезан, конечная роль неизвестна",4,False,1,0,10000.0,0.0,1,0,0.000533255171856773,0.0,True,0.0,exact,2248,0.0,1,0,1.0,0.0,0.0,0.0,0.0,0.0,0.0,0.0,False,True,depth_outflows_incomplete,10000.0,1,0.2,1.0
100000000706545100,consolidator,0.781984,16,0.792341,Гипотеза сбора: отправителей=3; вход=1070300.00 KZT; выход/вход=0.07; крупнейший вход=67%,1,False,3,1,1070300.0,75800.0,8,3,0.0032266260404967407,0.07082126506586939,False,1.9616538287321655e-05,exact,2248,0.3831385642737897,3,0,0.6739231991030552,1.0,0.0,0.0,0.0,0.0,0.0,1.0,False,False,sample_only,1146100.0,11,0.781984,1.0
100000000718427100,terminal,0.59,22,0.094987,"Наблюдаемый получатель: входов=1, вход=6000.00 KZT; выход=0; глубина=2; вне выборки операции неизвестны",2,False,1,0,6000.0,0.0,1,0,0.00028760711808089006,0.0,False,0.0,exact,2248,0.0,1,0,1.0,0.0,0.0,0.0,0.0,0.0,0.0,0.0,False,False,sample_only,6000.0,1,0.59,1.0
100000000723383100,peripheral,0.3,32,0.702439,"Роль неоднозначна: входов=1, выходов=2; оборот=81800.00 KZT; FIFO 1–7д=0%; в тот же день=?0%; правила иных ролей не выполнены",2,False,1,2,6800.0,75000.0,1,2,0.0003893195549175227,11.029411764705882,False,0.0002389651027728274,exact,2248,0.8464106844741235,3,1,1.0,0.8,0.0,0.0,0.0,0.0,0.0,1.0,False,False,sample_only,81800.0,3,0.3,1.0
100000000724540100,peripheral,0.55,35,0.557512,"Мало связей: входов=1, выходов=1; оборот=150000.00 KZT; FIFO 1–7д=0%; в тот же день=?0%; правила иных ролей не выполнены",2,False,1,1,50000.0,100000.0,1,1,0.00030963471226613077,2.0,False,1.981468513870874e-05,exact,2248,0.4073455759599332,2,0,1.0,1.0,0.0,0.0,0.0,0.0,0.0,1.0,False,False,sample_only,150000.0,2,0.55,1.0
100000000733373100,terminal,0.59,16,0.18801,"Наблюдаемый получатель: входов=1, вход=10710.00 KZT; выход=0; глубина=2; вне выборки операции неизвестны",2,False,1,0,10710.0,0.0,1,0,0.00030578139777600477,0.0,False,0.0,exact,2248,0.0,1,0,1.0,0.0,0.0,0.0,0.0,0.0,0.0,0.0,False,False,sample_only,10710.0,1,0.59,1.0
100000000733451100,peripheral,0.55,12,0.715509,"Мало связей: входов=1, выходов=1; оборот=370000.00 KZT; FIFO 1–7д=0%; в тот же день=?0%; правила иных ролей не выполнены",3,False,1,1,70000.0,300000.0,2,1,0.0005412616148555033,4.285714285714286,False,2.4570209571998837e-05,exact,2248,0.5025041736227045,2,0,1.0,1.0,0.0,0.0,0.0,0.0,0.0,1.0,False,False,sample_only,370000.0,3,0.55,1.0
100000000733940100,peripheral,0.2,36,0.521815,"Вход=1, 752000.00 KZT; выход=0; глубина=4: обход обрезан, конечная роль неизвестна",4,False,1,0,752000.0,0.0,2,0,0.0004111852101832481,0.0,True,0.0,exact,2248,0.0,1,0,1.0,0.0,0.0,0.0,0.0,0.0,0.0,0.0,False,True,depth_outflows_incomplete,752000.0,2,0.2,1.0
100000000737152100,peripheral,0.2,0,0.298262,"Вход=1, 35000.00 KZT; выход=0; глубина=4: обход обрезан, конечная роль неизвестна",4,False,1,0,35000.0,0.0,1,0,0.0003445071691804117,0.0,True,0.0,exact,2248,0.0,1,0,1.0,0.0,0.0,0.0,0.0,0.0,0.0,0.0,False,True,depth_outflows_incomplete,35000.0,1,0.2,1.0
100000000749118100,peripheral,0.55,0,0.326205,"Мало связей: входов=1, выходов=1; оборот=26830.00 KZT; FIFO 1–7д=0%; в тот же день=?0%; правила иных ролей не выполнены",3,False,1,1,10330.0,16500.0,1,1,0.00028615107947694863,1.5972894482090998,False,1.922024458454748e-05,exact,2248,0.2871452420701169,2,0,1.0,1.0,0.0,0.0,0.0,0.0,0.0,1.0,False,False,sample_only,26830.0,2,0.55,1.0
100000000764836100,peripheral,0.3,8,0.685248,"Роль неоднозначна: входов=1, выходов=2; оборот=301716.00 KZT; FIFO 1–7д=0%; в тот же день=?50%; правила иных ролей не выполнены",3,False,1,2,251716.0,50000.0,1,2,0.00033678317937202955,0.1986365586613485,False,3.844048916909496e-05,exact,2248,0.5450751252086812,3,0,1.0,0.5,0.0,0.0,0.0,25000.0,0.5,0.5,False,False,sample_only,301716.0,3,0.3,1.0
100000000765628100,terminal,0.59,16,0.179397,"Наблюдаемый получатель: входов=1, вход=5000.00 KZT; выход=0; глубина=2; вне выборки операции неизвестны",2,False,1,0,5000.0,0.0,1,0,0.0003154241694621746,0.0,False,0.0,exact,2248,0.0,1,0,1.0,0.0,0.0,0.0,0.0,0.0,0.0,0.0,False,False,sample_only,5000.0,1,0.59,1.0
100000000769919100,terminal,0.59,37,0.482716,"Наблюдаемый получатель: входов=1, вход=250000.00 KZT; выход=0; глубина=2; вне выборки операции неизвестны",2,False,1,0,250000.0,0.0,1,0,0.0007354469638244256,0.0,False,0.0,exact,2248,0.0,1,0,1.0,0.0,0.0,0.0,0.0,0.0,0.0,0.0,False,False,sample_only,250000.0,1,0.59,1.0
100000000782285100,terminal,0.59,0,0.19124,"Наблюдаемый получатель: входов=1, вход=6151.00 KZT; выход=0; глубина=3; вне выборки операции неизвестны",3,False,1,0,6151.0,0.0,1,0,0.0003196030120468737,0.0,False,0.0,exact,2248,0.0,1,0,1.0,0.0,0.0,0.0,0.0,0.0,0.0,0.0,False,False,sample_only,6151.0,1,0.59,1.0
100000000783406100,terminal,0.59,38,0.117553,"Наблюдаемый получатель: входов=1, вход=6066.00 KZT; выход=0; глубина=3; вне выборки операции неизвестны",3,False,1,0,6066.0,0.0,1,0,0.0002901959794883712,0.0,False,0.0,exact,2248,0.0,1,0,1.0,0.0,0.0,0.0,0.0,0.0,0.0,0.0,False,False,sample_only,6066.0,1,0.59,1.0
100000000785800100,peripheral,0.55,39,0.402153,"Мало связей: входов=1, выходов=1; оборот=38000.00 KZT; FIFO 1–7д=0%; в тот же день=?100%; правила иных ролей не выполнены",2,False,1,1,19000.0,19000.0,1,1,0.0003566979785631403,1.0,False,0.0,exact,2248,0.0,2,0,1.0,1.0,0.0,0.0,0.0,19000.0,1.0,0.0,False,False,sample_only,38000.0,2,0.55,1.0
100000000790311100,terminal,0.59,3,0.269527,"Наблюдаемый получатель: входов=1, вход=46300.00 KZT; выход=0; глубина=2; вне выборки операции неизвестны",2,False,1,0,46300.0,0.0,1,0,0.000300299219066313,0.0,False,0.0,exact,2248,0.0,1,0,1.0,0.0,0.0,0.0,0.0,0.0,0.0,0.0,False,False,sample_only,46300.0,1,0.59,1.0
100000000791285100,peripheral,0.3,14,0.809777,"Роль неоднозначна: входов=1, выходов=3; оборот=1770000.00 KZT; FIFO 1–7д=0%; в тот же день=?95%; правила иных ролей не выполнены",3,False,1,3,1120000.0,650000.0,2,3,0.0005664343010128593,0.5803571428571429,False,3.883678287186913e-05,exact,2248,0.5684474123539232,3,0,1.0,0.8615384615384616,0.0,0.0,0.0,620000.0,0.9538461538461539,0.046153846153846156,False,False,sample_only,1770000.0,5,0.3,1.0
100000000795033100,terminal,0.59,0,0.290837,"Наблюдаемый получатель: входов=1, вход=18200.00 KZT; выход=0; глубина=2; вне выборки операции неизвестны",2,False,1,0,18200.0,0.0,1,0,0.0005330176535576377,0.0,False,0.0,exact,2248,0.0,1,0,1.0,0.0,0.0,0.0,0.0,0.0,0.0,0.0,False,False,sample_only,18200.0,1,0.59,1.0
100000000795129100,terminal,0.59,3,0.449966,"Наблюдаемый получатель: входов=1, вход=332000.00 KZT; выход=0; глубина=2; вне выборки операции неизвестны",2,False,1,0,332000.0,0.0,1,0,0.0003911920814716179,0.0,False,0.0,exact,2248,0.0,1,0,1.0,0.0,0.0,0.0,0.0,0.0,0.0,0.0,False,False,sample_only,332000.0,1,0.59,1.0
100000000795374100,terminal,0.59,8,0.26356,"Наблюдаемый получатель: входов=1, вход=50000.00 KZT; выход=0; глубина=3; вне выборки операции неизвестны",3,False,1,0,50000.0,0.0,1,0,0.00029574224412010574,0.0,False,0.0,exact,2248,0.0,1,0,1.0,0.0,0.0,0.0,0.0,0.0,0.0,0.0,False,False,sample_only,50000.0,1,0.59,1.0
100000000802149100,terminal,0.59,0,0.309006,"Наблюдаемый получатель: входов=1, вход=104128.00 KZT; выход=0; глубина=3; вне выборки операции неизвестны",3,False,1,0,104128.0,0.0,1,0,0.0002948035998809035,0.0,False,0.0,exact,2248,0.0,1,0,1.0,0.0,0.0,0.0,0.0,0.0,0.0,0.0,False,False,sample_only,104128.0,1,0.59,1.0
100000000803368100,peripheral,0.2,40,0.43238,"Вход=1, 139503.00 KZT; выход=0; глубина=4: обход обрезан, конечная роль неизвестна",4,False,1,0,139503.0,0.0,1,0,0.0005481144591336169,0.0,True,0.0,exact,2248,0.0,1,0,1.0,0.0,0.0,0.0,0.0,0.0,0.0,0.0,False,True,depth_outflows_incomplete,139503.0,1,0.2,1.0
100000000806727100,peripheral,0.55,8,0.418394,"Мало связей: входов=1, выходов=1; оборот=50000.00 KZT; FIFO 1–7д=0%; в тот же день=?0%; правила иных ролей не выполнены",2,False,1,1,45000.0,5000.0,1,1,0.00034585956200447547,0.1111111111111111,False,0.0,exact,2248,0.0,2,0,1.0,1.0,0.0,0.0,0.0,0.0,0.0,1.0,False,False,sample_only,50000.0,2,0.55,1.0
100000000810551100,peripheral,0.55,2,0.611157,"Мало связей: входов=1, выходов=1; оборот=107100.00 KZT; FIFO 1–7д=0%; в тот же день=?0%; правила иных ролей не выполнены",1,False,1,1,100000.0,7100.0,1,1,0.0003055929375935056,0.071,False,7.769558206055905e-05,exact,2248,0.7145242070116862,2,1,1.0,1.0,0.0,0.0,0.0,0.0,0.0,1.0,False,False,sample_only,107100.0,2,0.55,1.0
100000000817146100,terminal,0.59,16,0.399495,"Наблюдаемый получатель: входов=1, вход=70020.00 KZT; выход=0; глубина=1; вне выборки операции неизвестны",1,False,1,0,70020.0,0.0,1,0,0.0005894684786410261,0.0,False,0.0,exact,2248,0.0,1,0,1.0,0.0,0.0,0.0,0.0,0.0,0.0,0.0,False,False,sample_only,70020.0,1,0.59,1.0
100000000821507100,terminal,0.59,33,0.439424,"Наблюдаемый получатель: входов=1, вход=400000.00 KZT; выход=0; глубина=2; вне выборки операции неизвестны",2,False,1,0,400000.0,0.0,1,0,0.0003355427477307164,0.0,False,0.0,exact,2248,0.0,1,0,1.0,0.0,0.0,0.0,0.0,0.0,0.0,0.0,False,False,sample_only,400000.0,1,0.59,1.0
100000000831684100,peripheral,0.55,7,0.472286,"Мало связей: входов=1, выходов=1; оборот=65000.00 KZT; FIFO 1–7д=20%; в тот же день=?10%; правила иных ролей не выполнены",2,False,1,1,15000.0,50000.0,2,3,0.0018906089223340397,3.3333333333333335,False,0.0,exact,2248,0.0,1,0,1.0,1.0,0.8,10000.0,0.2,5000.0,0.1,0.7,False,False,sample_only,65000.0,5,0.55,1.0
100000000838385100,peripheral,0.55,15,0.780971,"Мало связей: входов=1, выходов=2; оборот=614400.00 KZT; FIFO 1–7д=40%; в тот же день=?29%; правила иных ролей не выполнены",3,False,1,2,436900.0,177500.0,8,6,0.0019211545642599107,0.40627145799954223,False,2.1796153652579615e-05,exact,2248,0.4674457429048414,2,0,1.0,0.8169014084507042,0.4028169014084507,71500.0,0.4028169014084507,51000.0,0.28732394366197184,0.30985915492957744,False,False,sample_only,614400.0,14,0.55,1.0
100000000850297100,peripheral,0.55,18,0.26596,"Мало связей: входов=1, выходов=1; оборот=35040.00 KZT; FIFO 1–7д=0%; в тот же день=?100%; правила иных ролей не выполнены",2,False,1,1,17520.0,17520.0,1,1,0.0002939168313087527,1.0,False,0.0,exact,2248,0.0,1,0,1.0,1.0,0.0,0.0,0.0,17520.0,1.0,0.0,False,False,sample_only,35040.0,2,0.55,1.0
100000000860514100,peripheral,0.55,13,0.504689,"Мало связей: входов=1, выходов=1; оборот=62000.00 KZT; FIFO 1–7д=0%; в тот же день=?0%; правила иных ролей не выполнены",3,False,1,1,12000.0,50000.0,1,1,0.0003062893737864735,4.166666666666667,False,2.0012831990095827e-05,exact,2248,0.42153589315525875,2,0,1.0,1.0,0.0,0.0,0.0,0.0,0.0,1.0,False,False,sample_only,62000.0,2,0.55,1.0
100000000861294100,terminal,0.59,1,0.368899,"Наблюдаемый получатель: входов=1, вход=150000.00 KZT; выход=0; глубина=2; вне выборки операции неизвестны",2,False,1,0,150000.0,0.0,1,0,0.00031399890954633404,0.0,False,0.0,exact,2248,0.0,1,0,1.0,0.0,0.0,0.0,0.0,0.0,0.0,0.0,False,False,sample_only,150000.0,1,0.59,1.0
100000000870121100,terminal,0.59,12,0.20627,"Наблюдаемый получатель: входов=1, вход=12000.00 KZT; выход=0; глубина=3; вне выборки операции неизвестны",3,False,1,0,12000.0,0.0,1,0,0.00031567480064350023,0.0,False,0.0,exact,2248,0.0,1,0,1.0,0.0,0.0,0.0,0.0,0.0,0.0,0.0,False,False,sample_only,12000.0,1,0.59,1.0
100000000878006100,terminal,0.59,10,0.203892,"Наблюдаемый получатель: входов=1, вход=47003.00 KZT; выход=0; глубина=3; вне выборки операции неизвестны",3,False,1,0,47003.0,0.0,1,0,0.000287092622626295,0.0,False,0.0,exact,2248,0.0,1,0,1.0,0.0,0.0,0.0,0.0,0.0,0.0,0.0,False,False,sample_only,47003.0,1,0.59,1.0
100000000896111100,terminal,0.59,21,0.441891,"Наблюдаемый получатель: входов=1, вход=287100.00 KZT; выход=0; глубина=3; вне выборки операции неизвестны",3,False,1,0,287100.0,0.0,1,0,0.00038717189285320344,0.0,False,0.0,exact,2248,0.0,1,0,1.0,0.0,0.0,0.0,0.0,0.0,0.0,0.0,False,False,sample_only,287100.0,1,0.59,1.0
100000000907277100,terminal,0.59,22,0.151649,"Наблюдаемый получатель: входов=1, вход=17534.00 KZT; выход=0; глубина=1; вне выборки операции неизвестны",1,False,1,0,17534.0,0.0,1,0,0.00028924947543311784,0.0,False,0.0,exact,2248,0.0,1,0,1.0,0.0,0.0,0.0,0.0,0.0,0.0,0.0,False,False,sample_only,17534.0,1,0.59,1.0
100000000910216100,transit,0.725138,2,0.706004,"Гипотеза транзита: вход=71000.00, выход=52010.00 KZT; FIFO 1–7д=58%; в тот же день=?0%; те же деньги не установлены",2,False,1,1,71000.0,52010.0,3,1,0.00032323954910943236,0.7325352112676057,False,0.0004801618458481232,exact,2248,0.8998330550918197,2,1,1.0,1.0,1.0,30000.0,0.5768121515093251,0.0,0.0,0.42318784849067487,False,False,sample_only,123010.0,4,0.725138,1.0
100000000912487100,terminal,0.59,2,0.139334,"Наблюдаемый получатель: входов=1, вход=10000.00 KZT; выход=0; глубина=2; вне выборки операции неизвестны",2,False,1,0,10000.0,0.0,1,0,0.00029168015431879206,0.0,False,0.0,exact,2248,0.0,1,0,1.0,0.0,0.0,0.0,0.0,0.0,0.0,0.0,False,False,sample_only,10000.0,1,0.59,1.0
100000000913911100,transit,0.80025,2,0.716009,"Гипотеза транзита: вход=467000.00, выход=600000.00 KZT; FIFO 1–7д=78%; в тот же день=?0%; те же деньги не установлены",2,False,2,1,467000.0,600000.0,2,1,0.00045944318623889125,1.284796573875803,False,1.9418391435934565e-05,exact,2248,0.3614357262103506,3,1,0.9122055674518201,1.0,1.0,467000.0,0.7783333333333333,0.0,0.0,0.22166666666666668,False,False,sample_only,1067000.0,3,0.80025,1.0
100000000917179100,terminal,0.59,40,0.420962,"Наблюдаемый получатель: входов=1, вход=94465.00 KZT; выход=0; глубина=2; вне выборки операции неизвестны",2,False,1,0,94465.0,0.0,2,0,0.00042586253334482907,0.0,False,0.0,exact,2248,0.0,1,0,1.0,0.0,0.0,0.0,0.0,0.0,0.0,0.0,False,False,sample_only,94465.0,2,0.59,1.0
100000000922570100,peripheral,0.55,7,0.393442,"Мало связей: входов=1, выходов=1; оборот=97101.00 KZT; FIFO 1–7д=0%; в тот же день=?0%; правила иных ролей не выполнены",1,False,1,1,47101.0,50000.0,1,1,0.00029338594320602463,1.0615485870788306,False,1.981468513870874e-07,exact,2248,0.01001669449081803,2,0,1.0,1.0,0.0,0.0,0.0,0.0,0.0,1.0,False,False,sample_only,97101.0,2,0.55,1.0
100000000926078100,peripheral,0.2,8,0.455978,"Вход=1, 250000.00 KZT; выход=0; глубина=4: обход обрезан, конечная роль неизвестна",4,False,1,0,250000.0,0.0,1,0,0.0005165635899862601,0.0,True,0.0,exact,2248,0.0,1,0,1.0,0.0,0.0,0.0,0.0,0.0,0.0,0.0,False,True,depth_outflows_incomplete,250000.0,1,0.2,1.0
100000000926766100,peripheral,0.55,13,0.288122,"Мало связей: входов=1, выходов=1; оборот=24750.00 KZT; FIFO 1–7д=0%; в тот же день=?100%; правила иных ролей не выполнены",3,False,1,1,18750.0,6000.0,1,1,0.00031794441854413876,0.32,False,0.0,exact,2248,0.0,1,0,1.0,1.0,0.0,0.0,0.0,6000.0,1.0,0.0,False,False,sample_only,24750.0,2,0.55,1.0
100000000933075100,peripheral,0.55,7,0.648083,"Мало связей: входов=1, выходов=2; оборот=95000.00 KZT; FIFO 1–7д=0%; в тот же день=?73%; правила иных ролей не выполнены",3,False,1,2,40000.0,55000.0,1,2,0.0008086964755110838,1.375,False,2.139985994980544e-05,exact,2248,0.4532554257095159,2,0,1.0,0.7272727272727273,0.0,0.0,0.0,40000.0,0.7272727272727273,0.2727272727272727,False,False,sample_only,95000.0,3,0.55,1.0
100000000941942100,terminal,0.59,2,0.357481,"Наблюдаемый получатель: входов=1, вход=130000.00 KZT; выход=0; глубина=1; вне выборки операции неизвестны",1,False,1,0,130000.0,0.0,1,0,0.00031160003060637,0.0,False,0.0,exact,2248,0.0,1,0,1.0,0.0,0.0,0.0,0.0,0.0,0.0,0.0,False,False,sample_only,130000.0,1,0.59,1.0
100000000942301100,terminal,0.59,0,0.324507,"Наблюдаемый получатель: входов=1, вход=57580.00 KZT; выход=0; глубина=3; вне выборки операции неизвестны",3,False,1,0,57580.0,0.0,2,0,0.000300590276391355,0.0,False,0.0,exact,2248,0.0,1,0,1.0,0.0,0.0,0.0,0.0,0.0,0.0,0.0,False,False,sample_only,57580.0,2,0.59,1.0
100000000943371100,terminal,0.59,12,0.204116,"Наблюдаемый получатель: входов=1, вход=15500.00 KZT; выход=0; глубина=2; вне выборки операции неизвестны",2,False,1,0,15500.0,0.0,1,0,0.00030597516384402423,0.0,False,0.0,exact,2248,0.0,1,0,1.0,0.0,0.0,0.0,0.0,0.0,0.0,0.0,False,False,sample_only,15500.0,1,0.59,1.0
100000000945428100,terminal,0.59,0,0.31919,"Наблюдаемый получатель: входов=1, вход=89629.00 KZT; выход=0; глубина=1; вне выборки операции неизвестны",1,False,1,0,89629.0,0.0,1,0,0.00030238839325451197,0.0,False,0.0,exact,2248,0.0,1,0,1.0,0.0,0.0,0.0,0.0,0.0,0.0,0.0,False,False,sample_only,89629.0,1,0.59,1.0
100000000954884100,terminal,0.59,38,0.270177,"Наблюдаемый получатель: входов=1, вход=34000.00 KZT; выход=0; глубина=3; вне выборки операции неизвестны",3,False,1,0,34000.0,0.0,1,0,0.00031150191855239327,0.0,False,0.0,exact,2248,0.0,1,0,1.0,0.0,0.0,0.0,0.0,0.0,0.0,0.0,False,False,sample_only,34000.0,1,0.59,1.0
100000000955444100,terminal,0.59,23,0.21098,"Наблюдаемый получатель: входов=1, вход=6910.00 KZT; выход=0; глубина=2; вне выборки операции неизвестны",2,False,1,0,6910.0,0.0,1,0,0.00035252834417769596,0.0,False,0.0,exact,2248,0.0,1,0,1.0,0.0,0.0,0.0,0.0,0.0,0.0,0.0,False,False,sample_only,6910.0,1,0.59,1.0
100000000955529100,peripheral,0.55,2,0.437382,"Мало связей: входов=1, выходов=1; оборот=90500.00 KZT; FIFO 1–7д=43%; в тот же день=?0%; правила иных ролей не выполнены",3,False,1,1,27000.0,63500.0,1,1,0.0002956290149139567,2.3518518518518516,False,3.368496473580486e-06,exact,2248,0.169449081803005,2,1,1.0,1.0,1.0,27000.0,0.4251968503937008,0.0,0.0,0.5748031496062992,False,False,sample_only,90500.0,2,0.55,1.0
100000000957746100,peripheral,0.2,28,0.203892,"Вход=1, 5300.00 KZT; выход=0; глубина=4: обход обрезан, конечная роль неизвестна",4,False,1,0,5300.0,0.0,1,0,0.00034730735985062075,0.0,True,0.0,exact,2248,0.0,1,0,1.0,0.0,0.0,0.0,0.0,0.0,0.0,0.0,False,True,depth_outflows_incomplete,5300.0,1,0.2,1.0
100000000961900100,terminal,0.63,0,0.340063,"Наблюдаемый получатель: входов=2, вход=36000.00 KZT; выход=0; глубина=1; вне выборки операции неизвестны",1,False,2,0,36000.0,0.0,3,0,0.0002943204405632645,0.0,False,0.0,exact,2248,0.0,2,0,0.75,0.0,0.0,0.0,0.0,0.0,0.0,0.0,False,False,sample_only,36000.0,3,0.63,1.0
100000000967918100,terminal,0.59,0,0.338369,"Наблюдаемый получатель: входов=1, вход=21200.00 KZT; выход=0; глубина=2; вне выборки операции неизвестны",2,False,1,0,21200.0,0.0,3,0,0.00047927096158051775,0.0,False,0.0,exact,2248,0.0,1,0,1.0,0.0,0.0,0.0,0.0,0.0,0.0,0.0,False,False,sample_only,21200.0,3,0.59,1.0
100000000968253100,terminal,0.59,22,0.135543,"Наблюдаемый получатель: входов=1, вход=15000.00 KZT; выход=0; глубина=1; вне выборки операции неизвестны",1,False,1,0,15000.0,0.0,1,0,0.00028871761851507826,0.0,False,0.0,exact,2248,0.0,1,0,1.0,0.0,0.0,0.0,0.0,0.0,0.0,0.0,False,False,sample_only,15000.0,1,0.59,1.0
100000000971908100,terminal,0.59,1,0.318988,"Наблюдаемый получатель: входов=1, вход=89000.00 KZT; выход=0; глубина=2; вне выборки операции неизвестны",2,False,1,0,89000.0,0.0,1,0,0.0003024375326458565,0.0,False,0.0,exact,2248,0.0,1,0,1.0,0.0,0.0,0.0,0.0,0.0,0.0,0.0,False,False,sample_only,89000.0,1,0.59,1.0
100000000976943100,transit,0.720833,11,0.633506,"Гипотеза транзита: вход=70000.00, выход=84000.00 KZT; FIFO 1–7д=54%; в тот же день=?13%; те же деньги не установлены",3,False,1,1,70000.0,84000.0,1,3,0.0003734613623848261,1.2,False,2.1796153652579615e-05,exact,2248,0.4674457429048414,2,0,1.0,1.0,0.5357142857142857,45000.0,0.5357142857142857,11000.0,0.13095238095238096,0.3333333333333333,False,False,sample_only,154000.0,4,0.720833,1.0
100000000978041100,terminal,0.59,22,0.248576,"Наблюдаемый получатель: входов=1, вход=44445.00 KZT; выход=0; глубина=1; вне выборки операции неизвестны",1,False,1,0,44445.0,0.0,1,0,0.00029489777911163493,0.0,False,0.0,exact,2248,0.0,1,0,1.0,0.0,0.0,0.0,0.0,0.0,0.0,0.0,False,False,sample_only,44445.0,1,0.59,1.0
100000000979567100,terminal,0.59,22,0.255619,"Наблюдаемый получатель: входов=1, вход=10000.00 KZT; выход=0; глубина=2; вне выборки операции неизвестны",2,False,1,0,10000.0,0.0,1,0,0.0005307306769296842,0.0,False,0.0,exact,2248,0.0,1,0,1.0,0.0,0.0,0.0,0.0,0.0,0.0,0.0,False,False,sample_only,10000.0,1,0.59,1.0
100000000979923100,terminal,0.59,11,0.321568,"Наблюдаемый получатель: входов=1, вход=97900.00 KZT; выход=0; глубина=1; вне выборки операции неизвестны",1,False,1,0,97900.0,0.0,1,0,0.0003004178044094989,0.0,False,0.0,exact,2248,0.0,1,0,1.0,0.0,0.0,0.0,0.0,0.0,0.0,0.0,False,False,sample_only,97900.0,1,0.59,1.0
100000000981693100,peripheral,0.2,0,0.279823,"Вход=1, 16500.00 KZT; выход=0; глубина=4: обход обрезан, конечная роль неизвестна",4,False,1,0,16500.0,0.0,1,0,0.0005290815211541521,0.0,True,0.0,exact,2248,0.0,1,0,1.0,0.0,0.0,0.0,0.0,0.0,0.0,0.0,False,True,depth_outflows_incomplete,16500.0,1,0.2,1.0
100000000993112100,terminal,0.59,41,0.412797,"Наблюдаемый получатель: входов=1, вход=141000.00 KZT; выход=0; глубина=2; вне выборки операции неизвестны",2,False,1,0,141000.0,0.0,1,0,0.00044111482764995627,0.0,False,0.0,exact,2248,0.0,1,0,1.0,0.0,0.0,0.0,0.0,0.0,0.0,0.0,False,False,sample_only,141000.0,1,0.59,1.0
100000000998559100,terminal,0.59,2,0.334332,"Наблюдаемый получатель: входов=1, вход=100000.00 KZT; выход=0; глубина=1; вне выборки операции неизвестны",1,False,1,0,100000.0,0.0,1,0,0.0003055929375935056,0.0,False,0.0,exact,2248,0.0,1,0,1.0,0.0,0.0,0.0,0.0,0.0,0.0,0.0,False,False,sample_only,100000.0,1,0.59,1.0
100000001009583100,terminal,0.59,10,0.389805,"Наблюдаемый получатель: входов=1, вход=393740.00 KZT; выход=0; глубина=3; вне выборки операции неизвестны",3,False,1,0,393740.0,0.0,1,0,0.0002983300824172204,0.0,False,0.0,exact,2248,0.0,1,0,1.0,0.0,0.0,0.0,0.0,0.0,0.0,0.0,False,False,sample_only,393740.0,1,0.59,1.0
100000001046057100,terminal,0.59,42,0.338571,"Наблюдаемый получатель: входов=1, вход=83420.00 KZT; выход=0; глубина=3; вне выборки операции неизвестны",3,False,1,0,83420.0,0.0,1,0,0.00031851488108134123,0.0,False,0.0,exact,2248,0.0,1,0,1.0,0.0,0.0,0.0,0.0,0.0,0.0,0.0,False,False,sample_only,83420.0,1,0.59,1.0
100000001046626100,terminal,0.59,10,0.304296,"Наблюдаемый получатель: входов=1, вход=150000.00 KZT; выход=0; глубина=3; вне выборки операции неизвестны",3,False,1,0,150000.0,0.0,1,0,0.00029043067032840335,0.0,False,0.0,exact,2248,0.0,1,0,1.0,0.0,0.0,0.0,0.0,0.0,0.0,0.0,False,False,sample_only,150000.0,1,0.59,1.0
100000001049200100,coordinator,0.813648,43,0.709565,"Гипотеза связующего: соседей=5, внешних сообществ=2; посредничество=0.00116; не доказательство управления",1,False,2,4,76624.0,36000.0,2,5,0.0002982913003271399,0.46982668615577367,False,0.001159653365719074,exact,2248,0.9432387312186978,5,2,0.9215128419294216,0.5833333333333334,0.7222222222222222,26000.0,0.7222222222222222,0.0,0.0,0.2777777777777778,False,False,sample_only,112624.0,7,0.813648,1.0
100000001052789100,terminal,0.59,43,0.292945,"Наблюдаемый получатель: входов=1, вход=70975.00 KZT; выход=0; глубина=3; вне выборки операции неизвестны",3,False,1,0,70975.0,0.0,1,0,0.00029770710734911807,0.0,False,0.0,exact,2248,0.0,1,0,1.0,0.0,0.0,0.0,0.0,0.0,0.0,0.0,False,False,sample_only,70975.0,1,0.59,1.0
100000001052945100,peripheral,0.3,44,0.74846,"Роль неоднозначна: входов=1, выходов=3; оборот=1652220.00 KZT; FIFO 1–7д=0%; в тот же день=?0%; правила иных ролей не выполнены",3,False,1,3,56520.0,1595700.0,1,6,0.0003015447649742742,28.23248407643312,False,5.7660733753642434e-05,exact,2248,0.6469115191986644,4,1,1.0,0.9838942157047064,0.0,0.0,0.0,0.0,0.0,1.0,False,False,sample_only,1652220.0,7,0.3,1.0
100000001053894100,peripheral,0.2,30,0.574753,"Вход=1, 2000000.00 KZT; выход=0; глубина=4: обход обрезан, конечная роль неизвестна",4,False,1,0,2000000.0,0.0,7,0,0.0004485491925071488,0.0,True,0.0,exact,2248,0.0,1,0,1.0,0.0,0.0,0.0,0.0,0.0,0.0,0.0,False,True,depth_outflows_incomplete,2000000.0,7,0.2,1.0
100000001056414100,terminal,0.59,24,0.36679,"Наблюдаемый получатель: входов=1, вход=250000.00 KZT; выход=0; глубина=3; вне выборки операции неизвестны",3,False,1,0,250000.0,0.0,1,0,0.0002974772562529216,0.0,False,0.0,exact,2248,0.0,1,0,1.0,0.0,0.0,0.0,0.0,0.0,0.0,0.0,False,False,sample_only,250000.0,1,0.59,1.0
100000001063678100,peripheral,0.3,29,0.642376,"Роль неоднозначна: входов=1, выходов=2; оборот=125000.00 KZT; FIFO 1–7д=22%; в тот же день=?0%; правила иных ролей не выполнены",3,False,1,2,35000.0,90000.0,1,2,0.00032774872839870327,2.5714285714285716,False,3.962937027741748e-05,exact,2248,0.5884808013355592,3,0,1.0,0.7777777777777778,0.2222222222222222,20000.0,0.2222222222222222,0.0,0.0,0.7777777777777778,False,False,sample_only,125000.0,3,0.3,1.0
100000001065234100,peripheral,0.2,3,0.485341,"Вход=1, 360000.00 KZT; выход=0; глубина=4: обход обрезан, конечная роль неизвестна",4,False,1,0,360000.0,0.0,1,0,0.0005486947871235914,0.0,True,0.0,exact,2248,0.0,1,0,1.0,0.0,0.0,0.0,0.0,0.0,0.0,0.0,False,True,depth_outflows_incomplete,360000.0,1,0.2,1.0
100000001065481100,peripheral,0.2,12,0.300258,"Вход=1, 16000.00 KZT; выход=0; глубина=4: обход обрезан, конечная роль неизвестна",4,False,1,0,16000.0,0.0,2,0,0.0004322656924987218,0.0,True,0.0,exact,2248,0.0,1,0,1.0,0.0,0.0,0.0,0.0,0.0,0.0,0.0,False,True,depth_outflows_incomplete,16000.0,2,0.2,1.0
100000001066017100,peripheral,0.3,0,0.698269,"Роль неоднозначна: входов=2, выходов=4; оборот=218623.00 KZT; FIFO 1–7д=58%; в тот же день=?9%; правила иных ролей не выполнены",3,False,2,4,136123.0,82500.0,3,4,0.0003012384075340412,0.6060695106631503,False,7.688097833818992e-05,exact,2248,0.7020033388981636,6,0,0.7125908185978858,0.48484848484848486,0.5818181818181818,48000.0,0.5818181818181818,7500.0,0.09090909090909091,0.32727272727272727,False,False,sample_only,218623.0,7,0.3,1.0
100000001072022100,consolidator,0.816057,2,0.651851,Гипотеза сбора: отправителей=3; вход=1684000.00 KZT; выход/вход=0.00; крупнейший вход=44%,1,False,3,0,1684000.0,0.0,6,0,0.0005021346766292359,0.0,False,0.0,exact,2248,0.0,3,1,0.43942992874109266,0.0,0.0,0.0,0.0,0.0,0.0,0.0,False,False,sample_only,1684000.0,6,0.816057,1.0
100000001073568100,peripheral,0.3,40,0.712219,"Роль неоднозначна: входов=1, выходов=2; оборот=926968.00 KZT; FIFO 1–7д=0%; в тот же день=?85%; правила иных ролей не выполнены",3,False,1,2,707465.0,219503.0,4,3,0.00048553543751327804,0.31026693900051594,False,1.922024458454748e-05,exact,2248,0.2871452420701169,3,0,1.0,0.6355402887432062,0.0,0.0,0.0,186980.0,0.8518334601349412,0.1481665398650588,False,False,sample_only,926968.0,7,0.3,1.0
100000001074553100,terminal,0.63,4,0.283984,"Наблюдаемый получатель: входов=2, вход=28971.00 KZT; выход=0; глубина=1; вне выборки операции неизвестны",1,False,2,0,28971.0,0.0,2,0,0.0002894987523363481,0.0,False,0.0,exact,2248,0.0,2,1,0.5177591384487936,0.0,0.0,0.0,0.0,0.0,0.0,0.0,False,False,sample_only,28971.0,2,0.63,1.0
100000001083990100,terminal,0.59,7,0.389065,"Наблюдаемый получатель: входов=1, вход=49900.00 KZT; выход=0; глубина=2; вне выборки операции неизвестны",2,False,1,0,49900.0,0.0,2,0,0.0005021137973799181,0.0,False,0.0,exact,2248,0.0,1,0,1.0,0.0,0.0,0.0,0.0,0.0,0.0,0.0,False,False,sample_only,49900.0,2,0.59,1.0
100000001089055100,peripheral,0.2,28,0.220962,"Вход=1, 13000.00 KZT; выход=0; глубина=4: обход обрезан, конечная роль неизвестна",4,False,1,0,13000.0,0.0,1,0,0.00032930768290614026,0.0,True,0.0,exact,2248,0.0,1,0,1.0,0.0,0.0,0.0,0.0,0.0,0.0,0.0,False,True,depth_outflows_incomplete,13000.0,1,0.2,1.0
100000001102676100,peripheral,0.55,2,0.563593,"Мало связей: входов=1, выходов=1; оборот=100000.00 KZT; FIFO 1–7д=0%; в тот же день=?100%; правила иных ролей не выполнены",2,False,1,1,50000.0,50000.0,1,1,0.0003130309543986752,1.0,False,2.3975769017837576e-05,exact,2248,0.4958263772954925,2,0,1.0,1.0,0.0,0.0,0.0,50000.0,1.0,0.0,False,False,sample_only,100000.0,2,0.55,1.0
100000001103905100,terminal,0.59,22,0.155238,"Наблюдаемый получатель: входов=1, вход=18000.00 KZT; выход=0; глубина=1; вне выборки операции неизвестны",1,False,1,0,18000.0,0.0,1,0,0.00028934728337463573,0.0,False,0.0,exact,2248,0.0,1,0,1.0,0.0,0.0,0.0,0.0,0.0,0.0,0.0,False,False,sample_only,18000.0,1,0.59,1.0
100000001110358100,terminal,0.63,0,0.314939,"Наблюдаемый получатель: входов=2, вход=32000.00 KZT; выход=0; глубина=3; вне выборки операции неизвестны",3,False,2,0,32000.0,0.0,2,0,0.00029298593062142844,0.0,False,0.0,exact,2248,0.0,2,1,0.71875,0.0,0.0,0.0,0.0,0.0,0.0,0.0,False,False,sample_only,32000.0,2,0.63,1.0
100000001111763100,terminal,0.59,22,0.148688,"Наблюдаемый получатель: входов=1, вход=17144.00 KZT; выход=0; глубина=1; вне выборки операции неизвестны",1,False,1,0,17144.0,0.0,1,0,0.0002891676190013754,0.0,False,0.0,exact,2248,0.0,1,0,1.0,0.0,0.0,0.0,0.0,0.0,0.0,0.0,False,False,sample_only,17144.0,1,0.59,1.0
100000001114385100,terminal,0.59,2,0.197028,"Наблюдаемый получатель: входов=1, вход=29500.00 KZT; выход=0; глубина=2; вне выборки операции неизвестны",2,False,1,0,29500.0,0.0,1,0,0.00029021989549549073,0.0,False,0.0,exact,2248,0.0,1,0,1.0,0.0,0.0,0.0,0.0,0.0,0.0,0.0,False,False,sample_only,29500.0,1,0.59,1.0
100000001126374100,consolidator,0.779288,0,0.690996,Гипотеза сбора: отправителей=4; вход=182500.00 KZT; выход/вход=0.16; крупнейший вход=77%,1,False,4,2,182500.0,29200.0,7,4,0.0003135004104490038,0.16,False,3.923307657464331e-05,exact,2248,0.5801335559265443,6,1,0.7671232876712328,0.726027397260274,0.7534246575342466,22000.0,0.7534246575342466,0.0,0.0,0.2465753424657534,False,False,sample_only,211700.0,11,0.779288,1.0
100000001130176100,terminal,0.59,0,0.35701,"Наблюдаемый получатель: входов=1, вход=25000.00 KZT; выход=0; глубина=3; вне выборки операции неизвестны",3,False,1,0,25000.0,0.0,2,0,0.0005580456003895467,0.0,False,0.0,exact,2248,0.0,1,0,1.0,0.0,0.0,0.0,0.0,0.0,0.0,0.0,False,False,sample_only,25000.0,2,0.59,1.0
100000001130553100,peripheral,0.2,10,0.32897,"Вход=1, 18000.00 KZT; выход=0; глубина=4: обход обрезан, конечная роль неизвестна",4,False,1,0,18000.0,0.0,2,0,0.0005436529519802218,0.0,True,0.0,exact,2248,0.0,1,0,1.0,0.0,0.0,0.0,0.0,0.0,0.0,0.0,False,True,depth_outflows_incomplete,18000.0,2,0.2,1.0
100000001131403100,peripheral,0.2,44,0.572218,"Вход=1, 1570000.00 KZT; выход=0; глубина=4: обход обрезан, конечная роль неизвестна",4,False,1,0,1570000.0,0.0,3,0,0.00053804192960076,0.0,True,0.0,exact,2248,0.0,1,0,1.0,0.0,0.0,0.0,0.0,0.0,0.0,0.0,False,True,depth_outflows_incomplete,1570000.0,3,0.2,1.0
100000001138283100,peripheral,0.55,8,0.503342,"Мало связей: входов=1, выходов=2; оборот=131805.00 KZT; FIFO 1–7д=0%; в тот же день=?80%; правила иных ролей не выполнены",3,False,1,2,81805.0,50000.0,1,2,0.0003022132575532862,0.6112095837662734,False,1.9022097733160393e-05,exact,2248,0.22036727879799667,2,0,1.0,0.8,0.0,0.0,0.0,40000.0,0.8,0.2,False,False,sample_only,131805.0,3,0.55,1.0
100000001138376100,terminal,0.59,3,0.151851,"Наблюдаемый получатель: входов=1, вход=15300.00 KZT; выход=0; глубина=2; вне выборки операции неизвестны",2,False,1,0,15300.0,0.0,1,0,0.00029043685037690294,0.0,False,0.0,exact,2248,0.0,1,0,1.0,0.0,0.0,0.0,0.0,0.0,0.0,0.0,False,False,sample_only,15300.0,1,0.59,1.0
100000001140785100,terminal,0.63,42,0.486317,"Наблюдаемый получатель: входов=2, вход=215000.00 KZT; выход=0; глубина=3; вне выборки операции неизвестны",3,False,2,0,215000.0,0.0,2,0,0.0003153466781884739,0.0,False,0.0,exact,2248,0.0,2,0,0.5348837209302325,0.0,0.0,0.0,0.0,0.0,0.0,0.0,False,False,sample_only,215000.0,2,0.63,1.0
100000001141268100,peripheral,0.3,35,0.704056,"Роль неоднозначна: входов=2, выходов=1; оборот=490000.00 KZT; FIFO 1–7д=100%; в тот же день=?0%; правила иных ролей не выполнены",3,False,2,1,480000.0,10000.0,2,1,0.00036486256771000946,0.020833333333333332,False,2.2390594206740877e-05,exact,2248,0.4774624373956594,3,0,0.5208333333333334,1.0,1.0,10000.0,1.0,0.0,0.0,0.0,False,False,sample_only,490000.0,3,0.3,1.0
100000001145749100,terminal,0.59,2,0.247903,"Наблюдаемый получатель: входов=1, вход=10000.00 KZT; выход=0; глубина=3; вне выборки операции неизвестны",3,False,1,0,10000.0,0.0,1,0,0.0004785089150229722,0.0,False,0.0,exact,2248,0.0,1,0,1.0,0.0,0.0,0.0,0.0,0.0,0.0,0.0,False,False,sample_only,10000.0,1,0.59,1.0
100000001149815100,terminal,0.59,22,0.11421,"Наблюдаемый получатель: входов=1, вход=12000.00 KZT; выход=0; глубина=3; вне выборки операции неизвестны",3,False,1,0,12000.0,0.0,1,0,0.00028744222756748515,0.0,False,0.0,exact,2248,0.0,1,0,1.0,0.0,0.0,0.0,0.0,0.0,0.0,0.0,False,False,sample_only,12000.0,1,0.59,1.0
100000001155773100,terminal,0.59,22,0.164592,"Наблюдаемый получатель: входов=1, вход=21500.00 KZT; выход=0; глубина=3; вне выборки операции неизвестны",3,False,1,0,21500.0,0.0,1,0,0.0002889249664697223,0.0,False,0.0,exact,2248,0.0,1,0,1.0,0.0,0.0,0.0,0.0,0.0,0.0,0.0,False,False,sample_only,21500.0,1,0.59,1.0
100000001160401100,terminal,0.59,0,0.316274,"Наблюдаемый получатель: входов=1, вход=47190.00 KZT; выход=0; глубина=3; вне выборки операции неизвестны",3,False,1,0,47190.0,0.0,2,0,0.00030488851800838674,0.0,False,0.0,exact,2248,0.0,1,0,1.0,0.0,0.0,0.0,0.0,0.0,0.0,0.0,False,False,sample_only,47190.0,2,0.59,1.0
100000001162560100,distributor,0.869013,4,0.687014,"Гипотеза распределения: входов=1, получателей=12; выход=2904398.00 KZT; крупнейший выход=21%; источник средств неизвестен",1,False,1,12,331300.0,2904398.0,2,14,0.00032114870693118253,8.76667069121642,False,2.972202770806311e-06,exact,2248,0.1669449081803005,13,2,1.0,0.20658325752875467,0.6597735572053142,331300.0,0.11406838869879403,0.0,0.0,0.885931611301206,False,False,sample_only,3235698.0,16,0.869013,1.0
100000001164648100,terminal,0.63,18,0.235801,"Наблюдаемый получатель: входов=2, вход=13660.00 KZT; выход=0; глубина=1; вне выборки операции неизвестны",1,False,2,0,13660.0,0.0,2,0,0.00029014259597535177,0.0,False,0.0,exact,2248,0.0,2,1,0.5314787701317716,0.0,0.0,0.0,0.0,0.0,0.0,0.0,False,False,sample_only,13660.0,2,0.63,1.0
100000001166289100,peripheral,0.55,22,0.666353,"Мало связей: входов=2, выходов=1; оборот=746039.00 KZT; FIFO 1–7д=100%; в тот же день=?0%; правила иных ролей не выполнены",2,False,2,1,721039.0,25000.0,10,1,0.0020021280906723886,0.0346721883282319,False,0.0,exact,2248,0.0,2,0,0.6696433896086065,1.0,1.0,25000.0,1.0,0.0,0.0,0.0,False,False,sample_only,746039.0,11,0.55,1.0
100000001169666100,peripheral,0.55,18,0.628679,"Мало связей: входов=1, выходов=1; оборот=244000.00 KZT; FIFO 1–7д=0%; в тот же день=?0%; правила иных ролей не выполнены",3,False,1,1,220000.0,24000.0,2,1,0.0003195447456388584,0.10909090909090909,False,2.19943005039667e-05,exact,2248,0.4724540901502504,2,0,1.0,1.0,0.0,0.0,0.0,0.0,0.0,1.0,False,False,sample_only,244000.0,3,0.55,1.0
100000001184915100,terminal,0.59,3,0.447073,"Наблюдаемый получатель: входов=1, вход=201000.00 KZT; выход=0; глубина=2; вне выборки операции неизвестны",2,False,1,0,201000.0,0.0,2,0,0.00034951562023572384,0.0,False,0.0,exact,2248,0.0,1,0,1.0,0.0,0.0,0.0,0.0,0.0,0.0,0.0,False,False,sample_only,201000.0,2,0.59,1.0
100000001194266100,terminal,0.59,2,0.262977,"Наблюдаемый получатель: входов=1, вход=50000.00 KZT; выход=0; глубина=1; вне выборки операции неизвестны",1,False,1,0,50000.0,0.0,1,0,0.00029558111590539824,0.0,False,0.0,exact,2248,0.0,1,0,1.0,0.0,0.0,0.0,0.0,0.0,0.0,0.0,False,False,sample_only,50000.0,1,0.59,1.0
100000001202637100,peripheral,0.2,18,0.264771,"Вход=1, 10000.00 KZT; выход=0; глубина=4: обход обрезан, конечная роль неизвестна",4,False,1,0,10000.0,0.0,1,0,0.0005487659443752248,0.0,True,0.0,exact,2248,0.0,1,0,1.0,0.0,0.0,0.0,0.0,0.0,0.0,0.0,False,True,depth_outflows_incomplete,10000.0,1,0.2,1.0
100000001202787100,peripheral,0.2,0,0.330911,"Вход=2, 14850.00 KZT; выход=0; глубина=4: обход обрезан, конечная роль неизвестна",4,False,2,0,14850.0,0.0,2,0,0.00035114494940795553,0.0,True,0.0,exact,2248,0.0,2,1,0.5959595959595959,0.0,0.0,0.0,0.0,0.0,0.0,0.0,False,True,depth_outflows_incomplete,14850.0,2,0.2,1.0
100000001220124100,peripheral,0.2,8,0.350011,"Вход=1, 40000.00 KZT; выход=0; глубина=4: обход обрезан, конечная роль неизвестна",4,False,1,0,40000.0,0.0,1,0,0.0005395565851958803,0.0,True,0.0,exact,2248,0.0,1,0,1.0,0.0,0.0,0.0,0.0,0.0,0.0,0.0,False,True,depth_outflows_incomplete,40000.0,1,0.2,1.0
100000001222245100,peripheral,0.2,10,0.548979,"Вход=1, 420000.00 KZT; выход=0; глубина=4: обход обрезан, конечная роль неизвестна",4,False,1,0,420000.0,0.0,5,0,0.0005491629789918046,0.0,True,0.0,exact,2248,0.0,1,0,1.0,0.0,0.0,0.0,0.0,0.0,0.0,0.0,False,True,depth_outflows_incomplete,420000.0,5,0.2,1.0
100000001222263100,peripheral,0.55,10,0.638879,"Мало связей: входов=1, выходов=1; оборот=1165570.00 KZT; FIFO 1–7д=0%; в тот же день=?71%; правила иных ролей не выполнены",3,False,1,1,745570.0,420000.0,1,5,0.00030973260213170513,0.5633273870998028,False,1.922024458454748e-05,exact,2248,0.2871452420701169,2,0,1.0,1.0,0.0,0.0,0.0,300000.0,0.7142857142857143,0.2857142857142857,False,False,sample_only,1165570.0,6,0.55,1.0
100000001223977100,peripheral,0.55,45,0.448441,"Мало связей: входов=1, выходов=1; оборот=23000.00 KZT; FIFO 1–7д=0%; в тот же день=?0%; правила иных ролей не выполнены",3,False,1,1,5000.0,18000.0,1,1,0.00030554127989763816,3.6,False,2.4173915869224665e-05,exact,2248,0.5,2,0,1.0,1.0,0.0,0.0,0.0,0.0,0.0,1.0,False,False,sample_only,23000.0,2,0.55,1.0
100000001227106100,terminal,0.59,10,0.313986,"Наблюдаемый получатель: входов=1, вход=164765.00 KZT; выход=0; глубина=3; вне выборки операции неизвестны",3,False,1,0,164765.0,0.0,1,0,0.00029090919178360717,0.0,False,0.0,exact,2248,0.0,1,0,1.0,0.0,0.0,0.0,0.0,0.0,0.0,0.0,False,False,sample_only,164765.0,1,0.59,1.0
100000001229743100,transit,0.8,0,0.30402,"Гипотеза транзита: вход=7000.00, выход=9000.00 KZT; FIFO 1–7д=78%; в тот же день=?0%; те же деньги не установлены",3,False,1,1,7000.0,9000.0,1,1,0.0002884350404884854,1.2857142857142858,False,1.922024458454748e-05,exact,2248,0.2871452420701169,2,0,1.0,1.0,1.0,7000.0,0.7777777777777778,0.0,0.0,0.2222222222222222,False,False,sample_only,16000.0,2,0.8,1.0
100000001232297100,peripheral,0.55,12,0.353275,"Мало связей: входов=1, выходов=2; оборот=50000.00 KZT; FIFO 1–7д=11%; в тот же день=?0%; правила иных ролей не выполнены",2,False,1,2,5000.0,45000.0,1,2,0.0002921518328065597,9.0,False,0.0,exact,2248,0.0,2,0,1.0,0.6666666666666666,0.3333333333333333,5000.0,0.1111111111111111,0.0,0.0,0.8888888888888888,False,False,sample_only,50000.0,3,0.55,1.0
100000001236706100,consolidator,0.766097,12,0.754679,Гипотеза сбора: отправителей=3; вход=142700.00 KZT; выход/вход=0.25; крупнейший вход=56%,3,False,3,2,142700.0,36000.0,3,2,0.0007662915221773794,0.25227750525578135,False,3.923307657464331e-05,exact,2248,0.5801335559265443,5,1,0.5606166783461808,0.5555555555555556,0.4444444444444444,16000.0,0.4444444444444444,0.0,0.0,0.5555555555555556,False,False,sample_only,178700.0,5,0.766097,1.0
100000001241318100,terminal,0.59,0,0.367799,"Наблюдаемый получатель: входов=1, вход=53000.00 KZT; выход=0; глубина=2; вне выборки операции неизвестны",2,False,1,0,53000.0,0.0,1,0,0.0005308383624756592,0.0,False,0.0,exact,2248,0.0,1,0,1.0,0.0,0.0,0.0,0.0,0.0,0.0,0.0,False,False,sample_only,53000.0,1,0.59,1.0
100000001246806100,peripheral,0.2,4,0.42343,"Вход=1, 130000.00 KZT; выход=0; глубина=4: обход обрезан, конечная роль неизвестна",4,False,1,0,130000.0,0.0,1,0,0.0005329767614424808,0.0,True,0.0,exact,2248,0.0,1,0,1.0,0.0,0.0,0.0,0.0,0.0,0.0,0.0,False,True,depth_outflows_incomplete,130000.0,1,0.2,1.0
100000001248999100,terminal,0.59,28,0.170962,"Наблюдаемый получатель: входов=1, вход=23425.00 KZT; выход=0; глубина=3; вне выборки операции неизвестны",3,False,1,0,23425.0,0.0,1,0,0.0002892563668937372,0.0,False,0.0,exact,2248,0.0,1,0,1.0,0.0,0.0,0.0,0.0,0.0,0.0,0.0,False,False,sample_only,23425.0,1,0.59,1.0
100000001249054100,peripheral,0.2,18,0.169975,"Вход=1, 17375.00 KZT; выход=0; глубина=4: обход обрезан, конечная роль неизвестна",4,False,1,0,17375.0,0.0,1,0,0.00029207326082160943,0.0,True,0.0,exact,2248,0.0,1,0,1.0,0.0,0.0,0.0,0.0,0.0,0.0,0.0,False,True,depth_outflows_incomplete,17375.0,1,0.2,1.0
100000001250022100,terminal,0.59,1,0.261003,"Наблюдаемый получатель: входов=1, вход=50000.00 KZT; выход=0; глубина=2; вне выборки операции неизвестны",2,False,1,0,50000.0,0.0,1,0,0.0002950458326603053,0.0,False,0.0,exact,2248,0.0,1,0,1.0,0.0,0.0,0.0,0.0,0.0,0.0,0.0,False,False,sample_only,50000.0,1,0.59,1.0
100000001251686100,terminal,0.59,2,0.192384,"Наблюдаемый получатель: входов=1, вход=18000.00 KZT; выход=0; глубина=2; вне выборки операции неизвестны",2,False,1,0,18000.0,0.0,1,0,0.00029656884239999295,0.0,False,0.0,exact,2248,0.0,1,0,1.0,0.0,0.0,0.0,0.0,0.0,0.0,0.0,False,False,sample_only,18000.0,1,0.59,1.0
100000001252290100,peripheral,0.55,10,0.465909,"Мало связей: входов=1, выходов=1; оборот=146005.00 KZT; FIFO 1–7д=0%; в тот же день=?0%; правила иных ролей не выполнены",3,False,1,1,141005.0,5000.0,1,1,0.000290139149807607,0.03545973547037339,False,1.922024458454748e-05,exact,2248,0.2871452420701169,2,0,1.0,1.0,0.0,0.0,0.0,0.0,0.0,1.0,False,False,sample_only,146005.0,2,0.55,1.0
100000001253557100,consolidator,0.861941,42,0.559668,Гипотеза сбора: отправителей=5; вход=210200.00 KZT; выход/вход=0.00; крупнейший вход=38%,1,False,5,0,210200.0,0.0,5,0,0.0003510659229876536,0.0,False,0.0,exact,2248,0.0,5,3,0.38058991436726924,0.0,0.0,0.0,0.0,0.0,0.0,0.0,False,False,sample_only,210200.0,5,0.861941,1.0
100000001256409100,peripheral,0.2,8,0.25609,"Вход=1, 8000.00 KZT; выход=0; глубина=4: обход обрезан, конечная роль неизвестна",4,False,1,0,8000.0,0.0,1,0,0.0005471647850140195,0.0,True,0.0,exact,2248,0.0,1,0,1.0,0.0,0.0,0.0,0.0,0.0,0.0,0.0,False,True,depth_outflows_incomplete,8000.0,1,0.2,1.0
100000001262647100,terminal,0.59,3,0.22897,"Наблюдаемый получатель: входов=1, вход=23650.00 KZT; выход=0; глубина=2; вне выборки операции неизвестны",2,False,1,0,23650.0,0.0,1,0,0.00030339197249201576,0.0,False,0.0,exact,2248,0.0,1,0,1.0,0.0,0.0,0.0,0.0,0.0,0.0,0.0,False,False,sample_only,23650.0,1,0.59,1.0
100000001270349100,terminal,0.59,46,0.413515,"Наблюдаемый получатель: входов=1, вход=200000.00 KZT; выход=0; глубина=3; вне выборки операции неизвестны",3,False,1,0,200000.0,0.0,1,0,0.0003553003383239651,0.0,False,0.0,exact,2248,0.0,1,0,1.0,0.0,0.0,0.0,0.0,0.0,0.0,0.0,False,False,sample_only,200000.0,1,0.59,1.0
100000001270470100,peripheral,0.2,0,0.340231,"Вход=1, 28300.00 KZT; выход=0; глубина=4: обход обрезан, конечная роль неизвестна",4,False,1,0,28300.0,0.0,2,0,0.000429741305607408,0.0,True,0.0,exact,2248,0.0,1,0,1.0,0.0,0.0,0.0,0.0,0.0,0.0,0.0,False,True,depth_outflows_incomplete,28300.0,2,0.2,1.0
100000001273783100,terminal,0.59,18,0.208917,"Наблюдаемый получатель: входов=1, вход=23200.00 KZT; выход=0; глубина=2; вне выборки операции неизвестны",2,False,1,0,23200.0,0.0,1,0,0.0002966231104571262,0.0,False,0.0,exact,2248,0.0,1,0,1.0,0.0,0.0,0.0,0.0,0.0,0.0,0.0,False,False,sample_only,23200.0,1,0.59,1.0
100000001275557100,peripheral,0.2,29,0.257907,"Вход=1, 20000.00 KZT; выход=0; глубина=4: обход обрезан, конечная роль неизвестна",4,False,1,0,20000.0,0.0,1,0,0.0003475117995580225,0.0,True,0.0,exact,2248,0.0,1,0,1.0,0.0,0.0,0.0,0.0,0.0,0.0,0.0,False,True,depth_outflows_incomplete,20000.0,1,0.2,1.0
100000001275752100,terminal,0.59,4,0.322645,"Наблюдаемый получатель: входов=1, вход=151500.00 KZT; выход=0; глубина=3; вне выборки операции неизвестны",3,False,1,0,151500.0,0.0,1,0,0.00029337452908966797,0.0,False,0.0,exact,2248,0.0,1,0,1.0,0.0,0.0,0.0,0.0,0.0,0.0,0.0,False,False,sample_only,151500.0,1,0.59,1.0
100000001276409100,peripheral,0.2,18,0.351806,"Вход=1, 94760.00 KZT; выход=0; глубина=4: обход обрезан, конечная роль неизвестна",4,False,1,0,94760.0,0.0,1,0,0.00032104071150795133,0.0,True,0.0,exact,2248,0.0,1,0,1.0,0.0,0.0,0.0,0.0,0.0,0.0,0.0,False,True,depth_outflows_incomplete,94760.0,1,0.2,1.0
100000001279272100,peripheral,0.3,0,0.749767,"Роль неоднозначна: входов=1, выходов=2; оборот=386758.00 KZT; FIFO 1–7д=100%; в тот же день=?0%; правила иных ролей не выполнены",3,False,1,2,250000.0,136758.0,1,2,0.0003077398575230603,0.547032,False,0.00029919545413681874,exact,2248,0.8681135225375626,3,1,1.0,0.9505842437005514,1.0,136758.0,1.0,0.0,0.0,0.0,False,False,sample_only,386758.0,3,0.3,1.0
100000001279875100,terminal,0.59,24,0.282537,"Наблюдаемый получатель: входов=1, вход=49235.00 KZT; выход=0; глубина=2; вне выборки операции неизвестны",2,False,1,0,49235.0,0.0,1,0,0.0003032727428264067,0.0,False,0.0,exact,2248,0.0,1,0,1.0,0.0,0.0,0.0,0.0,0.0,0.0,0.0,False,False,sample_only,49235.0,1,0.59,1.0
100000001280798100,terminal,0.59,18,0.203219,"Наблюдаемый получатель: входов=1, вход=23785.00 KZT; выход=0; глубина=3; вне выборки операции неизвестны",3,False,1,0,23785.0,0.0,1,0,0.0002944311629865574,0.0,False,0.0,exact,2248,0.0,1,0,1.0,0.0,0.0,0.0,0.0,0.0,0.0,0.0,False,False,sample_only,23785.0,1,0.59,1.0
100000001282143100,consolidator,0.864706,24,0.651346,Гипотеза сбора: отправителей=5; вход=1700000.00 KZT; выход/вход=0.00; крупнейший вход=35%,3,False,5,0,1700000.0,0.0,6,0,0.00040176306143270535,0.0,False,0.0,exact,2248,0.0,5,2,0.35294117647058826,0.0,0.0,0.0,0.0,0.0,0.0,0.0,False,False,sample_only,1700000.0,6,0.864706,1.0
100000001285440100,terminal,0.63,35,0.499327,"Наблюдаемый получатель: входов=2, вход=243000.00 KZT; выход=0; глубина=3; вне выборки операции неизвестны",3,False,2,0,243000.0,0.0,2,0,0.0003203647790984497,0.0,False,0.0,exact,2248,0.0,2,1,0.7325102880658436,0.0,0.0,0.0,0.0,0.0,0.0,0.0,False,False,sample_only,243000.0,2,0.63,1.0
100000001286703100,peripheral,0.2,30,0.147678,"Вход=1, 20500.00 KZT; выход=0; глубина=4: обход обрезан, конечная роль неизвестна",4,False,1,0,20500.0,0.0,1,0,0.0002872398381747619,0.0,True,0.0,exact,2248,0.0,1,0,1.0,0.0,0.0,0.0,0.0,0.0,0.0,0.0,False,True,depth_outflows_incomplete,20500.0,1,0.2,1.0
100000001287955100,distributor,0.690145,24,0.743434,"Гипотеза распределения: входов=1, получателей=4; выход=310000.00 KZT; крупнейший выход=60%; источник средств неизвестен",2,False,1,4,17520.0,310000.0,1,5,0.0002939168313087527,17.69406392694064,False,0.0006803041897623334,exact,2248,0.9181969949916527,5,2,1.0,0.5990322580645161,1.0,17520.0,0.05651612903225806,0.0,0.0,0.9434838709677419,False,False,sample_only,327520.0,6,0.690145,1.0
100000001290243100,terminal,0.59,16,0.203398,"Наблюдаемый получатель: входов=1, вход=10000.00 KZT; выход=0; глубина=2; вне выборки операции неизвестны",2,False,1,0,10000.0,0.0,1,0,0.00031994897355357534,0.0,False,0.0,exact,2248,0.0,1,0,1.0,0.0,0.0,0.0,0.0,0.0,0.0,0.0,False,False,sample_only,10000.0,1,0.59,1.0
100000001297206100,peripheral,0.2,0,0.154812,"Вход=1, 6758.00 KZT; выход=0; глубина=4: обход обрезан, конечная роль неизвестна",4,False,1,0,6758.0,0.0,1,0,0.00029851097242758,0.0,True,0.0,exact,2248,0.0,1,0,1.0,0.0,0.0,0.0,0.0,0.0,0.0,0.0,False,True,depth_outflows_incomplete,6758.0,1,0.2,1.0
100000001298099100,terminal,0.59,18,0.178387,"Наблюдаемый получатель: входов=1, вход=19000.00 KZT; выход=0; глубина=3; вне выборки операции неизвестны",3,False,1,0,19000.0,0.0,1,0,0.0002926483569297594,0.0,False,0.0,exact,2248,0.0,1,0,1.0,0.0,0.0,0.0,0.0,0.0,0.0,0.0,False,False,sample_only,19000.0,1,0.59,1.0
100000001299323100,peripheral,0.2,4,0.327423,"Вход=1, 109000.00 KZT; выход=0; глубина=4: обход обрезан, конечная роль неизвестна",4,False,1,0,109000.0,0.0,1,0,0.0002999090853734995,0.0,True,0.0,exact,2248,0.0,1,0,1.0,0.0,0.0,0.0,0.0,0.0,0.0,0.0,False,True,depth_outflows_incomplete,109000.0,1,0.2,1.0
100000001299443100,peripheral,0.2,18,0.119796,"Вход=1, 8000.00 KZT; выход=0; глубина=4: обход обрезан, конечная роль неизвестна",4,False,1,0,8000.0,0.0,1,0,0.00028985049114896067,0.0,True,0.0,exact,2248,0.0,1,0,1.0,0.0,0.0,0.0,0.0,0.0,0.0,0.0,False,True,depth_outflows_incomplete,8000.0,1,0.2,1.0
100000001299828100,peripheral,0.2,0,0.415668,"Вход=1, 100000.00 KZT; выход=0; глубина=4: обход обрезан, конечная роль неизвестна",4,False,1,0,100000.0,0.0,1,0,0.0005472629597932584,0.0,True,0.0,exact,2248,0.0,1,0,1.0,0.0,0.0,0.0,0.0,0.0,0.0,0.0,False,True,depth_outflows_incomplete,100000.0,1,0.2,1.0
100000001303311100,consolidator,0.854683,35,0.657559,Гипотеза сбора: отправителей=5; вход=1324000.00 KZT; выход/вход=0.00; крупнейший вход=45%,3,False,5,0,1324000.0,0.0,5,0,0.0005016994290161644,0.0,False,0.0,exact,2248,0.0,5,2,0.45317220543806647,0.0,0.0,0.0,0.0,0.0,0.0,0.0,False,False,sample_only,1324000.0,5,0.854683,1.0
100000001307612100,terminal,0.59,22,0.235117,"Наблюдаемый получатель: входов=1, вход=38483.00 KZT; выход=0; глубина=1; вне выборки операции неизвестны",1,False,1,0,38483.0,0.0,1,0,0.00029364642514740773,0.0,False,0.0,exact,2248,0.0,1,0,1.0,0.0,0.0,0.0,0.0,0.0,0.0,0.0,False,False,sample_only,38483.0,1,0.59,1.0
100000001308856100,terminal,0.59,22,0.216566,"Наблюдаемый получатель: входов=1, вход=27000.00 KZT; выход=0; глубина=2; вне выборки операции неизвестны",2,False,1,0,27000.0,0.0,1,0,0.0002947395016034872,0.0,False,0.0,exact,2248,0.0,1,0,1.0,0.0,0.0,0.0,0.0,0.0,0.0,0.0,False,False,sample_only,27000.0,1,0.59,1.0
100000001311175100,peripheral,0.2,24,0.468495,"Вход=1, 300000.00 KZT; выход=0; глубина=4: обход обрезан, конечная роль неизвестна",4,False,1,0,300000.0,0.0,1,0,0.0005315144876960898,0.0,True,0.0,exact,2248,0.0,1,0,1.0,0.0,0.0,0.0,0.0,0.0,0.0,0.0,False,True,depth_outflows_incomplete,300000.0,1,0.2,1.0
100000001317336100,peripheral,0.3,36,0.763345,"Роль неоднозначна: входов=1, выходов=2; оборот=1883196.00 KZT; FIFO 1–7д=4%; в тот же день=?0%; правила иных ролей не выполнены",3,False,1,2,131196.0,1752000.0,1,3,0.0003438491368028857,13.354065672733924,False,4.0025663980191654e-05,exact,2248,0.5934891485809682,3,0,1.0,0.5707762557077626,0.0410958904109589,72000.0,0.0410958904109589,0.0,0.0,0.958904109589041,False,False,sample_only,1883196.0,4,0.3,1.0
100000001325618100,peripheral,0.2,18,0.127535,"Вход=1, 9300.00 KZT; выход=0; глубина=4: обход обрезан, конечная роль неизвестна",4,False,1,0,9300.0,0.0,1,0,0.000290546185650357,0.0,True,0.0,exact,2248,0.0,1,0,1.0,0.0,0.0,0.0,0.0,0.0,0.0,0.0,False,True,depth_outflows_incomplete,9300.0,1,0.2,1.0
100000001329153100,terminal,0.59,0,0.325292,"Наблюдаемый получатель: входов=1, вход=150687.00 KZT; выход=0; глубина=3; вне выборки операции неизвестны",3,False,1,0,150687.0,0.0,1,0,0.00029405598109260987,0.0,False,0.0,exact,2248,0.0,1,0,1.0,0.0,0.0,0.0,0.0,0.0,0.0,0.0,False,False,sample_only,150687.0,1,0.59,1.0
100000001330595100,peripheral,0.3,34,0.648032,"Роль неоднозначна: входов=3, выходов=1; оборот=241000.00 KZT; FIFO 1–7д=8%; в тот же день=?0%; правила иных ролей не выполнены",2,False,3,1,87000.0,154000.0,6,1,0.0006755694259219613,1.7701149425287357,False,1.1888811083225246e-06,exact,2248,0.09849749582637729,4,0,0.5172413793103449,1.0,1.0,12000.0,0.07792207792207792,0.0,0.0,0.922077922077922,False,False,sample_only,241000.0,7,0.3,1.0
100000001330685100,peripheral,0.3,10,0.733843,"Роль неоднозначна: входов=3, выходов=1; оборот=2536423.00 KZT; FIFO 1–7д=0%; в тот же день=?0%; правила иных ролей не выполнены",1,False,3,1,2435923.0,100500.0,7,1,0.0004382160258847987,0.04125746175063826,False,1.922024458454748e-05,exact,2248,0.2871452420701169,4,1,0.850408654132335,1.0,0.0,0.0,0.0,0.0,0.0,1.0,False,False,sample_only,2536423.0,8,0.3,1.0
100000001339466100,terminal,0.59,2,0.250146,"Наблюдаемый получатель: входов=1, вход=30000.00 KZT; выход=0; глубина=2; вне выборки операции неизвестны",2,False,1,0,30000.0,0.0,1,0,0.0003039018745217943,0.0,False,0.0,exact,2248,0.0,1,0,1.0,0.0,0.0,0.0,0.0,0.0,0.0,0.0,False,False,sample_only,30000.0,1,0.59,1.0
100000001346560100,peripheral,0.3,8,0.596463,"Роль неоднозначна: входов=2, выходов=1; оборот=32200.00 KZT; FIFO 1–7д=23%; в тот же день=?0%; правила иных ролей не выполнены",2,False,2,1,10000.0,22200.0,2,1,0.0005866163489075494,2.22,False,2.5759090680321364e-05,exact,2248,0.5091819699499165,3,0,0.5,1.0,1.0,5000.0,0.22522522522522523,0.0,0.0,0.7747747747747747,False,False,sample_only,32200.0,3,0.3,1.0
100000001362940100,terminal,0.59,2,0.310419,"Наблюдаемый получатель: входов=1, вход=81000.00 KZT; выход=0; глубина=1; вне выборки операции неизвестны",1,False,1,0,81000.0,0.0,1,0,0.00030178844535202483,0.0,False,0.0,exact,2248,0.0,1,0,1.0,0.0,0.0,0.0,0.0,0.0,0.0,0.0,False,False,sample_only,81000.0,1,0.59,1.0
100000001363952100,peripheral,0.3,8,0.595194,"Роль неоднозначна: входов=2, выходов=1; оборот=287655.00 KZT; FIFO 1–7д=0%; в тот же день=?11%; правила иных ролей не выполнены",1,False,2,1,196655.0,91000.0,2,2,0.00030709529312419024,0.4627393150441128,False,1.922024458454748e-05,exact,2248,0.2871452420701169,3,1,0.6483435458035646,1.0,0.0,0.0,0.0,10000.0,0.10989010989010989,0.8901098901098901,False,False,sample_only,287655.0,4,0.3,1.0
100000001373265100,peripheral,0.55,8,0.53437,"Мало связей: входов=1, выходов=1; оборот=147482.00 KZT; FIFO 1–7д=0%; в тот же день=?0%; правила иных ролей не выполнены",3,False,1,1,142482.0,5000.0,1,1,0.00031455853917834807,0.0350921519911287,False,1.922024458454748e-05,exact,2248,0.2871452420701169,2,0,1.0,1.0,0.0,0.0,0.0,0.0,0.0,1.0,False,False,sample_only,147482.0,2,0.55,1.0
100000001378288100,peripheral,0.2,8,0.505821,"Вход=1, 268000.00 KZT; выход=0; глубина=4: обход обрезан, конечная роль неизвестна",4,False,1,0,268000.0,0.0,3,0,0.0005234508868762802,0.0,True,0.0,exact,2248,0.0,1,0,1.0,0.0,0.0,0.0,0.0,0.0,0.0,0.0,False,True,depth_outflows_incomplete,268000.0,3,0.2,1.0
100000001379511100,terminal,0.59,42,0.300841,"Наблюдаемый получатель: входов=1, вход=55000.00 KZT; выход=0; глубина=3; вне выборки операции неизвестны",3,False,1,0,55000.0,0.0,1,0,0.0003072907911907118,0.0,False,0.0,exact,2248,0.0,1,0,1.0,0.0,0.0,0.0,0.0,0.0,0.0,0.0,False,False,sample_only,55000.0,1,0.59,1.0
100000001380054100,peripheral,0.3,27,0.688613,"Роль неоднозначна: входов=2, выходов=3; оборот=487050.00 KZT; FIFO 1–7д=14%; в тот же день=?2%; правила иных ролей не выполнены",1,False,2,3,127050.0,360000.0,2,4,0.0007164305424822365,2.833530106257379,False,2.774055919419224e-06,exact,2248,0.15943238731218698,3,0,0.9445100354191264,0.4444444444444444,0.1388888888888889,50000.0,0.1388888888888889,7050.0,0.019583333333333335,0.8415277777777778,False,False,sample_only,487050.0,6,0.3,1.0
100000001380107100,terminal,0.59,31,0.121456,"Наблюдаемый получатель: входов=1, вход=6000.00 KZT; выход=0; глубина=3; вне выборки операции неизвестны",3,False,1,0,6000.0,0.0,1,0,0.00029094848350339587,0.0,False,0.0,exact,2248,0.0,1,0,1.0,0.0,0.0,0.0,0.0,0.0,0.0,0.0,False,False,sample_only,6000.0,1,0.59,1.0
100000001380986100,terminal,0.59,4,0.270738,"Наблюдаемый получатель: входов=1, вход=70170.00 KZT; выход=0; глубина=2; вне выборки операции неизвестны",2,False,1,0,70170.0,0.0,1,0,0.000292172266547817,0.0,False,0.0,exact,2248,0.0,1,0,1.0,0.0,0.0,0.0,0.0,0.0,0.0,0.0,False,False,sample_only,70170.0,1,0.59,1.0
100000001382002100,peripheral,0.55,0,0.490994,"Мало связей: входов=1, выходов=1; оборот=111500.00 KZT; FIFO 1–7д=12%; в тот же день=?0%; правила иных ролей не выполнены",2,False,1,1,55000.0,56500.0,2,3,0.0006633074267595731,1.0272727272727273,False,0.0,exact,2248,0.0,1,0,1.0,1.0,0.11504424778761062,6500.0,0.11504424778761062,0.0,0.0,0.8849557522123894,False,False,sample_only,111500.0,5,0.55,1.0
100000001384826100,peripheral,0.55,10,0.551015,"Мало связей: входов=1, выходов=1; оборот=374260.00 KZT; FIFO 1–7д=0%; в тот же день=?0%; правила иных ролей не выполнены",3,False,1,1,364260.0,10000.0,1,1,0.0002973746599655164,0.027452918245209467,False,1.922024458454748e-05,exact,2248,0.2871452420701169,2,0,1.0,1.0,0.0,0.0,0.0,0.0,0.0,1.0,False,False,sample_only,374260.0,2,0.55,1.0
100000001386612100,terminal,0.59,47,0.364412,"Наблюдаемый получатель: входов=1, вход=62264.00 KZT; выход=0; глубина=2; вне выборки операции неизвестны",2,False,1,0,62264.0,0.0,1,0,0.0004337700956812129,0.0,False,0.0,exact,2248,0.0,1,0,1.0,0.0,0.0,0.0,0.0,0.0,0.0,0.0,False,False,sample_only,62264.0,1,0.59,1.0
100000001389255100,terminal,0.59,22,0.144942,"Наблюдаемый получатель: входов=1, вход=16136.00 KZT; выход=0; глубина=1; вне выборки операции неизвестны",1,False,1,0,16136.0,0.0,1,0,0.00028895605160856404,0.0,False,0.0,exact,2248,0.0,1,0,1.0,0.0,0.0,0.0,0.0,0.0,0.0,0.0,False,False,sample_only,16136.0,1,0.59,1.0
100000001411870100,terminal,0.63,1,0.613683,"Наблюдаемый получатель: входов=2, вход=900000.00 KZT; выход=0; глубина=1; вне выборки операции неизвестны",1,False,2,0,900000.0,0.0,4,0,0.0004780448174649528,0.0,False,0.0,exact,2248,0.0,2,0,0.7777777777777778,0.0,0.0,0.0,0.0,0.0,0.0,0.0,False,False,sample_only,900000.0,4,0.63,1.0
100000001415126100,terminal,0.59,47,0.300729,"Наблюдаемый получатель: входов=1, вход=27000.00 KZT; выход=0; глубина=0; вне выборки операции неизвестны; seed: вход неполон",0,True,1,0,27000.0,0.0,1,0,0.0004096189054308049,0.0,False,0.0,exact,2248,0.0,1,0,1.0,0.0,0.0,0.0,0.0,0.0,0.0,0.0,True,False,seed_inflows_incomplete,27000.0,1,0.59,0.65
100000001418900100,terminal,0.59,22,0.291532,"Наблюдаемый получатель: входов=1, вход=40140.00 KZT; выход=0; глубина=2; вне выборки операции неизвестны",2,False,1,0,40140.0,0.0,2,0,0.00029920233586476936,0.0,False,0.0,exact,2248,0.0,1,0,1.0,0.0,0.0,0.0,0.0,0.0,0.0,0.0,False,False,sample_only,40140.0,2,0.59,1.0
100000001420847100,terminal,0.59,43,0.250482,"Наблюдаемый получатель: входов=1, вход=20000.00 KZT; выход=0; глубина=2; вне выборки операции неизвестны",2,False,1,0,20000.0,0.0,2,0,0.00030282570687728154,0.0,False,0.0,exact,2248,0.0,1,0,1.0,0.0,0.0,0.0,0.0,0.0,0.0,0.0,False,False,sample_only,20000.0,2,0.59,1.0
100000001427082100,distributor,0.727942,32,0.74083,"Гипотеза распределения: входов=1, получателей=5; выход=124900.00 KZT; крупнейший выход=48%; источник средств неизвестен",3,False,1,5,5000.0,124900.0,1,6,0.0004392450523980504,24.98,False,7.846615314928662e-05,exact,2248,0.7195325542570952,6,1,1.0,0.4803843074459568,0.5604483586869495,5000.0,0.040032025620496396,0.0,0.0,0.9599679743795037,False,False,sample_only,129900.0,7,0.727942,1.0
100000001429930100,terminal,0.59,12,0.279083,"Наблюдаемый получатель: входов=1, вход=26000.00 KZT; выход=0; глубина=0; вне выборки операции неизвестны; seed: вход неполон",0,True,1,0,26000.0,0.0,1,0,0.00035079789147407785,0.0,False,0.0,exact,2248,0.0,1,0,1.0,0.0,0.0,0.0,0.0,0.0,0.0,0.0,True,False,seed_inflows_incomplete,26000.0,1,0.59,0.65
100000001439416100,peripheral,0.55,0,0.613748,"Мало связей: входов=1, выходов=2; оборот=175000.00 KZT; FIFO 1–7д=0%; в тот же день=?0%; правила иных ролей не выполнены",3,False,1,2,10000.0,165000.0,1,3,0.00034089967599193374,16.5,False,1.981468513870874e-05,exact,2248,0.4073455759599332,2,0,1.0,0.9393939393939394,0.0,0.0,0.0,0.0,0.0,1.0,False,False,sample_only,175000.0,4,0.55,1.0
100000001445848100,peripheral,0.55,38,0.603376,"Мало связей: входов=1, выходов=1; оборот=897850.00 KZT; FIFO 1–7д=47%; в тот же день=?15%; правила иных ролей не выполнены",3,False,1,1,546000.0,351850.0,13,14,0.0007020167320692293,0.6444139194139195,False,0.0,exact,2248,0.0,1,0,1.0,1.0,0.5726872246696035,166500.0,0.4732130169106153,54000.0,0.15347449197101037,0.37331249111837433,False,False,sample_only,897850.0,27,0.55,1.0
100000001463701100,terminal,0.63,11,0.608031,"Наблюдаемый получатель: входов=2, вход=621000.00 KZT; выход=0; глубина=1; вне выборки операции неизвестны",1,False,2,0,621000.0,0.0,2,0,0.0005722109368497138,0.0,False,0.0,exact,2248,0.0,2,0,0.6006441223832528,0.0,0.0,0.0,0.0,0.0,0.0,0.0,False,False,sample_only,621000.0,2,0.63,1.0
100000001471706100,peripheral,0.2,47,0.546826,"Вход=1, 377000.00 KZT; выход=0; глубина=4: обход обрезан, конечная роль неизвестна",4,False,1,0,377000.0,0.0,8,0,0.0005401265380892355,0.0,True,0.0,exact,2248,0.0,1,0,1.0,0.0,0.0,0.0,0.0,0.0,0.0,0.0,False,True,depth_outflows_incomplete,377000.0,8,0.2,1.0
100000001477796100,terminal,0.59,2,0.395682,"Наблюдаемый получатель: входов=1, вход=182000.00 KZT; выход=0; глубина=1; вне выборки операции неизвестны",1,False,1,0,182000.0,0.0,1,0,0.0003306619019813842,0.0,False,0.0,exact,2248,0.0,1,0,1.0,0.0,0.0,0.0,0.0,0.0,0.0,0.0,False,False,sample_only,182000.0,1,0.59,1.0
100000001484381100,terminal,0.63,18,0.465164,"Наблюдаемый получатель: входов=2, вход=95585.00 KZT; выход=0; глубина=3; вне выборки операции неизвестны",3,False,2,0,95585.0,0.0,4,0,0.0003213079861341874,0.0,False,0.0,exact,2248,0.0,2,0,0.7511638855468954,0.0,0.0,0.0,0.0,0.0,0.0,0.0,False,False,sample_only,95585.0,4,0.63,1.0
100000001490461100,peripheral,0.55,18,0.471523,"Мало связей: входов=1, выходов=1; оборот=25000.00 KZT; FIFO 1–7д=0%; в тот же день=?0%; правила иных ролей не выполнены",2,False,1,1,20000.0,5000.0,1,1,0.00032099043429899374,0.25,False,2.19943005039667e-05,exact,2248,0.4724540901502504,2,0,1.0,1.0,0.0,0.0,0.0,0.0,0.0,1.0,False,False,sample_only,25000.0,2,0.55,1.0
100000001498732100,peripheral,0.2,48,0.109186,"Вход=1, 5500.00 KZT; выход=0; глубина=4: обход обрезан, конечная роль неизвестна",4,False,1,0,5500.0,0.0,1,0,0.0002894096098235812,0.0,True,0.0,exact,2248,0.0,1,0,1.0,0.0,0.0,0.0,0.0,0.0,0.0,0.0,False,True,depth_outflows_incomplete,5500.0,1,0.2,1.0
100000001524952100,terminal,0.59,0,0.336597,"Наблюдаемый получатель: входов=1, вход=103807.00 KZT; выход=0; глубина=1; вне выборки операции неизвестны",1,False,1,0,103807.0,0.0,1,0,0.00030504892931036134,0.0,False,0.0,exact,2248,0.0,1,0,1.0,0.0,0.0,0.0,0.0,0.0,0.0,0.0,False,False,sample_only,103807.0,1,0.59,1.0
100000001526235100,distributor,0.752721,13,0.898234,"Гипотеза распределения: входов=3, получателей=8; выход=432750.00 KZT; крупнейший выход=72%; источник средств неизвестен",2,False,3,8,82000.0,432750.0,4,9,0.0008778562267377689,5.277439024390244,False,0.0002566001725462782,exact,2248,0.8547579298831386,8,0,0.6829268292682927,0.7151935297515887,0.09127671865973426,39500.0,0.09127671865973426,6000.0,0.01386481802426343,0.8948584633160023,False,False,sample_only,514750.0,13,0.752721,1.0
100000001527186100,terminal,0.59,2,0.520738,"Наблюдаемый получатель: входов=1, вход=678000.00 KZT; выход=0; глубина=1; вне выборки операции неизвестны",1,False,1,0,678000.0,0.0,2,0,0.0004213295963080267,0.0,False,0.0,exact,2248,0.0,1,0,1.0,0.0,0.0,0.0,0.0,0.0,0.0,0.0,False,False,sample_only,678000.0,2,0.59,1.0
100000001530709100,terminal,0.59,0,0.229509,"Наблюдаемый получатель: входов=1, вход=53961.00 KZT; выход=0; глубина=3; вне выборки операции неизвестны",3,False,1,0,53961.0,0.0,1,0,0.00028860837595943913,0.0,False,0.0,exact,2248,0.0,1,0,1.0,0.0,0.0,0.0,0.0,0.0,0.0,0.0,False,False,sample_only,53961.0,1,0.59,1.0
100000001530740100,terminal,0.59,16,0.272734,"Наблюдаемый получатель: входов=1, вход=15000.00 KZT; выход=0; глубина=2; вне выборки операции неизвестны",2,False,1,0,15000.0,0.0,1,0,0.0005298197024409163,0.0,False,0.0,exact,2248,0.0,1,0,1.0,0.0,0.0,0.0,0.0,0.0,0.0,0.0,False,False,sample_only,15000.0,1,0.59,1.0
100000001530983100,distributor,0.86259,16,0.883853,"Гипотеза распределения: входов=4, получателей=11; выход=1829538.00 KZT; крупнейший выход=25%; источник средств неизвестен",1,False,4,11,564158.0,1829538.0,4,17,0.00035609030999176293,3.24295321523403,False,0.0003320721066079377,exact,2248,0.8848080133555927,15,3,0.5918377475813513,0.24940176153761223,0.3259238124597576,249014.0,0.1361075856309079,200000.0,0.10931721560306482,0.7545751987660273,False,False,sample_only,2393696.0,21,0.86259,1.0
100000001533161100,peripheral,0.2,49,0.358603,"Вход=1, 100000.00 KZT; выход=0; глубина=4: обход обрезан, конечная роль неизвестна",4,False,1,0,100000.0,0.0,1,0,0.0003244427669685303,0.0,True,0.0,exact,2248,0.0,1,0,1.0,0.0,0.0,0.0,0.0,0.0,0.0,0.0,False,True,depth_outflows_incomplete,100000.0,1,0.2,1.0
100000001534244100,peripheral,0.3,4,0.68163,"Роль неоднозначна: входов=2, выходов=1; оборот=411000.00 KZT; FIFO 1–7д=0%; в тот же день=?0%; правила иных ролей не выполнены",3,False,2,1,366000.0,45000.0,2,1,0.00034150708804052437,0.12295081967213115,False,2.159800680119253e-05,exact,2248,0.46160267111853087,3,0,0.5191256830601093,1.0,0.0,0.0,0.0,0.0,0.0,1.0,False,False,sample_only,411000.0,3,0.3,1.0
100000001537524100,peripheral,0.2,24,0.339109,"Вход=1, 150000.00 KZT; выход=0; глубина=4: обход обрезан, конечная роль неизвестна",4,False,1,0,150000.0,0.0,1,0,0.0002986714418382267,0.0,True,0.0,exact,2248,0.0,1,0,1.0,0.0,0.0,0.0,0.0,0.0,0.0,0.0,False,True,depth_outflows_incomplete,150000.0,1,0.2,1.0
100000001538095100,terminal,0.63,24,0.51218,"Наблюдаемый получатель: входов=2, вход=280000.00 KZT; выход=0; глубина=3; вне выборки операции неизвестны",3,False,2,0,280000.0,0.0,2,0,0.00033013522666239774,0.0,False,0.0,exact,2248,0.0,2,1,0.6428571428571429,0.0,0.0,0.0,0.0,0.0,0.0,0.0,False,False,sample_only,280000.0,2,0.63,1.0
100000001541418100,terminal,0.63,4,0.422297,"Наблюдаемый получатель: входов=2, вход=96900.00 KZT; выход=0; глубина=2; вне выборки операции неизвестны",2,False,2,0,96900.0,0.0,2,0,0.0003035306386081874,0.0,False,0.0,exact,2248,0.0,2,1,0.5159958720330238,0.0,0.0,0.0,0.0,0.0,0.0,0.0,False,False,sample_only,96900.0,2,0.63,1.0
100000001549194100,terminal,0.59,40,0.264233,"Наблюдаемый получатель: входов=1, вход=46500.00 KZT; выход=0; глубина=3; вне выборки операции неизвестны",3,False,1,0,46500.0,0.0,1,0,0.0002987125955300956,0.0,False,0.0,exact,2248,0.0,1,0,1.0,0.0,0.0,0.0,0.0,0.0,0.0,0.0,False,False,sample_only,46500.0,1,0.59,1.0
100000001550388100,terminal,0.59,0,0.260868,"Наблюдаемый получатель: входов=1, вход=50000.00 KZT; выход=0; глубина=1; вне выборки операции неизвестны",1,False,1,0,50000.0,0.0,1,0,0.0002949519153763026,0.0,False,0.0,exact,2248,0.0,1,0,1.0,0.0,0.0,0.0,0.0,0.0,0.0,0.0,False,False,sample_only,50000.0,1,0.59,1.0
100000001550419100,terminal,0.59,40,0.188392,"Наблюдаемый получатель: входов=1, вход=23000.00 KZT; выход=0; глубина=3; вне выборки операции неизвестны",3,False,1,0,23000.0,0.0,1,0,0.0002920702819634094,0.0,False,0.0,exact,2248,0.0,1,0,1.0,0.0,0.0,0.0,0.0,0.0,0.0,0.0,False,False,sample_only,23000.0,1,0.59,1.0
100000001554432100,terminal,0.59,2,0.27334,"Наблюдаемый получатель: входов=1, вход=53920.00 KZT; выход=0; глубина=1; вне выборки операции неизвестны",1,False,1,0,53920.0,0.0,1,0,0.00029636604272574585,0.0,False,0.0,exact,2248,0.0,1,0,1.0,0.0,0.0,0.0,0.0,0.0,0.0,0.0,False,False,sample_only,53920.0,1,0.59,1.0
100000001557930100,terminal,0.59,1,0.220895,"Наблюдаемый получатель: входов=1, вход=34610.00 KZT; выход=0; глубина=2; вне выборки операции неизвестны",2,False,1,0,34610.0,0.0,1,0,0.0002921289541275454,0.0,False,0.0,exact,2248,0.0,1,0,1.0,0.0,0.0,0.0,0.0,0.0,0.0,0.0,False,False,sample_only,34610.0,1,0.59,1.0
100000001567366100,terminal,0.59,16,0.533546,"Наблюдаемый получатель: входов=1, вход=824070.00 KZT; выход=0; глубина=1; вне выборки операции неизвестны",1,False,1,0,824070.0,0.0,4,0,0.00037417169658699974,0.0,False,0.0,exact,2248,0.0,1,0,1.0,0.0,0.0,0.0,0.0,0.0,0.0,0.0,False,False,sample_only,824070.0,4,0.59,1.0
100000001578517100,terminal,0.59,16,0.201649,"Наблюдаемый получатель: входов=1, вход=30000.00 KZT; выход=0; глубина=2; вне выборки операции неизвестны",2,False,1,0,30000.0,0.0,1,0,0.00029053829816639534,0.0,False,0.0,exact,2248,0.0,1,0,1.0,0.0,0.0,0.0,0.0,0.0,0.0,0.0,False,False,sample_only,30000.0,1,0.59,1.0
100000001584286100,terminal,0.63,24,0.563279,"Наблюдаемый получатель: входов=2, вход=738699.00 KZT; выход=0; глубина=2; вне выборки операции неизвестны",2,False,2,0,738699.0,0.0,3,0,0.00032848499407064284,0.0,False,0.0,exact,2248,0.0,2,1,0.864628217988653,0.0,0.0,0.0,0.0,0.0,0.0,0.0,False,False,sample_only,738699.0,3,0.63,1.0
100000001590795100,peripheral,0.2,18,0.096355,"Вход=1, 5060.00 KZT; выход=0; глубина=4: обход обрезан, конечная роль неизвестна",4,False,1,0,5060.0,0.0,1,0,0.00028827715127657203,0.0,True,0.0,exact,2248,0.0,1,0,1.0,0.0,0.0,0.0,0.0,0.0,0.0,0.0,False,True,depth_outflows_incomplete,5060.0,1,0.2,1.0
100000001597424100,terminal,0.59,40,0.269392,"Наблюдаемый получатель: входов=1, вход=48100.00 KZT; выход=0; глубина=3; вне выборки операции неизвестны",3,False,1,0,48100.0,0.0,1,0,0.00029916483815591255,0.0,False,0.0,exact,2248,0.0,1,0,1.0,0.0,0.0,0.0,0.0,0.0,0.0,0.0,False,False,sample_only,48100.0,1,0.59,1.0
100000001597505100,peripheral,0.55,41,0.42977,"Мало связей: входов=1, выходов=1; оборот=39380.00 KZT; FIFO 1–7д=0%; в тот же день=?0%; правила иных ролей не выполнены",2,False,1,1,26460.0,12920.0,1,1,0.00031475890283167617,0.48828420256991684,False,9.788454458522118e-06,exact,2248,0.20701168614357263,2,1,1.0,1.0,0.0,0.0,0.0,0.0,0.0,1.0,False,False,sample_only,39380.0,2,0.55,1.0
100000001598625100,peripheral,0.2,8,0.296288,"Вход=1, 25000.00 KZT; выход=0; глубина=4: обход обрезан, конечная роль неизвестна",4,False,1,0,25000.0,0.0,1,0,0.0004288818435522478,0.0,True,0.0,exact,2248,0.0,1,0,1.0,0.0,0.0,0.0,0.0,0.0,0.0,0.0,False,True,depth_outflows_incomplete,25000.0,1,0.2,1.0
100000001600934100,peripheral,0.55,8,0.528208,"Мало связей: входов=1, выходов=1; оборот=191300.00 KZT; FIFO 1–7д=100%; в тот же день=?0%; правила иных ролей не выполнены",3,False,1,1,180300.0,11000.0,2,1,0.0023668517583921712,0.06100942872989462,False,0.0,exact,2248,0.0,1,0,1.0,1.0,1.0,11000.0,1.0,0.0,0.0,0.0,False,False,sample_only,191300.0,3,0.55,1.0
100000001601320100,peripheral,0.3,1,0.567052,"Роль неоднозначна: входов=2, выходов=1; оборот=89700.00 KZT; FIFO 1–7д=0%; в тот же день=?0%; правила иных ролей не выполнены",2,False,2,1,43500.0,46200.0,2,1,0.0008117637398617562,1.0620689655172413,False,9.90734256935437e-07,exact,2248,0.08180300500834725,3,0,0.7816091954022989,1.0,0.0,0.0,0.0,0.0,0.0,1.0,False,False,sample_only,89700.0,3,0.3,1.0
100000001609499100,consolidator,0.804883,0,0.760948,Гипотеза сбора: отправителей=3; вход=263113.00 KZT; выход/вход=0.08; крупнейший вход=43%,1,False,3,2,263113.0,21000.0,3,2,0.00032091395654925293,0.07981361620292422,False,0.0001842231717471561,exact,2248,0.8280467445742905,4,1,0.43144960530266463,0.5238095238095238,1.0,21000.0,1.0,0.0,0.0,0.0,False,False,sample_only,284113.0,5,0.804883,1.0
100000001611488100,terminal,0.63,10,0.639412,"Наблюдаемый получатель: входов=2, вход=779300.00 KZT; выход=0; глубина=3; вне выборки операции неизвестны",3,False,2,0,779300.0,0.0,3,0,0.0008775368508533173,0.0,False,0.0,exact,2248,0.0,2,0,0.6496856152957783,0.0,0.0,0.0,0.0,0.0,0.0,0.0,False,False,sample_only,779300.0,3,0.63,1.0
100000001616816100,transit,0.65,1,0.864479,"Гипотеза транзита: вход=176195.00, выход=181326.00 KZT; FIFO 1–7д=71%; в тот же день=?25%; те же деньги не установлены; seed: вход неполон",0,True,5,3,176195.0,181326.0,12,10,0.002434657190684458,1.0291211441868384,False,0.00010470096527690845,exact,2248,0.7479131886477463,6,2,0.39271829507080225,0.609399644838578,1.0,128466.0,0.7084808576817445,45729.0,0.2521921842427451,0.039326958075510406,True,False,seed_inflows_incomplete,357521.0,22,0.795139,0.65
100000001632325100,terminal,0.59,22,0.352389,"Наблюдаемый получатель: входов=1, вход=85600.00 KZT; выход=0; глубина=3; вне выборки операции неизвестны",3,False,1,0,85600.0,0.0,3,0,0.0002989295521153433,0.0,False,0.0,exact,2248,0.0,1,0,1.0,0.0,0.0,0.0,0.0,0.0,0.0,0.0,False,False,sample_only,85600.0,3,0.59,1.0
100000001633685100,consolidator,0.797778,0,0.401806,Гипотеза сбора: отправителей=3; вход=45000.00 KZT; выход/вход=0.00; крупнейший вход=62%,2,False,3,0,45000.0,0.0,3,0,0.0003061866332400334,0.0,False,0.0,exact,2248,0.0,3,0,0.6222222222222222,0.0,0.0,0.0,0.0,0.0,0.0,0.0,False,False,sample_only,45000.0,3,0.797778,1.0
100000001637376100,peripheral,0.55,10,0.520306,"Мало связей: входов=1, выходов=1; оборот=350950.00 KZT; FIFO 1–7д=0%; в тот же день=?50%; правила иных ролей не выполнены",3,False,1,1,116700.0,234250.0,1,2,0.0002893514448317364,2.0072836332476434,False,1.922024458454748e-05,exact,2248,0.2871452420701169,2,0,1.0,1.0,0.0,0.0,0.0,116000.0,0.4951974386339381,0.5048025613660619,False,False,sample_only,350950.0,3,0.55,1.0
100000001639766100,terminal,0.59,1,0.313627,"Наблюдаемый получатель: входов=1, вход=20000.00 KZT; выход=0; глубина=3; вне выборки операции неизвестны",3,False,1,0,20000.0,0.0,1,0,0.0006506628579150655,0.0,False,0.0,exact,2248,0.0,1,0,1.0,0.0,0.0,0.0,0.0,0.0,0.0,0.0,False,False,sample_only,20000.0,1,0.59,1.0
100000001641789100,terminal,0.59,1,0.27989,"Наблюдаемый получатель: входов=1, вход=17826.00 KZT; выход=0; глубина=1; вне выборки операции неизвестны",1,False,1,0,17826.0,0.0,1,0,0.0004895828148678133,0.0,False,0.0,exact,2248,0.0,1,0,1.0,0.0,0.0,0.0,0.0,0.0,0.0,0.0,False,False,sample_only,17826.0,1,0.59,1.0
100000001641951100,terminal,0.59,8,0.309522,"Наблюдаемый получатель: входов=1, вход=25000.00 KZT; выход=0; глубина=2; вне выборки операции неизвестны",2,False,1,0,25000.0,0.0,4,0,0.0003190638874323934,0.0,False,0.0,exact,2248,0.0,1,0,1.0,0.0,0.0,0.0,0.0,0.0,0.0,0.0,False,False,sample_only,25000.0,4,0.59,1.0
100000001648936100,terminal,0.59,1,0.323811,"Наблюдаемый получатель: входов=1, вход=92740.00 KZT; выход=0; глубина=2; вне выборки операции неизвестны",2,False,1,0,92740.0,0.0,1,0,0.00030314637772139394,0.0,False,0.0,exact,2248,0.0,1,0,1.0,0.0,0.0,0.0,0.0,0.0,0.0,0.0,False,False,sample_only,92740.0,1,0.59,1.0
100000001650895100,peripheral,0.55,18,0.579172,"Мало связей: входов=1, выходов=1; оборот=163500.00 KZT; FIFO 1–7д=0%; в тот же день=?0%; правила иных ролей не выполнены",3,False,1,1,153500.0,10000.0,1,1,0.00030927489327733915,0.06514657980456026,False,2.19943005039667e-05,exact,2248,0.4724540901502504,2,0,1.0,1.0,0.0,0.0,0.0,0.0,0.0,1.0,False,False,sample_only,163500.0,2,0.55,1.0
100000001660397100,transit,0.748469,0,0.673651,"Гипотеза транзита: вход=48600.00, выход=49000.00 KZT; FIFO 1–7д=57%; в тот же день=?42%; те же деньги не установлены",1,False,2,3,48600.0,49000.0,2,4,0.0002951523346277189,1.008230452674897,False,0.0005032951333514933,exact,2248,0.9031719532554258,4,2,0.602880658436214,0.4897959183673469,0.7346938775510204,27900.0,0.5693877551020409,20700.0,0.42244897959183675,0.00816326530612245,False,False,sample_only,97600.0,6,0.748469,1.0
100000001669260100,peripheral,0.2,8,0.505776,"Вход=1, 500000.00 KZT; выход=0; глубина=4: обход обрезан, конечная роль неизвестна",4,False,1,0,500000.0,0.0,1,0,0.0005601153780204312,0.0,True,0.0,exact,2248,0.0,1,0,1.0,0.0,0.0,0.0,0.0,0.0,0.0,0.0,False,True,depth_outflows_incomplete,500000.0,1,0.2,1.0
100000001674850100,terminal,0.63,42,0.489816,"Наблюдаемый получатель: входов=2, вход=237000.00 KZT; выход=0; глубина=3; вне выборки операции неизвестны",3,False,2,0,237000.0,0.0,2,0,0.0003140936423748864,0.0,False,0.0,exact,2248,0.0,2,1,0.8016877637130801,0.0,0.0,0.0,0.0,0.0,0.0,0.0,False,False,sample_only,237000.0,2,0.63,1.0
100000001677389100,peripheral,0.55,28,0.306757,"Мало связей: входов=1, выходов=1; оборот=16400.00 KZT; FIFO 1–7д=0%; в тот же день=?0%; правила иных ролей не выполнены",3,False,1,1,11000.0,5400.0,1,1,0.00028863096954467773,0.4909090909090909,False,1.922024458454748e-05,exact,2248,0.2871452420701169,2,0,1.0,1.0,0.0,0.0,0.0,0.0,0.0,1.0,False,False,sample_only,16400.0,2,0.55,1.0
100000001677929100,peripheral,0.3,1,0.684528,"Роль неоднозначна: входов=3, выходов=2; оборот=412875.00 KZT; FIFO 1–7д=2%; в тот же день=?25%; правила иных ролей не выполнены",2,False,3,2,126777.0,286098.0,3,4,0.0033340919545888554,2.2567027142147236,False,1.1888811083225246e-06,exact,2248,0.09849749582637729,3,0,0.605606695220742,0.9695908395025481,0.27052967864158434,5000.0,0.017476529021524093,72398.0,0.25305314962006026,0.7294703213584156,False,False,sample_only,412875.0,7,0.3,1.0
100000001680944100,terminal,0.59,35,0.443102,"Наблюдаемый получатель: входов=1, вход=393000.00 KZT; выход=0; глубина=3; вне выборки операции неизвестны",3,False,1,0,393000.0,0.0,1,0,0.00034558988439926675,0.0,False,0.0,exact,2248,0.0,1,0,1.0,0.0,0.0,0.0,0.0,0.0,0.0,0.0,False,False,sample_only,393000.0,1,0.59,1.0
100000001684867100,terminal,0.59,16,0.191555,"Наблюдаемый получатель: входов=1, вход=30550.00 KZT; выход=0; глубина=1; вне выборки операции неизвестны",1,False,1,0,30550.0,0.0,1,0,0.00028885397075253017,0.0,False,0.0,exact,2248,0.0,1,0,1.0,0.0,0.0,0.0,0.0,0.0,0.0,0.0,False,False,sample_only,30550.0,1,0.59,1.0
100000001686328100,terminal,0.59,4,0.366297,"Наблюдаемый получатель: входов=1, вход=140000.00 KZT; выход=0; глубина=3; вне выборки операции неизвестны",3,False,1,0,140000.0,0.0,1,0,0.0003150543933476953,0.0,False,0.0,exact,2248,0.0,1,0,1.0,0.0,0.0,0.0,0.0,0.0,0.0,0.0,False,False,sample_only,140000.0,1,0.59,1.0
100000001688676100,terminal,0.59,43,0.353825,"Наблюдаемый получатель: входов=1, вход=133700.00 KZT; выход=0; глубина=3; вне выборки операции неизвестны",3,False,1,0,133700.0,0.0,1,0,0.0003084340439985561,0.0,False,0.0,exact,2248,0.0,1,0,1.0,0.0,0.0,0.0,0.0,0.0,0.0,0.0,False,False,sample_only,133700.0,1,0.59,1.0
100000001689968100,consolidator,0.805179,10,0.555574,Гипотеза сбора: отправителей=3; вход=344333.75 KZT; выход/вход=0.00; крупнейший вход=55%,3,False,3,0,344333.75,0.0,3,0,0.00033914310918301173,0.0,False,0.0,exact,2248,0.0,3,2,0.5482094043932667,0.0,0.0,0.0,0.0,0.0,0.0,0.0,False,False,sample_only,344333.75,3,0.805179,1.0
100000001690439100,terminal,0.59,10,0.262416,"Наблюдаемый получатель: входов=1, вход=14200.00 KZT; выход=0; глубина=3; вне выборки операции неизвестны",3,False,1,0,14200.0,0.0,1,0,0.00047706727238734387,0.0,False,0.0,exact,2248,0.0,1,0,1.0,0.0,0.0,0.0,0.0,0.0,0.0,0.0,False,False,sample_only,14200.0,1,0.59,1.0
100000001690558100,terminal,0.59,43,0.487293,"Наблюдаемый получатель: входов=1, вход=740000.00 KZT; выход=0; глубина=3; вне выборки операции неизвестны",3,False,1,0,740000.0,0.0,1,0,0.00041212063930432354,0.0,False,0.0,exact,2248,0.0,1,0,1.0,0.0,0.0,0.0,0.0,0.0,0.0,0.0,False,False,sample_only,740000.0,1,0.59,1.0
100000001696818100,terminal,0.59,2,0.279441,"Наблюдаемый получатель: входов=1, вход=53550.00 KZT; выход=0; глубина=1; вне выборки операции неизвестны",1,False,1,0,53550.0,0.0,1,0,0.00029883692688634147,0.0,False,0.0,exact,2248,0.0,1,0,1.0,0.0,0.0,0.0,0.0,0.0,0.0,0.0,False,False,sample_only,53550.0,1,0.59,1.0
100000001697501100,distributor,0.875901,22,0.921183,"Гипотеза распределения: входов=3, получателей=38; выход=1482606.00 KZT; крупнейший выход=16%; источник средств неизвестен",1,False,3,38,123700.0,1482606.0,3,55,0.000591604549253487,11.98549717057397,False,0.00020547828488840964,exact,2248,0.8397328881469115,38,0,0.5957962813257882,0.16066304871287448,0.5338984194047508,0.0,0.0,123700.0,0.08343416929379754,0.9165658307062025,False,False,sample_only,1606306.0,58,0.875901,1.0
100000001703168100,peripheral,0.55,2,0.476923,"Мало связей: входов=1, выходов=1; оборот=135000.00 KZT; FIFO 1–7д=50%; в тот же день=?0%; правила иных ролей не выполнены",2,False,1,1,45000.0,90000.0,1,1,0.00029266343176030765,2.0,False,1.922024458454748e-05,exact,2248,0.2871452420701169,2,0,1.0,1.0,1.0,45000.0,0.5,0.0,0.0,0.5,False,False,sample_only,135000.0,2,0.55,1.0
100000001714173100,terminal,0.59,35,0.573654,"Наблюдаемый получатель: входов=1, вход=638905.00 KZT; выход=0; глубина=3; вне выборки операции неизвестны",3,False,1,0,638905.0,0.0,6,0,0.0005706777097822567,0.0,False,0.0,exact,2248,0.0,1,0,1.0,0.0,0.0,0.0,0.0,0.0,0.0,0.0,False,False,sample_only,638905.0,6,0.59,1.0
100000001714413100,terminal,0.59,10,0.353197,"Наблюдаемый получатель: входов=1, вход=250172.00 KZT; выход=0; глубина=3; вне выборки операции неизвестны",3,False,1,0,250172.0,0.0,1,0,0.00029367716211375244,0.0,False,0.0,exact,2248,0.0,1,0,1.0,0.0,0.0,0.0,0.0,0.0,0.0,0.0,False,False,sample_only,250172.0,1,0.59,1.0
100000001714883100,peripheral,0.2,18,0.111967,"Вход=1, 6900.00 KZT; выход=0; глубина=4: обход обрезан, конечная роль неизвестна",4,False,1,0,6900.0,0.0,1,0,0.00028926182657085605,0.0,True,0.0,exact,2248,0.0,1,0,1.0,0.0,0.0,0.0,0.0,0.0,0.0,0.0,False,True,depth_outflows_incomplete,6900.0,1,0.2,1.0
100000001716579100,terminal,0.59,22,0.128163,"Наблюдаемый получатель: входов=1, вход=13916.00 KZT; выход=0; глубина=1; вне выборки операции неизвестны",1,False,1,0,13916.0,0.0,1,0,0.0002884900996124915,0.0,False,0.0,exact,2248,0.0,1,0,1.0,0.0,0.0,0.0,0.0,0.0,0.0,0.0,False,False,sample_only,13916.0,1,0.59,1.0
100000001724740100,peripheral,0.2,4,0.498082,"Вход=1, 185000.00 KZT; выход=0; глубина=4: обход обрезан, конечная роль неизвестна",4,False,1,0,185000.0,0.0,4,0,0.0005364804152149869,0.0,True,0.0,exact,2248,0.0,1,0,1.0,0.0,0.0,0.0,0.0,0.0,0.0,0.0,False,True,depth_outflows_incomplete,185000.0,4,0.2,1.0
100000001726614100,terminal,0.59,0,0.332066,"Наблюдаемый получатель: входов=1, вход=138717.00 KZT; выход=0; глубина=3; вне выборки операции неизвестны",3,False,1,0,138717.0,0.0,1,0,0.0002978710303376365,0.0,False,0.0,exact,2248,0.0,1,0,1.0,0.0,0.0,0.0,0.0,0.0,0.0,0.0,False,False,sample_only,138717.0,1,0.59,1.0
100000001732159100,peripheral,0.3,42,0.827677,"Роль неоднозначна: входов=2, выходов=4; оборот=3884066.00 KZT; FIFO 1–7д=66%; в тот же день=?24%; правила иных ролей не выполнены; seed: вход неполон",0,True,2,4,2378100.0,1505966.0,30,23,0.0010950567872996845,0.633264370716118,False,2.027094433598164e-05,exact,2248,0.4307178631051753,4,0,0.960052142466675,0.3087719111852459,0.9800792315364357,987366.0,0.6556363158265194,367900.0,0.24429502392484292,0.10006866024863775,True,False,seed_inflows_incomplete,3884066.0,53,0.3,1.0
100000001733216100,peripheral,0.2,0,0.39207,"Вход=1, 60000.00 KZT; выход=0; глубина=4: обход обрезан, конечная роль неизвестна",4,False,1,0,60000.0,0.0,2,0,0.00040765311721545095,0.0,True,0.0,exact,2248,0.0,1,0,1.0,0.0,0.0,0.0,0.0,0.0,0.0,0.0,False,True,depth_outflows_incomplete,60000.0,2,0.2,1.0
100000001733687100,terminal,0.59,4,0.396265,"Наблюдаемый получатель: входов=1, вход=300000.00 KZT; выход=0; глубина=3; вне выборки операции неизвестны",3,False,1,0,300000.0,0.0,1,0,0.0003066249703782886,0.0,False,0.0,exact,2248,0.0,1,0,1.0,0.0,0.0,0.0,0.0,0.0,0.0,0.0,False,False,sample_only,300000.0,1,0.59,1.0
100000001737722100,terminal,0.59,2,0.322869,"Наблюдаемый получатель: входов=1, вход=60460.00 KZT; выход=0; глубина=2; вне выборки операции неизвестны",2,False,1,0,60460.0,0.0,1,0,0.0003187759337086208,0.0,False,0.0,exact,2248,0.0,1,0,1.0,0.0,0.0,0.0,0.0,0.0,0.0,0.0,False,False,sample_only,60460.0,1,0.59,1.0
100000001740277100,peripheral,0.55,1,0.275336,"Мало связей: входов=1, выходов=1; оборот=13700.00 KZT; FIFO 1–7д=100%; в тот же день=?0%; правила иных ролей не выполнены",3,False,1,1,8700.0,5000.0,1,1,0.0003696934153229427,0.5747126436781609,False,0.0,exact,2248,0.0,1,0,1.0,1.0,1.0,5000.0,1.0,0.0,0.0,0.0,False,False,sample_only,13700.0,2,0.55,1.0
100000001745217100,terminal,0.59,0,0.234533,"Наблюдаемый получатель: входов=1, вход=50000.00 KZT; выход=0; глубина=3; вне выборки операции неизвестны",3,False,1,0,50000.0,0.0,1,0,0.0002900034068784448,0.0,False,0.0,exact,2248,0.0,1,0,1.0,0.0,0.0,0.0,0.0,0.0,0.0,0.0,False,False,sample_only,50000.0,1,0.59,1.0
100000001746925100,peripheral,0.55,2,0.581157,"Мало связей: входов=1, выходов=1; оборот=70250.00 KZT; FIFO 1–7д=0%; в тот же день=?0%; правила иных ролей не выполнены",1,False,1,1,65250.0,5000.0,1,1,0.000298634721520271,0.07662835249042145,False,0.00011888811083225245,exact,2248,0.7712854757929883,2,1,1.0,1.0,0.0,0.0,0.0,0.0,0.0,1.0,False,False,sample_only,70250.0,2,0.55,1.0
100000001782980100,peripheral,0.55,27,0.599486,"Мало связей: входов=1, выходов=1; оборот=646200.00 KZT; FIFO 1–7д=0%; в тот же день=?0%; правила иных ролей не выполнены",2,False,1,1,50000.0,596200.0,1,3,0.0003702831507848959,11.924,False,5.944405541612623e-07,exact,2248,0.052587646076794656,2,0,1.0,1.0,0.0,0.0,0.0,0.0,0.0,1.0,False,False,sample_only,646200.0,4,0.55,1.0
100000001784279100,terminal,0.59,0,0.199316,"Наблюдаемый получатель: входов=1, вход=35674.00 KZT; выход=0; глубина=3; вне выборки операции неизвестны",3,False,1,0,35674.0,0.0,1,0,0.00028873294491877093,0.0,False,0.0,exact,2248,0.0,1,0,1.0,0.0,0.0,0.0,0.0,0.0,0.0,0.0,False,False,sample_only,35674.0,1,0.59,1.0
100000001785161100,terminal,0.63,33,0.374069,"Наблюдаемый получатель: входов=2, вход=30000.00 KZT; выход=0; глубина=3; вне выборки операции неизвестны",3,False,2,0,30000.0,0.0,2,0,0.0003312208709043081,0.0,False,0.0,exact,2248,0.0,2,0,0.5,0.0,0.0,0.0,0.0,0.0,0.0,0.0,False,False,sample_only,30000.0,2,0.63,1.0
100000001788284100,distributor,0.702477,13,0.701346,"Гипотеза распределения: входов=1, получателей=5; выход=296700.00 KZT; крупнейший выход=65%; источник средств неизвестен",3,False,1,5,8000.0,296700.0,1,8,0.000299382680596746,37.0875,False,5.9444055416126226e-05,exact,2248,0.669449081803005,5,0,1.0,0.6501516683518705,0.0,0.0,0.0,8000.0,0.026963262554769128,0.9730367374452309,False,False,sample_only,304700.0,9,0.702477,1.0
100000001805543100,terminal,0.59,16,0.25849,"Наблюдаемый получатель: входов=1, вход=59000.00 KZT; выход=0; глубина=1; вне выборки операции неизвестны",1,False,1,0,59000.0,0.0,1,0,0.0002919128593753634,0.0,False,0.0,exact,2248,0.0,1,0,1.0,0.0,0.0,0.0,0.0,0.0,0.0,0.0,False,False,sample_only,59000.0,1,0.59,1.0
100000001808684100,peripheral,0.55,1,0.483905,"Мало связей: входов=1, выходов=1; оборот=86100.00 KZT; FIFO 1–7д=27%; в тот же день=?53%; правила иных ролей не выполнены",3,False,1,1,48400.0,37700.0,3,2,0.0011690957183659054,0.7789256198347108,False,0.0,exact,2248,0.0,1,0,1.0,1.0,0.7957559681697612,10000.0,0.26525198938992045,20000.0,0.5305039787798409,0.20424403183023873,False,False,sample_only,86100.0,5,0.55,1.0
100000001816678100,peripheral,0.2,2,0.309006,"Вход=1, 60000.00 KZT; выход=0; глубина=4: обход обрезан, конечная роль неизвестна",4,False,1,0,60000.0,0.0,1,0,0.0003096552220398208,0.0,True,0.0,exact,2248,0.0,1,0,1.0,0.0,0.0,0.0,0.0,0.0,0.0,0.0,False,True,depth_outflows_incomplete,60000.0,1,0.2,1.0
100000001818442100,terminal,0.59,18,0.266297,"Наблюдаемый получатель: входов=1, вход=42215.00 KZT; выход=0; глубина=3; вне выборки операции неизвестны",3,False,1,0,42215.0,0.0,1,0,0.00030129785381765185,0.0,False,0.0,exact,2248,0.0,1,0,1.0,0.0,0.0,0.0,0.0,0.0,0.0,0.0,False,False,sample_only,42215.0,1,0.59,1.0
100000001819396100,terminal,0.59,14,0.389177,"Наблюдаемый получатель: входов=1, вход=166080.00 KZT; выход=0; глубина=3; вне выборки операции неизвестны",3,False,1,0,166080.0,0.0,1,0,0.0003272175623678337,0.0,False,0.0,exact,2248,0.0,1,0,1.0,0.0,0.0,0.0,0.0,0.0,0.0,0.0,False,False,sample_only,166080.0,1,0.59,1.0
100000001822623100,terminal,0.59,29,0.398822,"Наблюдаемый получатель: входов=1, вход=201300.00 KZT; выход=0; глубина=2; вне выборки операции неизвестны",2,False,1,0,201300.0,0.0,1,0,0.0003234925604032018,0.0,False,0.0,exact,2248,0.0,1,0,1.0,0.0,0.0,0.0,0.0,0.0,0.0,0.0,False,False,sample_only,201300.0,1,0.59,1.0
100000001822650100,peripheral,0.2,4,0.342048,"Вход=1, 112000.00 KZT; выход=0; глубина=4: обход обрезан, конечная роль неизвестна",4,False,1,0,112000.0,0.0,1,0,0.00030590273887598653,0.0,True,0.0,exact,2248,0.0,1,0,1.0,0.0,0.0,0.0,0.0,0.0,0.0,0.0,False,True,depth_outflows_incomplete,112000.0,1,0.2,1.0
100000001825934100,peripheral,0.55,26,0.528706,"Мало связей: входов=1, выходов=1; оборот=137000.00 KZT; FIFO 1–7д=0%; в тот же день=?0%; правила иных ролей не выполнены",3,False,1,1,40000.0,97000.0,1,1,0.00047586713178590705,2.425,False,9.90734256935437e-07,exact,2248,0.08180300500834725,2,0,1.0,1.0,0.0,0.0,0.0,0.0,0.0,1.0,False,False,sample_only,137000.0,2,0.55,1.0
100000001831496100,peripheral,0.55,11,0.499218,"Мало связей: входов=1, выходов=1; оборот=398000.00 KZT; FIFO 1–7д=0%; в тот же день=?0%; правила иных ролей не выполнены",3,False,1,1,25000.0,373000.0,1,1,0.0002926355852456805,14.92,False,1.8493706129461493e-06,exact,2248,0.14357262103505844,2,1,1.0,1.0,0.0,0.0,0.0,0.0,0.0,1.0,False,False,sample_only,398000.0,2,0.55,1.0
100000001835625100,terminal,0.59,10,0.241308,"Наблюдаемый получатель: входов=1, вход=75130.00 KZT; выход=0; глубина=3; вне выборки операции неизвестны",3,False,1,0,75130.0,0.0,1,0,0.0002880041954654767,0.0,False,0.0,exact,2248,0.0,1,0,1.0,0.0,0.0,0.0,0.0,0.0,0.0,0.0,False,False,sample_only,75130.0,1,0.59,1.0
100000001837130100,terminal,0.59,0,0.3571,"Наблюдаемый получатель: входов=1, вход=172900.00 KZT; выход=0; глубина=3; вне выборки операции неизвестны",3,False,1,0,172900.0,0.0,1,0,0.000300902455799561,0.0,False,0.0,exact,2248,0.0,1,0,1.0,0.0,0.0,0.0,0.0,0.0,0.0,0.0,False,False,sample_only,172900.0,1,0.59,1.0
100000001845505100,peripheral,0.2,8,0.30959,"Вход=1, 20000.00 KZT; выход=0; глубина=4: обход обрезан, конечная роль неизвестна",4,False,1,0,20000.0,0.0,1,0,0.0005923838494805278,0.0,True,0.0,exact,2248,0.0,1,0,1.0,0.0,0.0,0.0,0.0,0.0,0.0,0.0,False,True,depth_outflows_incomplete,20000.0,1,0.2,1.0
100000001848426100,terminal,0.59,1,0.328297,"Наблюдаемый получатель: входов=1, вход=95530.00 KZT; выход=0; глубина=2; вне выборки операции неизвестны",2,False,1,0,95530.0,0.0,1,0,0.0003036751685665142,0.0,False,0.0,exact,2248,0.0,1,0,1.0,0.0,0.0,0.0,0.0,0.0,0.0,0.0,False,False,sample_only,95530.0,1,0.59,1.0
100000001851289100,terminal,0.59,16,0.366252,"Наблюдаемый получатель: входов=1, вход=109510.00 KZT; выход=0; глубина=1; вне выборки операции неизвестны",1,False,1,0,109510.0,0.0,3,0,0.00029734359625899464,0.0,False,0.0,exact,2248,0.0,1,0,1.0,0.0,0.0,0.0,0.0,0.0,0.0,0.0,False,False,sample_only,109510.0,3,0.59,1.0
100000001852140100,terminal,0.59,50,0.350729,"Наблюдаемый получатель: входов=1, вход=30000.00 KZT; выход=0; глубина=3; вне выборки операции неизвестны",3,False,1,0,30000.0,0.0,1,0,0.0008047208113869023,0.0,False,0.0,exact,2248,0.0,1,0,1.0,0.0,0.0,0.0,0.0,0.0,0.0,0.0,False,False,sample_only,30000.0,1,0.59,1.0
100000001853812100,terminal,0.59,8,0.297903,"Наблюдаемый получатель: входов=1, вход=70000.00 KZT; выход=0; глубина=3; вне выборки операции неизвестны",3,False,1,0,70000.0,0.0,1,0,0.00029981142408123165,0.0,False,0.0,exact,2248,0.0,1,0,1.0,0.0,0.0,0.0,0.0,0.0,0.0,0.0,False,False,sample_only,70000.0,1,0.59,1.0
100000001857829100,coordinator,0.891987,8,0.958646,"Гипотеза связующего: соседей=20, внешних сообществ=5; посредничество=0.00196; не доказательство управления",2,False,6,16,888535.0,2390993.0,9,16,0.0006204790252521136,2.690938454872346,False,0.0019595993772788304,exact,2248,0.9599332220367279,20,5,0.45918281215709006,0.19075756390754803,0.4985794605003026,200000.0,0.08364725450890069,679535.0,0.28420618546352916,0.6321465600275701,False,False,sample_only,3279528.0,25,0.891987,1.0
100000001860090100,terminal,0.59,1,0.211608,"Наблюдаемый получатель: входов=1, вход=5000.00 KZT; выход=0; глубина=3; вне выборки операции неизвестны",3,False,1,0,5000.0,0.0,1,0,0.00037803658179597294,0.0,False,0.0,exact,2248,0.0,1,0,1.0,0.0,0.0,0.0,0.0,0.0,0.0,0.0,False,False,sample_only,5000.0,1,0.59,1.0
100000001870116100,terminal,0.59,22,0.184062,"Наблюдаемый получатель: входов=1, вход=24000.00 KZT; выход=0; глубина=1; вне выборки операции неизвестны",1,False,1,0,24000.0,0.0,1,0,0.00029060661309375074,0.0,False,0.0,exact,2248,0.0,1,0,1.0,0.0,0.0,0.0,0.0,0.0,0.0,0.0,False,False,sample_only,24000.0,1,0.59,1.0
100000001872484100,peripheral,0.3,39,0.716478,"Роль неоднозначна: входов=1, выходов=3; оборот=1385980.00 KZT; FIFO 1–7д=38%; в тот же день=?0%; правила иных ролей не выполнены",1,False,1,3,871400.0,514580.0,13,9,0.0022739787649245797,0.5905210006885472,False,5.944405541612623e-07,exact,2248,0.052587646076794656,3,0,1.0,0.9238602355318901,1.0,193780.0,0.37657895759648646,0.0,0.0,0.6234210424035136,False,False,sample_only,1385980.0,22,0.3,1.0
100000001875167100,terminal,0.59,10,0.491869,"Наблюдаемый получатель: входов=1, вход=1000000.00 KZT; выход=0; глубина=3; вне выборки операции неизвестны",3,False,1,0,1000000.0,0.0,2,0,0.0003179784682913741,0.0,False,0.0,exact,2248,0.0,1,0,1.0,0.0,0.0,0.0,0.0,0.0,0.0,0.0,False,False,sample_only,1000000.0,2,0.59,1.0
100000001875239100,consolidator,0.7975,4,0.582627,Гипотеза сбора: отправителей=3; вход=712000.00 KZT; выход/вход=0.00; крупнейший вход=62%,3,False,3,0,712000.0,0.0,3,0,0.00033397863057687676,0.0,False,0.0,exact,2248,0.0,3,1,0.625,0.0,0.0,0.0,0.0,0.0,0.0,0.0,False,False,sample_only,712000.0,3,0.7975,1.0
100000001884825100,consolidator,0.809495,4,0.575135,Гипотеза сбора: отправителей=3; вход=495000.00 KZT; выход/вход=0.00; крупнейший вход=51%,3,False,3,0,495000.0,0.0,3,0,0.0003400964668098243,0.0,False,0.0,exact,2248,0.0,3,0,0.5050505050505051,0.0,0.0,0.0,0.0,0.0,0.0,0.0,False,False,sample_only,495000.0,3,0.809495,1.0
100000001887715100,peripheral,0.3,35,0.810983,"Роль неоднозначна: входов=3, выходов=1; оборот=2081500.00 KZT; FIFO 1–7д=0%; в тот же день=?100%; правила иных ролей не выполнены",3,False,3,1,1331500.0,750000.0,4,1,0.0007309294553868686,0.5632745024408562,False,2.2588741058127966e-05,exact,2248,0.48247078464106846,4,0,0.5227187382651145,1.0,0.0,0.0,0.0,750000.0,1.0,0.0,False,False,sample_only,2081500.0,5,0.3,1.0
100000001893287100,peripheral,0.55,1,0.525292,"Мало связей: входов=1, выходов=1; оборот=170700.00 KZT; FIFO 1–7д=4%; в тот же день=?8%; правила иных ролей не выполнены",3,False,1,1,18000.0,152700.0,3,14,0.0006184515295005462,8.483333333333333,False,0.0,exact,2248,0.0,1,0,1.0,1.0,0.5088408644400786,6000.0,0.03929273084479371,12000.0,0.07858546168958742,0.8821218074656189,False,False,sample_only,170700.0,17,0.55,1.0
100000001899164100,consolidator,0.775337,7,0.856263,Гипотеза сбора: отправителей=4; вход=291675.00 KZT; выход/вход=0.26; крупнейший вход=65%,1,False,4,3,291675.0,76500.0,5,3,0.0011765620095510495,0.2622782206222679,False,0.00012661583803634885,exact,2248,0.7829716193656093,5,1,0.6532099082883346,0.5228758169934641,0.477124183006536,30200.0,0.39477124183006534,0.0,0.0,0.6052287581699346,False,False,sample_only,368175.0,8,0.775337,1.0
100000001904863100,terminal,0.59,40,0.485947,"Наблюдаемый получатель: входов=1, вход=500000.00 KZT; выход=0; глубина=2; вне выборки операции неизвестны",2,False,1,0,500000.0,0.0,1,0,0.0004817984770777493,0.0,False,0.0,exact,2248,0.0,1,0,1.0,0.0,0.0,0.0,0.0,0.0,0.0,0.0,False,False,sample_only,500000.0,1,0.59,1.0
100000001924185100,terminal,0.63,11,0.457829,"Наблюдаемый получатель: входов=2, вход=151000.00 KZT; выход=0; глубина=1; вне выборки операции неизвестны",1,False,2,0,151000.0,0.0,2,0,0.0003102198760278653,0.0,False,0.0,exact,2248,0.0,2,1,0.7615894039735099,0.0,0.0,0.0,0.0,0.0,0.0,0.0,False,False,sample_only,151000.0,2,0.63,1.0
100000001927599100,terminal,0.63,18,0.489143,"Наблюдаемый получатель: входов=2, вход=188000.00 KZT; выход=0; глубина=3; вне выборки операции неизвестны",3,False,2,0,188000.0,0.0,2,0,0.0003272554677154655,0.0,False,0.0,exact,2248,0.0,2,0,0.6914893617021277,0.0,0.0,0.0,0.0,0.0,0.0,0.0,False,False,sample_only,188000.0,2,0.63,1.0
100000001929088100,terminal,0.63,1,0.519022,"Наблюдаемый получатель: входов=2, вход=396010.00 KZT; выход=0; глубина=1; вне выборки операции неизвестны",1,False,2,0,396010.0,0.0,2,0,0.0003175873990634125,0.0,False,0.0,exact,2248,0.0,2,1,0.5302896391505265,0.0,0.0,0.0,0.0,0.0,0.0,0.0,False,False,sample_only,396010.0,2,0.63,1.0
100000001934935100,terminal,0.59,0,0.304475,"Наблюдаемый получатель: входов=1, вход=118935.00 KZT; выход=0; глубина=3; вне выборки операции неизвестны",3,False,1,0,118935.0,0.0,1,0,0.0002922677094987423,0.0,False,0.0,exact,2248,0.0,1,0,1.0,0.0,0.0,0.0,0.0,0.0,0.0,0.0,False,False,sample_only,118935.0,1,0.59,1.0
100000001937767100,distributor,0.7024,40,0.858636,"Гипотеза распределения: входов=1, получателей=4; выход=1933000.00 KZT; крупнейший выход=52%; источник средств неизвестен",1,False,1,4,53000.0,1933000.0,1,6,0.0008921392815659776,36.471698113207545,False,5.66998905283865e-05,exact,2248,0.6377295492487479,4,1,1.0,0.5173305742369374,0.0,0.0,0.0,53000.0,0.027418520434557683,0.9725814795654423,False,False,sample_only,1986000.0,7,0.7024,1.0
100000001952325100,terminal,0.59,22,0.343349,"Наблюдаемый получатель: входов=1, вход=77888.00 KZT; выход=0; глубина=1; вне выборки операции неизвестны",1,False,1,0,77888.0,0.0,2,0,0.0003019170730776952,0.0,False,0.0,exact,2248,0.0,1,0,1.0,0.0,0.0,0.0,0.0,0.0,0.0,0.0,False,False,sample_only,77888.0,2,0.59,1.0
100000001953577100,terminal,0.59,22,0.140994,"Наблюдаемый получатель: входов=1, вход=15600.00 KZT; выход=0; глубина=1; вне выборки операции неизвестны",1,False,1,0,15600.0,0.0,1,0,0.00028884355148698975,0.0,False,0.0,exact,2248,0.0,1,0,1.0,0.0,0.0,0.0,0.0,0.0,0.0,0.0,False,False,sample_only,15600.0,1,0.59,1.0
100000001954534100,peripheral,0.55,0,0.528288,"Мало связей: входов=1, выходов=1; оборот=53000.00 KZT; FIFO 1–7д=0%; в тот же день=?0%; правила иных ролей не выполнены",3,False,1,1,13000.0,40000.0,1,1,0.0003659515092221361,3.076923076923077,False,1.9616538287321655e-05,exact,2248,0.3831385642737897,2,0,1.0,1.0,0.0,0.0,0.0,0.0,0.0,1.0,False,False,sample_only,53000.0,2,0.55,1.0
100000001954903100,terminal,0.59,18,0.228926,"Наблюдаемый получатель: входов=1, вход=27118.00 KZT; выход=0; глубина=2; вне выборки операции неизвестны",2,False,1,0,27118.0,0.0,1,0,0.000298489871320388,0.0,False,0.0,exact,2248,0.0,1,0,1.0,0.0,0.0,0.0,0.0,0.0,0.0,0.0,False,False,sample_only,27118.0,1,0.59,1.0
100000001957974100,peripheral,0.2,40,0.441442,"Вход=1, 500000.00 KZT; выход=0; глубина=4: обход обрезан, конечная роль неизвестна",4,False,1,0,500000.0,0.0,1,0,0.0003201374676904352,0.0,True,0.0,exact,2248,0.0,1,0,1.0,0.0,0.0,0.0,0.0,0.0,0.0,0.0,False,True,depth_outflows_incomplete,500000.0,1,0.2,1.0
100000001960517100,terminal,0.59,1,0.415489,"Наблюдаемый получатель: входов=1, вход=200000.00 KZT; выход=0; глубина=1; вне выборки операции неизвестны",1,False,1,0,200000.0,0.0,1,0,0.00035922049322186785,0.0,False,0.0,exact,2248,0.0,1,0,1.0,0.0,0.0,0.0,0.0,0.0,0.0,0.0,False,False,sample_only,200000.0,1,0.59,1.0
100000001961048100,terminal,0.59,33,0.353825,"Наблюдаемый получатель: входов=1, вход=150000.00 KZT; выход=0; глубина=2; вне выборки операции неизвестны",2,False,1,0,150000.0,0.0,1,0,0.00030430933928482544,0.0,False,0.0,exact,2248,0.0,1,0,1.0,0.0,0.0,0.0,0.0,0.0,0.0,0.0,False,False,sample_only,150000.0,1,0.59,1.0
100000001965374100,peripheral,0.3,21,0.749674,"Роль неоднозначна: входов=2, выходов=3; оборот=4841820.00 KZT; FIFO 1–7д=24%; в тот же день=?1%; правила иных ролей не выполнены",2,False,2,3,1759720.0,3082100.0,8,5,0.001281655626060873,1.7514718250630783,False,1.5851748110966993e-06,exact,2248,0.1293823038397329,4,0,0.9659036664923966,0.6453392167677882,0.9068492261769573,728920.0,0.236501086921255,18040.0,0.005853152071639466,0.7576457610071056,False,False,sample_only,4841820.0,13,0.3,1.0
100000001969496100,terminal,0.59,40,0.187158,"Наблюдаемый получатель: входов=1, вход=22740.00 KZT; выход=0; глубина=3; вне выборки операции неизвестны",3,False,1,0,22740.0,0.0,1,0,0.0002919967925367141,0.0,False,0.0,exact,2248,0.0,1,0,1.0,0.0,0.0,0.0,0.0,0.0,0.0,0.0,False,False,sample_only,22740.0,1,0.59,1.0
100000001985793100,terminal,0.59,46,0.456718,"Наблюдаемый получатель: входов=1, вход=420000.00 KZT; выход=0; глубина=2; вне выборки операции неизвестны",2,False,1,0,420000.0,0.0,1,0,0.0003726610761384928,0.0,False,0.0,exact,2248,0.0,1,0,1.0,0.0,0.0,0.0,0.0,0.0,0.0,0.0,False,False,sample_only,420000.0,1,0.59,1.0
100000001987030100,peripheral,0.3,3,0.536882,"Роль неоднозначна: входов=2, выходов=1; оборот=49864.00 KZT; FIFO 1–7д=0%; в тот же день=?0%; правила иных ролей не выполнены",1,False,2,1,30864.0,19000.0,2,1,0.0002938727535543705,0.6156039398652151,False,5.706629319948117e-05,exact,2248,0.6410684474123539,3,2,0.7668481078278901,1.0,0.0,0.0,0.0,0.0,0.0,1.0,False,False,sample_only,49864.0,3,0.3,1.0
100000001991973100,peripheral,0.2,18,0.203757,"Вход=1, 20800.00 KZT; выход=0; глубина=4: обход обрезан, конечная роль неизвестна",4,False,1,0,20800.0,0.0,1,0,0.00029670040623963227,0.0,True,0.0,exact,2248,0.0,1,0,1.0,0.0,0.0,0.0,0.0,0.0,0.0,0.0,False,True,depth_outflows_incomplete,20800.0,1,0.2,1.0
100000002015633100,terminal,0.59,10,0.263829,"Наблюдаемый получатель: входов=1, вход=94970.00 KZT; выход=0; глубина=3; вне выборки операции неизвестны",3,False,1,0,94970.0,0.0,1,0,0.0002886471934791066,0.0,False,0.0,exact,2248,0.0,1,0,1.0,0.0,0.0,0.0,0.0,0.0,0.0,0.0,False,False,sample_only,94970.0,1,0.59,1.0
100000002028158100,terminal,0.59,3,0.240455,"Наблюдаемый получатель: входов=1, вход=34800.00 KZT; выход=0; глубина=2; вне выборки операции неизвестны",2,False,1,0,34800.0,0.0,1,0,0.00029664059842346733,0.0,False,0.0,exact,2248,0.0,1,0,1.0,0.0,0.0,0.0,0.0,0.0,0.0,0.0,False,False,sample_only,34800.0,1,0.59,1.0
100000002032323100,peripheral,0.55,42,0.700607,"Мало связей: входов=1, выходов=1; оборот=1350000.00 KZT; FIFO 1–7д=0%; в тот же день=?29%; правила иных ролей не выполнены",3,False,1,1,300000.0,1050000.0,1,2,0.00040405018679958674,3.5,False,1.9616538287321655e-05,exact,2248,0.3831385642737897,2,0,1.0,1.0,0.0,0.0,0.0,300000.0,0.2857142857142857,0.7142857142857143,False,False,sample_only,1350000.0,3,0.55,1.0
100000002087788100,terminal,0.59,10,0.429688,"Наблюдаемый получатель: входов=1, вход=100500.00 KZT; выход=0; глубина=2; вне выборки операции неизвестны",2,False,1,0,100500.0,0.0,1,0,0.0006585724738436675,0.0,False,0.0,exact,2248,0.0,1,0,1.0,0.0,0.0,0.0,0.0,0.0,0.0,0.0,False,False,sample_only,100500.0,1,0.59,1.0
100000002095257100,terminal,0.59,7,0.228926,"Наблюдаемый получатель: входов=1, вход=8500.00 KZT; выход=0; глубина=3; вне выборки операции неизвестны",3,False,1,0,8500.0,0.0,1,0,0.0003967338202422219,0.0,False,0.0,exact,2248,0.0,1,0,1.0,0.0,0.0,0.0,0.0,0.0,0.0,0.0,False,False,sample_only,8500.0,1,0.59,1.0
100000002103448100,terminal,0.59,22,0.189872,"Наблюдаемый получатель: входов=1, вход=27000.00 KZT; выход=0; глубина=3; вне выборки операции неизвестны",3,False,1,0,27000.0,0.0,1,0,0.000289783394255228,0.0,False,0.0,exact,2248,0.0,1,0,1.0,0.0,0.0,0.0,0.0,0.0,0.0,0.0,False,False,sample_only,27000.0,1,0.59,1.0
100000002109656100,terminal,0.59,24,0.426458,"Наблюдаемый получатель: входов=1, вход=500000.00 KZT; выход=0; глубина=3; вне выборки операции неизвестны",3,False,1,0,500000.0,0.0,1,0,0.00030938521828855235,0.0,False,0.0,exact,2248,0.0,1,0,1.0,0.0,0.0,0.0,0.0,0.0,0.0,0.0,False,False,sample_only,500000.0,1,0.59,1.0
100000002116705100,terminal,0.59,22,0.143416,"Наблюдаемый получатель: входов=1, вход=17600.00 KZT; выход=0; глубина=3; вне выборки операции неизвестны",3,False,1,0,17600.0,0.0,1,0,0.00028831626313090915,0.0,False,0.0,exact,2248,0.0,1,0,1.0,0.0,0.0,0.0,0.0,0.0,0.0,0.0,False,False,sample_only,17600.0,1,0.59,1.0
100000002119762100,peripheral,0.2,10,0.445592,"Вход=1, 77000.00 KZT; выход=0; глубина=4: обход обрезан, конечная роль неизвестна",4,False,1,0,77000.0,0.0,6,0,0.0005295245957280118,0.0,True,0.0,exact,2248,0.0,1,0,1.0,0.0,0.0,0.0,0.0,0.0,0.0,0.0,False,True,depth_outflows_incomplete,77000.0,6,0.2,1.0
100000002121357100,peripheral,0.3,42,0.667072,"Роль неоднозначна: входов=2, выходов=1; оборот=368300.00 KZT; FIFO 1–7д=0%; в тот же день=?0%; правила иных ролей не выполнены",3,False,2,1,255300.0,113000.0,2,1,0.00032627377480928593,0.4426165295730513,False,2.159800680119253e-05,exact,2248,0.46160267111853087,3,1,0.5808852330591461,1.0,0.0,0.0,0.0,0.0,0.0,1.0,False,False,sample_only,368300.0,3,0.3,1.0
100000002126791100,peripheral,0.2,4,0.576974,"Вход=1, 1313000.00 KZT; выход=0; глубина=4: обход обрезан, конечная роль неизвестна",4,False,1,0,1313000.0,0.0,3,0,0.000571680600606073,0.0,True,0.0,exact,2248,0.0,1,0,1.0,0.0,0.0,0.0,0.0,0.0,0.0,0.0,False,True,depth_outflows_incomplete,1313000.0,3,0.2,1.0
100000002130400100,peripheral,0.2,26,0.200258,"Вход=1, 10000.00 KZT; выход=0; глубина=4: обход обрезан, конечная роль неизвестна",4,False,1,0,10000.0,0.0,1,0,0.00031754580623604263,0.0,True,0.0,exact,2248,0.0,1,0,1.0,0.0,0.0,0.0,0.0,0.0,0.0,0.0,False,True,depth_outflows_incomplete,10000.0,1,0.2,1.0
100000002132479100,transit,0.691667,40,0.424619,"Гипотеза транзита: вход=30000.00, выход=20000.00 KZT; FIFO 1–7д=50%; в тот же день=?0%; те же деньги не установлены",2,False,1,1,30000.0,20000.0,2,1,0.0006060232510344739,0.6666666666666666,False,0.0,exact,2248,0.0,1,0,1.0,1.0,1.0,10000.0,0.5,0.0,0.0,0.5,False,False,sample_only,50000.0,3,0.691667,1.0
100000002152857100,distributor,0.739024,46,0.80278,"Гипотеза распределения: входов=1, получателей=5; выход=1230000.00 KZT; крупнейший выход=41%; источник средств неизвестен",1,False,1,5,105000.0,1230000.0,1,6,0.0002997108402620942,11.714285714285714,False,0.0003134683188943723,exact,2248,0.8731218697829716,6,2,1.0,0.4065040650406504,0.5853658536585366,105000.0,0.08536585365853659,0.0,0.0,0.9146341463414634,False,False,sample_only,1335000.0,7,0.739024,1.0
100000002156381100,peripheral,0.55,11,0.699152,"Мало связей: входов=2, выходов=1; оборот=82800.00 KZT; FIFO 1–7д=23%; в тот же день=?0%; правила иных ролей не выполнены",2,False,2,1,61000.0,21800.0,7,3,0.0010807758307164093,0.35737704918032787,False,4.240342619683671e-05,exact,2248,0.6093489148580968,2,0,0.8360655737704918,1.0,0.22935779816513763,5000.0,0.22935779816513763,0.0,0.0,0.7706422018348624,False,False,sample_only,82800.0,10,0.55,1.0
100000002158488100,terminal,0.59,22,0.217082,"Наблюдаемый получатель: входов=1, вход=31723.00 KZT; выход=0; глубина=1; вне выборки операции неизвестны",1,False,1,0,31723.0,0.0,1,0,0.00029222758033053823,0.0,False,0.0,exact,2248,0.0,1,0,1.0,0.0,0.0,0.0,0.0,0.0,0.0,0.0,False,False,sample_only,31723.0,1,0.59,1.0
100000002170580100,terminal,0.59,18,0.396265,"Наблюдаемый получатель: входов=1, вход=150000.00 KZT; выход=0; глубина=2; вне выборки операции неизвестны",2,False,1,0,150000.0,0.0,1,0,0.00035703793369898444,0.0,False,0.0,exact,2248,0.0,1,0,1.0,0.0,0.0,0.0,0.0,0.0,0.0,0.0,False,False,sample_only,150000.0,1,0.59,1.0
100000002173070100,terminal,0.59,16,0.201649,"Наблюдаемый получатель: входов=1, вход=30000.00 KZT; выход=0; глубина=2; вне выборки операции неизвестны",2,False,1,0,30000.0,0.0,1,0,0.00029053829816639534,0.0,False,0.0,exact,2248,0.0,1,0,1.0,0.0,0.0,0.0,0.0,0.0,0.0,0.0,False,False,sample_only,30000.0,1,0.59,1.0
100000002173161100,consolidator,0.799089,16,0.638235,Гипотеза сбора: отправителей=3; вход=1427500.00 KZT; выход/вход=0.00; крупнейший вход=61%,1,False,3,0,1427500.0,0.0,5,0,0.0004354146921033433,0.0,False,0.0,exact,2248,0.0,3,2,0.6091068301225919,0.0,0.0,0.0,0.0,0.0,0.0,0.0,False,False,sample_only,1427500.0,5,0.799089,1.0
100000002175422100,distributor,0.758472,36,0.914902,"Гипотеза распределения: входов=3, получателей=6; выход=1621188.00 KZT; крупнейший выход=41%; источник средств неизвестен",2,False,3,6,68500.0,1621188.0,5,14,0.0008458861317816028,23.66697810218978,False,0.00015871562796105702,exact,2248,0.8163606010016694,6,0,0.583941605839416,0.41018808429374015,0.9444851553305353,58500.0,0.036084649035152,10000.0,0.0061683160743849575,0.9577470348904631,False,False,sample_only,1689688.0,19,0.758472,1.0
100000002182176100,terminal,0.59,0,0.240455,"Наблюдаемый получатель: входов=1, вход=42465.00 KZT; выход=0; глубина=1; вне выборки операции неизвестны",1,False,1,0,42465.0,0.0,1,0,0.0002935379543676395,0.0,False,0.0,exact,2248,0.0,1,0,1.0,0.0,0.0,0.0,0.0,0.0,0.0,0.0,False,False,sample_only,42465.0,1,0.59,1.0
100000002184107100,terminal,0.59,38,0.117553,"Наблюдаемый получатель: входов=1, вход=6066.00 KZT; выход=0; глубина=3; вне выборки операции неизвестны",3,False,1,0,6066.0,0.0,1,0,0.0002901959794883712,0.0,False,0.0,exact,2248,0.0,1,0,1.0,0.0,0.0,0.0,0.0,0.0,0.0,0.0,False,False,sample_only,6066.0,1,0.59,1.0
100000002185328100,distributor,0.725455,32,0.663787,"Гипотеза распределения: входов=1, получателей=4; выход=55000.00 KZT; крупнейший выход=36%; источник средств неизвестен",3,False,1,4,15000.0,55000.0,1,4,0.0003518471698066024,3.6666666666666665,False,6.162367078138419e-05,exact,2248,0.679465776293823,5,0,1.0,0.36363636363636365,0.0,0.0,0.0,0.0,0.0,1.0,False,False,sample_only,70000.0,5,0.725455,1.0
100000002188586100,peripheral,0.2,18,0.256247,"Вход=1, 38310.00 KZT; выход=0; глубина=4: обход обрезан, конечная роль неизвестна",4,False,1,0,38310.0,0.0,1,0,0.0002999098387129135,0.0,True,0.0,exact,2248,0.0,1,0,1.0,0.0,0.0,0.0,0.0,0.0,0.0,0.0,False,True,depth_outflows_incomplete,38310.0,1,0.2,1.0
100000002188829100,terminal,0.59,2,0.452793,"Наблюдаемый получатель: входов=1, вход=400000.00 KZT; выход=0; глубина=1; вне выборки операции неизвестны",1,False,1,0,400000.0,0.0,1,0,0.00036566386772214973,0.0,False,0.0,exact,2248,0.0,1,0,1.0,0.0,0.0,0.0,0.0,0.0,0.0,0.0,False,False,sample_only,400000.0,1,0.59,1.0
100000002193259100,peripheral,0.3,7,0.742785,"Роль неоднозначна: входов=2, выходов=3; оборот=106000.00 KZT; FIFO 1–7д=14%; в тот же день=?69%; правила иных ролей не выполнены",2,False,2,3,48000.0,58000.0,2,3,0.0008908421386694424,1.2083333333333333,False,6.43977267008034e-05,exact,2248,0.6828046744574291,3,0,0.8333333333333334,0.6896551724137931,0.16379310344827586,8000.0,0.13793103448275862,40000.0,0.6896551724137931,0.1724137931034483,False,False,sample_only,106000.0,5,0.3,1.0
100000002194320100,peripheral,0.2,3,0.456045,"Вход=1, 275000.00 KZT; выход=0; глубина=4: обход обрезан, конечная роль неизвестна",4,False,1,0,275000.0,0.0,1,0,0.00048656793463182607,0.0,True,0.0,exact,2248,0.0,1,0,1.0,0.0,0.0,0.0,0.0,0.0,0.0,0.0,False,True,depth_outflows_incomplete,275000.0,1,0.2,1.0
100000002194329100,terminal,0.59,0,0.161092,"Наблюдаемый получатель: входов=1, вход=25170.00 KZT; выход=0; глубина=3; вне выборки операции неизвестны",3,False,1,0,25170.0,0.0,1,0,0.00028698686778801547,0.0,False,0.0,exact,2248,0.0,1,0,1.0,0.0,0.0,0.0,0.0,0.0,0.0,0.0,False,False,sample_only,25170.0,1,0.59,1.0
100000002199091100,terminal,0.59,22,0.309769,"Наблюдаемый получатель: входов=1, вход=65000.00 KZT; выход=0; глубина=2; вне выборки операции неизвестны",2,False,1,0,65000.0,0.0,1,0,0.0003076457194062819,0.0,False,0.0,exact,2248,0.0,1,0,1.0,0.0,0.0,0.0,0.0,0.0,0.0,0.0,False,False,sample_only,65000.0,1,0.59,1.0
100000002205022100,peripheral,0.3,31,0.799008,"Роль неоднозначна: входов=1, выходов=3; оборот=525100.00 KZT; FIFO 1–7д=1%; в тот же день=?0%; правила иных ролей не выполнены",2,False,1,3,7100.0,518000.0,1,3,0.000545637030146702,72.95774647887323,False,5.451240044826982e-05,exact,2248,0.6343906510851419,4,1,1.0,0.9652509652509652,0.011583011583011582,6000.0,0.011583011583011582,0.0,0.0,0.9884169884169884,False,False,sample_only,525100.0,4,0.3,1.0
100000002208836100,peripheral,0.2,10,0.353129,"Вход=1, 90000.00 KZT; выход=0; глубина=4: обход обрезан, конечная роль неизвестна",4,False,1,0,90000.0,0.0,1,0,0.00032981854491952384,0.0,True,0.0,exact,2248,0.0,1,0,1.0,0.0,0.0,0.0,0.0,0.0,0.0,0.0,False,True,depth_outflows_incomplete,90000.0,1,0.2,1.0
100000002211413100,terminal,0.59,22,0.231079,"Наблюдаемый получатель: входов=1, вход=37000.00 KZT; выход=0; глубина=1; вне выборки операции неизвестны",1,False,1,0,37000.0,0.0,1,0,0.00029333516081849983,0.0,False,0.0,exact,2248,0.0,1,0,1.0,0.0,0.0,0.0,0.0,0.0,0.0,0.0,False,False,sample_only,37000.0,1,0.59,1.0
100000002212494100,terminal,0.59,36,0.40111,"Наблюдаемый получатель: входов=1, вход=160000.00 KZT; выход=0; глубина=3; вне выборки операции неизвестны",3,False,1,0,160000.0,0.0,1,0,0.00035664443990538483,0.0,False,0.0,exact,2248,0.0,1,0,1.0,0.0,0.0,0.0,0.0,0.0,0.0,0.0,False,False,sample_only,160000.0,1,0.59,1.0
100000002214207100,peripheral,0.2,26,0.426525,"Вход=1, 97000.00 KZT; выход=0; глубина=4: обход обрезан, конечная роль неизвестна",4,False,1,0,97000.0,0.0,1,0,0.0006906066279546783,0.0,True,0.0,exact,2248,0.0,1,0,1.0,0.0,0.0,0.0,0.0,0.0,0.0,0.0,False,True,depth_outflows_incomplete,97000.0,1,0.2,1.0
100000002214301100,peripheral,0.55,0,0.470208,"Мало связей: входов=1, выходов=1; оборот=29438.00 KZT; FIFO 1–7д=0%; в тот же день=?0%; правила иных ролей не выполнены",1,False,1,1,21438.0,8000.0,1,1,0.00028959218686542876,0.373169138912212,False,9.610122292273739e-05,exact,2248,0.7378964941569283,2,1,1.0,1.0,0.0,0.0,0.0,0.0,0.0,1.0,False,False,sample_only,29438.0,2,0.55,1.0
100000002214383100,peripheral,0.2,22,0.450011,"Вход=1, 213000.00 KZT; выход=0; глубина=4: обход обрезан, конечная роль неизвестна",4,False,1,0,213000.0,0.0,1,0,0.0005308718022156257,0.0,True,0.0,exact,2248,0.0,1,0,1.0,0.0,0.0,0.0,0.0,0.0,0.0,0.0,False,True,depth_outflows_incomplete,213000.0,1,0.2,1.0
100000002214570100,terminal,0.59,22,0.197073,"Наблюдаемый получатель: входов=1, вход=26471.00 KZT; выход=0; глубина=1; вне выборки операции неизвестны",1,False,1,0,26471.0,0.0,1,0,0.0002911252470497396,0.0,False,0.0,exact,2248,0.0,1,0,1.0,0.0,0.0,0.0,0.0,0.0,0.0,0.0,False,False,sample_only,26471.0,1,0.59,1.0
100000002214664100,peripheral,0.55,22,0.375433,"Мало связей: входов=1, выходов=1; оборот=84900.00 KZT; FIFO 1–7д=0%; в тот же день=?10%; правила иных ролей не выполнены",3,False,1,1,7950.0,76950.0,1,2,0.0002868101125617946,9.679245283018869,False,1.387027959709612e-06,exact,2248,0.11519198664440734,2,0,1.0,1.0,0.0,0.0,0.0,7950.0,0.10331384015594541,0.8966861598440545,False,False,sample_only,84900.0,3,0.55,1.0
100000002216999100,terminal,0.59,22,0.172712,"Наблюдаемый получатель: входов=1, вход=23677.00 KZT; выход=0; глубина=3; вне выборки операции неизвестны",3,False,1,0,23677.0,0.0,1,0,0.0002892647477950034,0.0,False,0.0,exact,2248,0.0,1,0,1.0,0.0,0.0,0.0,0.0,0.0,0.0,0.0,False,False,sample_only,23677.0,1,0.59,1.0
100000002217161100,distributor,0.757699,38,0.917149,"Гипотеза распределения: входов=2, получателей=7; выход=995132.00 KZT; крупнейший выход=55%; источник средств неизвестен",2,False,2,7,404750.0,995132.0,15,19,0.0008915694561715997,2.4586337245213095,False,0.00015514898463608943,exact,2248,0.8113522537562604,8,1,0.869302038295244,0.5486709300876668,1.0,343500.0,0.34518033788482333,44000.0,0.0442152397872845,0.6106044223278921,False,False,sample_only,1399882.0,34,0.757699,1.0
100000002217806100,peripheral,0.2,19,0.395076,"Вход=1, 55000.00 KZT; выход=0; глубина=4: обход обрезан, конечная роль неизвестна",4,False,1,0,55000.0,0.0,2,0,0.00046376017332721496,0.0,True,0.0,exact,2248,0.0,1,0,1.0,0.0,0.0,0.0,0.0,0.0,0.0,0.0,False,True,depth_outflows_incomplete,55000.0,2,0.2,1.0
100000002224132100,peripheral,0.3,21,0.787786,"Роль неоднозначна: входов=5, выходов=4; оборот=16066020.00 KZT; FIFO 1–7д=8%; в тот же день=?9%; правила иных ролей не выполнены",2,False,5,4,3951020.0,12115000.0,10,25,0.0059957331954744305,3.0662968043695047,False,6.241625818693253e-06,exact,2248,0.19699499165275458,6,0,0.7341699105547428,0.3631861328931077,0.7028477094510936,916750.0,0.0756706562113083,1141825.0,0.09424886504333471,0.830080478745357,False,False,sample_only,16066020.0,35,0.3,1.0
100000002227960100,peripheral,0.2,32,0.168988,"Вход=1, 10000.00 KZT; выход=0; глубина=4: обход обрезан, конечная роль неизвестна",4,False,1,0,10000.0,0.0,1,0,0.00029943768321597685,0.0,True,0.0,exact,2248,0.0,1,0,1.0,0.0,0.0,0.0,0.0,0.0,0.0,0.0,False,True,depth_outflows_incomplete,10000.0,1,0.2,1.0
100000002227989100,peripheral,0.2,32,0.27325,"Вход=1, 20000.00 KZT; выход=0; глубина=4: обход обрезан, конечная роль неизвестна",4,False,1,0,20000.0,0.0,1,0,0.00039446042046132154,0.0,True,0.0,exact,2248,0.0,1,0,1.0,0.0,0.0,0.0,0.0,0.0,0.0,0.0,False,True,depth_outflows_incomplete,20000.0,1,0.2,1.0
100000002229615100,peripheral,0.2,32,0.333928,"Вход=1, 25000.00 KZT; выход=0; глубина=4: обход обрезан, конечная роль неизвестна",4,False,1,0,25000.0,0.0,1,0,0.000718498388172836,0.0,True,0.0,exact,2248,0.0,1,0,1.0,0.0,0.0,0.0,0.0,0.0,0.0,0.0,False,True,depth_outflows_incomplete,25000.0,1,0.2,1.0
100000002231144100,peripheral,0.2,32,0.245727,"Вход=1, 15000.00 KZT; выход=0; глубина=4: обход обрезан, конечная роль неизвестна",4,False,1,0,15000.0,0.0,1,0,0.0003672376389003139,0.0,True,0.0,exact,2248,0.0,1,0,1.0,0.0,0.0,0.0,0.0,0.0,0.0,0.0,False,True,depth_outflows_incomplete,15000.0,1,0.2,1.0
100000002232266100,terminal,0.59,8,0.24972,"Наблюдаемый получатель: входов=1, вход=45000.00 KZT; выход=0; глубина=3; вне выборки операции неизвестны",3,False,1,0,45000.0,0.0,1,0,0.0002947249491298242,0.0,False,0.0,exact,2248,0.0,1,0,1.0,0.0,0.0,0.0,0.0,0.0,0.0,0.0,False,False,sample_only,45000.0,1,0.59,1.0
100000002236528100,terminal,0.59,1,0.310173,"Наблюдаемый получатель: входов=1, вход=66000.00 KZT; выход=0; глубина=3; вне выборки операции неизвестны",3,False,1,0,66000.0,0.0,1,0,0.0003072417833612642,0.0,False,0.0,exact,2248,0.0,1,0,1.0,0.0,0.0,0.0,0.0,0.0,0.0,0.0,False,False,sample_only,66000.0,1,0.59,1.0
100000002241986100,distributor,0.722502,30,0.77894,"Гипотеза распределения: входов=1, получателей=6; выход=3077000.00 KZT; крупнейший выход=65%; источник средств неизвестен",3,False,1,6,280000.0,3077000.0,1,12,0.0002946438629580342,10.989285714285714,False,0.00011532146750728487,exact,2248,0.7621035058430717,7,1,1.0,0.6499837504062398,0.0,0.0,0.0,0.0,0.0,1.0,False,False,sample_only,3357000.0,13,0.722502,1.0
100000002242066100,peripheral,0.2,38,0.378634,"Вход=1, 60000.00 KZT; выход=0; глубина=4: обход обрезан, конечная роль неизвестна",4,False,1,0,60000.0,0.0,1,0,0.0005337841025658814,0.0,True,0.0,exact,2248,0.0,1,0,1.0,0.0,0.0,0.0,0.0,0.0,0.0,0.0,False,True,depth_outflows_incomplete,60000.0,1,0.2,1.0
100000002242455100,peripheral,0.2,10,0.415153,"Вход=1, 110000.00 KZT; выход=0; глубина=4: обход обрезан, конечная роль неизвестна",4,False,1,0,110000.0,0.0,1,0,0.0005321740677312218,0.0,True,0.0,exact,2248,0.0,1,0,1.0,0.0,0.0,0.0,0.0,0.0,0.0,0.0,False,True,depth_outflows_incomplete,110000.0,1,0.2,1.0
100000002243354100,terminal,0.59,22,0.170693,"Наблюдаемый получатель: входов=1, вход=20879.00 KZT; выход=0; глубина=1; вне выборки операции неизвестны",1,False,1,0,20879.0,0.0,1,0,0.0002899515517515244,0.0,False,0.0,exact,2248,0.0,1,0,1.0,0.0,0.0,0.0,0.0,0.0,0.0,0.0,False,False,sample_only,20879.0,1,0.59,1.0
100000002255058100,terminal,0.59,2,0.511048,"Наблюдаемый получатель: входов=1, вход=491500.00 KZT; выход=0; глубина=3; вне выборки операции неизвестны",3,False,1,0,491500.0,0.0,2,0,0.0004261286722180512,0.0,False,0.0,exact,2248,0.0,1,0,1.0,0.0,0.0,0.0,0.0,0.0,0.0,0.0,False,False,sample_only,491500.0,2,0.59,1.0
100000002257794100,terminal,0.59,34,0.459141,"Наблюдаемый получатель: входов=1, вход=154000.00 KZT; выход=0; глубина=3; вне выборки операции неизвестны",3,False,1,0,154000.0,0.0,1,0,0.0008606341011324361,0.0,False,0.0,exact,2248,0.0,1,0,1.0,0.0,0.0,0.0,0.0,0.0,0.0,0.0,False,False,sample_only,154000.0,1,0.59,1.0
100000002258492100,peripheral,0.2,47,0.256472,"Вход=1, 9000.00 KZT; выход=0; глубина=4: обход обрезан, конечная роль неизвестна",4,False,1,0,9000.0,0.0,1,0,0.0005401265380892355,0.0,True,0.0,exact,2248,0.0,1,0,1.0,0.0,0.0,0.0,0.0,0.0,0.0,0.0,False,True,depth_outflows_incomplete,9000.0,1,0.2,1.0
100000002267998100,peripheral,0.3,29,0.865563,"Роль неоднозначна: входов=2, выходов=3; оборот=1535000.00 KZT; FIFO 1–7д=16%; в тот же день=?18%; правила иных ролей не выполнены",2,False,2,3,420000.0,1115000.0,4,12,0.00158483172380568,2.6547619047619047,False,5.8849614861964964e-05,exact,2248,0.6619365609348915,3,0,0.5238095238095238,0.7623318385650224,0.6547085201793722,180000.0,0.16143497757847533,200000.0,0.17937219730941703,0.6591928251121076,False,False,sample_only,1535000.0,16,0.3,1.0
100000002284426100,terminal,0.59,10,0.292317,"Наблюдаемый получатель: входов=1, вход=90000.00 KZT; выход=0; глубина=3; вне выборки операции неизвестны",3,False,1,0,90000.0,0.0,2,0,0.00028848611988395835,0.0,False,0.0,exact,2248,0.0,1,0,1.0,0.0,0.0,0.0,0.0,0.0,0.0,0.0,False,False,sample_only,90000.0,2,0.59,1.0
100000002289937100,terminal,0.59,22,0.16513,"Наблюдаемый получатель: входов=1, вход=20000.00 KZT; выход=0; глубина=1; вне выборки операции неизвестны",1,False,1,0,20000.0,0.0,1,0,0.0002897670599476741,0.0,False,0.0,exact,2248,0.0,1,0,1.0,0.0,0.0,0.0,0.0,0.0,0.0,0.0,False,False,sample_only,20000.0,1,0.59,1.0
100000002293421100,peripheral,0.3,0,0.664033,"Роль неоднозначна: входов=2, выходов=2; оборот=88000.00 KZT; FIFO 1–7д=43%; в тот же день=?0%; правила иных ролей не выполнены",2,False,2,2,41000.0,47000.0,6,5,0.0009748338691844299,1.146341463414634,False,1.9616538287321655e-05,exact,2248,0.3831385642737897,3,0,0.8780487804878049,0.5319148936170213,0.5319148936170213,20000.0,0.425531914893617,0.0,0.0,0.574468085106383,False,False,sample_only,88000.0,11,0.3,1.0
100000002299948100,terminal,0.59,41,0.13487,"Наблюдаемый получатель: входов=1, вход=6750.00 KZT; выход=0; глубина=2; вне выборки операции неизвестны",2,False,1,0,6750.0,0.0,1,0,0.00029301562294545036,0.0,False,0.0,exact,2248,0.0,1,0,1.0,0.0,0.0,0.0,0.0,0.0,0.0,0.0,False,False,sample_only,6750.0,1,0.59,1.0
100000002301828100,terminal,0.59,28,0.244583,"Наблюдаемый получатель: входов=1, вход=46977.00 KZT; выход=0; глубина=3; вне выборки операции неизвестны",3,False,1,0,46977.0,0.0,1,0,0.00029296342924915497,0.0,False,0.0,exact,2248,0.0,1,0,1.0,0.0,0.0,0.0,0.0,0.0,0.0,0.0,False,False,sample_only,46977.0,1,0.59,1.0
100000002304943100,peripheral,0.2,32,0.20221,"Вход=1, 15000.00 KZT; выход=0; глубина=4: обход обрезан, конечная роль неизвестна",4,False,1,0,15000.0,0.0,1,0,0.00030637187771531986,0.0,True,0.0,exact,2248,0.0,1,0,1.0,0.0,0.0,0.0,0.0,0.0,0.0,0.0,False,True,depth_outflows_incomplete,15000.0,1,0.2,1.0
100000002305007100,terminal,0.59,22,0.268674,"Наблюдаемый получатель: входов=1, вход=56000.00 KZT; выход=0; глубина=3; вне выборки операции неизвестны",3,False,1,0,56000.0,0.0,1,0,0.0002943096498515308,0.0,False,0.0,exact,2248,0.0,1,0,1.0,0.0,0.0,0.0,0.0,0.0,0.0,0.0,False,False,sample_only,56000.0,1,0.59,1.0
100000002305477100,peripheral,0.2,32,0.232963,"Вход=1, 20000.00 KZT; выход=0; глубина=4: обход обрезан, конечная роль неизвестна",4,False,1,0,20000.0,0.0,1,0,0.0003133060722146628,0.0,True,0.0,exact,2248,0.0,1,0,1.0,0.0,0.0,0.0,0.0,0.0,0.0,0.0,False,True,depth_outflows_incomplete,20000.0,1,0.2,1.0
100000002306369100,distributor,0.754458,2,0.714926,"Гипотеза распределения: входов=1, получателей=6; выход=260900.00 KZT; крупнейший выход=44%; источник средств неизвестен",1,False,1,6,73166.0,260900.0,1,9,0.00029929907141169583,3.5658639258672062,False,7.025152223848325e-05,exact,2248,0.6911519198664441,7,2,1.0,0.43694902261402835,0.0,0.0,0.0,0.0,0.0,1.0,False,False,sample_only,334066.0,10,0.754458,1.0
100000002308091100,terminal,0.59,24,0.454408,"Наблюдаемый получатель: входов=1, вход=186720.00 KZT; выход=0; глубина=3; вне выборки операции неизвестны",3,False,1,0,186720.0,0.0,1,0,0.0005611068728343334,0.0,False,0.0,exact,2248,0.0,1,0,1.0,0.0,0.0,0.0,0.0,0.0,0.0,0.0,False,False,sample_only,186720.0,1,0.59,1.0
100000002320495100,peripheral,0.2,28,0.272353,"Вход=1, 13526.27 KZT; выход=0; глубина=4: обход обрезан, конечная роль неизвестна",4,False,1,0,13526.27,0.0,1,0,0.0005354179344206217,0.0,True,0.0,exact,2248,0.0,1,0,1.0,0.0,0.0,0.0,0.0,0.0,0.0,0.0,False,True,depth_outflows_incomplete,13526.27,1,0.2,1.0
100000002324543100,terminal,0.59,4,0.190164,"Наблюдаемый получатель: входов=1, вход=30202.00 KZT; выход=0; глубина=1; вне выборки операции неизвестны",1,False,1,0,30202.0,0.0,1,0,0.0002888127877964788,0.0,False,0.0,exact,2248,0.0,1,0,1.0,0.0,0.0,0.0,0.0,0.0,0.0,0.0,False,False,sample_only,30202.0,1,0.59,1.0
100000002335358100,terminal,0.59,16,0.475785,"Наблюдаемый получатель: входов=1, вход=140000.00 KZT; выход=0; глубина=2; вне выборки операции неизвестны",2,False,1,0,140000.0,0.0,2,0,0.0006124866171005888,0.0,False,0.0,exact,2248,0.0,1,0,1.0,0.0,0.0,0.0,0.0,0.0,0.0,0.0,False,False,sample_only,140000.0,2,0.59,1.0
100000002340562100,terminal,0.59,1,0.373183,"Наблюдаемый получатель: входов=1, вход=36650.00 KZT; выход=0; глубина=2; вне выборки операции неизвестны",2,False,1,0,36650.0,0.0,2,0,0.0005308569205030126,0.0,False,0.0,exact,2248,0.0,1,0,1.0,0.0,0.0,0.0,0.0,0.0,0.0,0.0,False,False,sample_only,36650.0,2,0.59,1.0
100000002343825100,consolidator,0.778657,42,0.742757,Гипотеза сбора: отправителей=3; вход=350000.00 KZT; выход/вход=0.26; крупнейший вход=43%,3,False,3,2,350000.0,89800.0,4,2,0.00033359725354762797,0.25657142857142856,False,4.279971989961088e-05,exact,2248,0.6118530884808013,5,1,0.42857142857142855,0.5567928730512249,0.44320712694877507,39800.0,0.44320712694877507,50000.0,0.5567928730512249,0.0,False,False,sample_only,439800.0,6,0.778657,1.0
100000002346166100,terminal,0.59,22,0.088257,"Наблюдаемый получатель: входов=1, вход=6000.00 KZT; выход=0; глубина=3; вне выборки операции неизвестны",3,False,1,0,6000.0,0.0,1,0,0.00028650576089238805,0.0,False,0.0,exact,2248,0.0,1,0,1.0,0.0,0.0,0.0,0.0,0.0,0.0,0.0,False,False,sample_only,6000.0,1,0.59,1.0
100000002356167100,peripheral,0.3,10,0.636572,"Роль неоднозначна: входов=1, выходов=2; оборот=329500.00 KZT; FIFO 1–7д=0%; в тот же день=?19%; правила иных ролей не выполнены",3,False,1,2,300000.0,29500.0,1,3,0.0002952920464395158,0.09833333333333333,False,3.844048916909496e-05,exact,2248,0.5450751252086812,3,0,1.0,0.8135593220338984,0.0,0.0,0.0,5500.0,0.1864406779661017,0.8135593220338984,False,False,sample_only,329500.0,4,0.3,1.0
100000002369443100,terminal,0.59,22,0.253645,"Наблюдаемый получатель: входов=1, вход=50000.00 KZT; выход=0; глубина=3; вне выборки операции неизвестны",3,False,1,0,50000.0,0.0,1,0,0.00029337318317643364,0.0,False,0.0,exact,2248,0.0,1,0,1.0,0.0,0.0,0.0,0.0,0.0,0.0,0.0,False,False,sample_only,50000.0,1,0.59,1.0
100000002369454100,peripheral,0.2,8,0.296288,"Вход=1, 25000.00 KZT; выход=0; глубина=4: обход обрезан, конечная роль неизвестна",4,False,1,0,25000.0,0.0,1,0,0.0004288818435522478,0.0,True,0.0,exact,2248,0.0,1,0,1.0,0.0,0.0,0.0,0.0,0.0,0.0,0.0,False,True,depth_outflows_incomplete,25000.0,1,0.2,1.0
100000002369510100,terminal,0.59,22,0.221321,"Наблюдаемый получатель: входов=1, вход=37150.00 KZT; выход=0; глубина=3; вне выборки операции неизвестны",3,False,1,0,37150.0,0.0,1,0,0.000291367583713934,0.0,False,0.0,exact,2248,0.0,1,0,1.0,0.0,0.0,0.0,0.0,0.0,0.0,0.0,False,False,sample_only,37150.0,1,0.59,1.0
100000002369874100,consolidator,0.835833,4,0.595121,Гипотеза сбора: отправителей=4; вход=600000.00 KZT; выход/вход=0.00; крупнейший вход=44%,3,False,4,0,600000.0,0.0,4,0,0.0003373478549116593,0.0,False,0.0,exact,2248,0.0,4,1,0.44166666666666665,0.0,0.0,0.0,0.0,0.0,0.0,0.0,False,False,sample_only,600000.0,4,0.835833,1.0
100000002371751100,transit,0.81,37,0.605779,"Гипотеза транзита: вход=200000.00, выход=250000.00 KZT; FIFO 1–7д=80%; в тот же день=?0%; те же деньги не установлены",1,False,1,1,200000.0,250000.0,5,1,0.0005285862410602083,1.25,False,1.981468513870874e-07,exact,2248,0.01001669449081803,2,0,1.0,1.0,1.0,200000.0,0.8,0.0,0.0,0.2,False,False,sample_only,450000.0,6,0.81,1.0
100000002371892100,peripheral,0.2,51,0.277243,"Вход=1, 43830.00 KZT; выход=0; глубина=4: обход обрезан, конечная роль неизвестна",4,False,1,0,43830.0,0.0,1,0,0.00030653262004379635,0.0,True,0.0,exact,2248,0.0,1,0,1.0,0.0,0.0,0.0,0.0,0.0,0.0,0.0,False,True,depth_outflows_incomplete,43830.0,1,0.2,1.0
100000002373144100,peripheral,0.55,0,0.409023,"Мало связей: входов=1, выходов=1; оборот=57232.00 KZT; FIFO 1–7д=100%; в тот же день=?0%; правила иных ролей не выполнены",3,False,1,1,46468.0,10764.0,1,1,0.00028969018116006086,0.2316432813979513,False,1.922024458454748e-05,exact,2248,0.2871452420701169,2,0,1.0,1.0,1.0,10764.0,1.0,0.0,0.0,0.0,False,False,sample_only,57232.0,2,0.55,1.0
100000002373386100,terminal,0.59,22,0.174372,"Наблюдаемый получатель: входов=1, вход=24000.00 KZT; выход=0; глубина=3; вне выборки операции неизвестны",3,False,1,0,24000.0,0.0,1,0,0.0002893151609176794,0.0,False,0.0,exact,2248,0.0,1,0,1.0,0.0,0.0,0.0,0.0,0.0,0.0,0.0,False,False,sample_only,24000.0,1,0.59,1.0
100000002380341100,terminal,0.59,0,0.305193,"Наблюдаемый получатель: входов=1, вход=57566.40 KZT; выход=0; глубина=3; вне выборки операции неизвестны",3,False,1,0,57566.4,0.0,1,0,0.0003091365365238758,0.0,False,0.0,exact,2248,0.0,1,0,1.0,0.0,0.0,0.0,0.0,0.0,0.0,0.0,False,False,sample_only,57566.4,1,0.59,1.0
100000002391278100,peripheral,0.55,46,0.43072,"Мало связей: входов=1, выходов=1; оборот=82700.00 KZT; FIFO 1–7д=38%; в тот же день=?0%; правила иных ролей не выполнены",3,False,1,1,30000.0,52700.0,5,2,0.0003913223411329357,1.7566666666666666,False,0.0,exact,2248,0.0,1,0,1.0,1.0,1.0,20000.0,0.3795066413662239,0.0,0.0,0.6204933586337761,False,False,sample_only,82700.0,7,0.55,1.0
100000002394199100,peripheral,0.55,1,0.567463,"Мало связей: входов=1, выходов=1; оборот=354175.00 KZT; FIFO 1–7д=0%; в тот же день=?100%; правила иных ролей не выполнены",3,False,1,1,277398.0,76777.0,3,1,0.0029678523915121872,0.2767756076107254,False,0.0,exact,2248,0.0,1,0,1.0,1.0,0.0,0.0,0.0,76777.0,1.0,0.0,False,False,sample_only,354175.0,4,0.55,1.0
100000002398779100,consolidator,0.95,0,0.77283,Гипотеза сбора: отправителей=13; вход=1095690.00 KZT; выход/вход=0.06; крупнейший вход=23%,2,False,13,1,1095690.0,66000.0,28,3,0.0016005031258790243,0.06023601566136407,False,1.2780471914467137e-05,exact,2248,0.20868113522537562,14,2,0.23268899049913752,1.0,1.0,66000.0,1.0,0.0,0.0,0.0,False,False,sample_only,1161690.0,31,0.95,1.0
100000002404112100,peripheral,0.2,14,0.330182,"Вход=1, 60000.00 KZT; выход=0; глубина=4: обход обрезан, конечная роль неизвестна",4,False,1,0,60000.0,0.0,1,0,0.0003300834785756558,0.0,True,0.0,exact,2248,0.0,1,0,1.0,0.0,0.0,0.0,0.0,0.0,0.0,0.0,False,True,depth_outflows_incomplete,60000.0,1,0.2,1.0
100000002432143100,terminal,0.59,2,0.348217,"Наблюдаемый получатель: входов=1, вход=81310.00 KZT; выход=0; глубина=2; вне выборки операции неизвестны",2,False,1,0,81310.0,0.0,1,0,0.00033525669770259663,0.0,False,0.0,exact,2248,0.0,1,0,1.0,0.0,0.0,0.0,0.0,0.0,0.0,0.0,False,False,sample_only,81310.0,1,0.59,1.0
100000002433697100,peripheral,0.55,10,0.493769,"Мало связей: входов=1, выходов=1; оборот=240000.00 KZT; FIFO 1–7д=0%; в тот же день=?100%; правила иных ролей не выполнены",3,False,1,1,130000.0,110000.0,1,1,0.0002897824868469217,0.8461538461538461,False,1.922024458454748e-05,exact,2248,0.2871452420701169,2,0,1.0,1.0,0.0,0.0,0.0,110000.0,1.0,0.0,False,False,sample_only,240000.0,2,0.55,1.0
100000002435265100,terminal,0.59,0,0.358535,"Наблюдаемый получатель: входов=1, вход=132628.00 KZT; выход=0; глубина=3; вне выборки операции неизвестны",3,False,1,0,132628.0,0.0,3,0,0.00029303889880759933,0.0,False,0.0,exact,2248,0.0,1,0,1.0,0.0,0.0,0.0,0.0,0.0,0.0,0.0,False,False,sample_only,132628.0,3,0.59,1.0
100000002443664100,consolidator,0.78458,24,0.579397,Гипотеза сбора: отправителей=3; вход=556880.00 KZT; выход/вход=0.00; крупнейший вход=75%,2,False,3,0,556880.0,0.0,3,0,0.0003387703864093913,0.0,False,0.0,exact,2248,0.0,3,2,0.7542019824737825,0.0,0.0,0.0,0.0,0.0,0.0,0.0,False,False,sample_only,556880.0,3,0.78458,1.0
100000002445750100,peripheral,0.55,0,0.578134,"Мало связей: входов=1, выходов=1; оборот=80000.00 KZT; FIFO 1–7д=0%; в тот же день=?0%; правила иных ролей не выполнены",2,False,1,1,70000.0,10000.0,1,1,0.000537290687034385,0.14285714285714285,False,1.9418391435934565e-05,exact,2248,0.3614357262103506,2,0,1.0,1.0,0.0,0.0,0.0,0.0,0.0,1.0,False,False,sample_only,80000.0,2,0.55,1.0
100000002448088100,peripheral,0.3,32,0.59421,"Роль неоднозначна: входов=3, выходов=1; оборот=45000.00 KZT; FIFO 1–7д=40%; в тот же день=?40%; правила иных ролей не выполнены",3,False,3,1,20000.0,25000.0,3,1,0.0005086560796474202,1.25,False,2.0805419395644178e-05,exact,2248,0.43906510851419034,4,1,0.5,1.0,1.0,10000.0,0.4,10000.0,0.4,0.2,False,False,sample_only,45000.0,4,0.3,1.0
100000002454724100,terminal,0.59,33,0.384668,"Наблюдаемый получатель: входов=1, вход=125000.00 KZT; выход=0; глубина=2; вне выборки операции неизвестны",2,False,1,0,125000.0,0.0,3,0,0.00030118599844023634,0.0,False,0.0,exact,2248,0.0,1,0,1.0,0.0,0.0,0.0,0.0,0.0,0.0,0.0,False,False,sample_only,125000.0,3,0.59,1.0
100000002457464100,terminal,0.59,2,0.33072,"Наблюдаемый получатель: входов=1, вход=66647.00 KZT; выход=0; глубина=2; вне выборки операции неизвестны",2,False,1,0,66647.0,0.0,1,0,0.0003221740395394653,0.0,False,0.0,exact,2248,0.0,1,0,1.0,0.0,0.0,0.0,0.0,0.0,0.0,0.0,False,False,sample_only,66647.0,1,0.59,1.0
100000002459093100,peripheral,0.55,46,0.614418,"Мало связей: входов=1, выходов=1; оборот=555000.00 KZT; FIFO 1–7д=0%; в тот же день=?0%; правила иных ролей не выполнены",2,False,1,1,500000.0,55000.0,2,3,0.00038924998698062655,0.11,False,1.1888811083225246e-06,exact,2248,0.09849749582637729,2,0,1.0,1.0,0.0,0.0,0.0,0.0,0.0,1.0,False,False,sample_only,555000.0,5,0.55,1.0
100000002459163100,terminal,0.59,39,0.266611,"Наблюдаемый получатель: входов=1, вход=20180.00 KZT; выход=0; глубина=2; вне выборки операции неизвестны",2,False,1,0,20180.0,0.0,1,0,0.00036111544422251415,0.0,False,0.0,exact,2248,0.0,1,0,1.0,0.0,0.0,0.0,0.0,0.0,0.0,0.0,False,False,sample_only,20180.0,1,0.59,1.0
100000002459164100,terminal,0.59,0,0.300976,"Наблюдаемый получатель: входов=1, вход=20000.00 KZT; выход=0; глубина=3; вне выборки операции неизвестны",3,False,1,0,20000.0,0.0,1,0,0.0005418286835835176,0.0,False,0.0,exact,2248,0.0,1,0,1.0,0.0,0.0,0.0,0.0,0.0,0.0,0.0,False,False,sample_only,20000.0,1,0.59,1.0
100000002459240100,terminal,0.59,10,0.304296,"Наблюдаемый получатель: входов=1, вход=150000.00 KZT; выход=0; глубина=3; вне выборки операции неизвестны",3,False,1,0,150000.0,0.0,1,0,0.00029043067032840335,0.0,False,0.0,exact,2248,0.0,1,0,1.0,0.0,0.0,0.0,0.0,0.0,0.0,0.0,False,False,sample_only,150000.0,1,0.59,1.0
100000002459832100,terminal,0.63,8,0.5821,"Наблюдаемый получатель: входов=2, вход=880606.00 KZT; выход=0; глубина=3; вне выборки операции неизвестны",3,False,2,0,880606.0,0.0,2,0,0.0003931880367042986,0.0,False,0.0,exact,2248,0.0,2,0,0.6593255099329326,0.0,0.0,0.0,0.0,0.0,0.0,0.0,False,False,sample_only,880606.0,2,0.63,1.0
100000002462183100,terminal,0.59,52,0.433367,"Наблюдаемый получатель: входов=1, вход=107500.00 KZT; выход=0; глубина=1; вне выборки операции неизвестны",1,False,1,0,107500.0,0.0,3,0,0.0003802620893515447,0.0,False,0.0,exact,2248,0.0,1,0,1.0,0.0,0.0,0.0,0.0,0.0,0.0,0.0,False,False,sample_only,107500.0,3,0.59,1.0
100000002469065100,terminal,0.59,16,0.392788,"Наблюдаемый получатель: входов=1, вход=200000.00 KZT; выход=0; глубина=2; вне выборки операции неизвестны",2,False,1,0,200000.0,0.0,1,0,0.0003186959872113208,0.0,False,0.0,exact,2248,0.0,1,0,1.0,0.0,0.0,0.0,0.0,0.0,0.0,0.0,False,False,sample_only,200000.0,1,0.59,1.0
100000002472632100,peripheral,0.3,13,0.759478,"Роль неоднозначна: входов=2, выходов=1; оборот=522400.00 KZT; FIFO 1–7д=0%; в тот же день=?0%; правила иных ролей не выполнены",3,False,2,1,502400.0,20000.0,3,1,0.0009856193332908683,0.03980891719745223,False,2.0012831990095827e-05,exact,2248,0.42153589315525875,3,0,0.6160429936305732,1.0,0.0,0.0,0.0,0.0,0.0,1.0,False,False,sample_only,522400.0,4,0.3,1.0
100000002474570100,peripheral,0.2,18,0.110554,"Вход=1, 6750.00 KZT; выход=0; глубина=4: обход обрезан, конечная роль неизвестна",4,False,1,0,6750.0,0.0,1,0,0.0002891815541283873,0.0,True,0.0,exact,2248,0.0,1,0,1.0,0.0,0.0,0.0,0.0,0.0,0.0,0.0,False,True,depth_outflows_incomplete,6750.0,1,0.2,1.0
100000002475601100,terminal,0.59,8,0.375045,"Наблюдаемый получатель: входов=1, вход=232301.00 KZT; выход=0; глубина=3; вне выборки операции неизвестны",3,False,1,0,232301.0,0.0,1,0,0.0003021143924659961,0.0,False,0.0,exact,2248,0.0,1,0,1.0,0.0,0.0,0.0,0.0,0.0,0.0,0.0,False,False,sample_only,232301.0,1,0.59,1.0
100000002478829100,peripheral,0.2,32,0.310823,"Вход=1, 34000.00 KZT; выход=0; глубина=4: обход обрезан, конечная роль неизвестна",4,False,1,0,34000.0,0.0,1,0,0.00038733445028330085,0.0,True,0.0,exact,2248,0.0,1,0,1.0,0.0,0.0,0.0,0.0,0.0,0.0,0.0,False,True,depth_outflows_incomplete,34000.0,1,0.2,1.0
100000002479804100,transit,0.754784,2,0.453778,"Гипотеза транзита: вход=46000.00, выход=35300.00 KZT; FIFO 1–7д=65%; в тот же день=?0%; те же деньги не установлены",1,False,1,2,46000.0,35300.0,1,2,0.00029696632694887494,0.7673913043478261,False,1.7833216624837866e-06,exact,2248,0.14023372287145242,3,1,1.0,0.6515580736543909,0.6515580736543909,23000.0,0.6515580736543909,0.0,0.0,0.34844192634560905,False,False,sample_only,81300.0,3,0.754784,1.0
100000002480800100,terminal,0.63,2,0.610767,"Наблюдаемый получатель: входов=2, вход=569251.00 KZT; выход=0; глубина=1; вне выборки операции неизвестны",1,False,2,0,569251.0,0.0,2,0,0.0006410781031176428,0.0,False,0.0,exact,2248,0.0,2,0,0.59596030573508,0.0,0.0,0.0,0.0,0.0,0.0,0.0,False,False,sample_only,569251.0,2,0.63,1.0
100000002481735100,terminal,0.59,16,0.306068,"Наблюдаемый получатель: входов=1, вход=22436.00 KZT; выход=0; глубина=2; вне выборки операции неизвестны",2,False,1,0,22436.0,0.0,2,0,0.00036270354277617874,0.0,False,0.0,exact,2248,0.0,1,0,1.0,0.0,0.0,0.0,0.0,0.0,0.0,0.0,False,False,sample_only,22436.0,2,0.59,1.0
100000002481974100,peripheral,0.3,8,0.723168,"Роль неоднозначна: входов=2, выходов=2; оборот=407447.00 KZT; FIFO 1–7д=20%; в тот же день=?0%; правила иных ролей не выполнены",3,False,2,2,89447.0,318000.0,2,4,0.0003316686610389915,3.5551779265934016,False,3.883678287186913e-05,exact,2248,0.5684474123539232,4,1,0.7205048799847955,0.8427672955974843,0.9716981132075472,64447.0,0.20266352201257862,0.0,0.0,0.7973364779874214,False,False,sample_only,407447.0,6,0.3,1.0
100000002487222100,peripheral,0.2,10,0.367508,"Вход=1, 90000.00 KZT; выход=0; глубина=4: обход обрезан, конечная роль неизвестна",4,False,1,0,90000.0,0.0,2,0,0.0003104273146144327,0.0,True,0.0,exact,2248,0.0,1,0,1.0,0.0,0.0,0.0,0.0,0.0,0.0,0.0,False,True,depth_outflows_incomplete,90000.0,2,0.2,1.0
100000002488629100,terminal,0.59,1,0.298531,"Наблюдаемый получатель: входов=1, вход=73050.00 KZT; выход=0; глубина=2; вне выборки операции неизвестны",2,False,1,0,73050.0,0.0,1,0,0.00029941451688253495,0.0,False,0.0,exact,2248,0.0,1,0,1.0,0.0,0.0,0.0,0.0,0.0,0.0,0.0,False,False,sample_only,73050.0,1,0.59,1.0
100000002489253100,terminal,0.59,16,0.285072,"Наблюдаемый получатель: входов=1, вход=51000.00 KZT; выход=0; глубина=2; вне выборки операции неизвестны",2,False,1,0,51000.0,0.0,1,0,0.00030184449124919286,0.0,False,0.0,exact,2248,0.0,1,0,1.0,0.0,0.0,0.0,0.0,0.0,0.0,0.0,False,False,sample_only,51000.0,1,0.59,1.0
100000002492277100,terminal,0.59,2,0.353376,"Наблюдаемый получатель: входов=1, вход=138500.00 KZT; выход=0; глубина=2; вне выборки операции неизвестны",2,False,1,0,138500.0,0.0,1,0,0.00030740347309968685,0.0,False,0.0,exact,2248,0.0,1,0,1.0,0.0,0.0,0.0,0.0,0.0,0.0,0.0,False,False,sample_only,138500.0,1,0.59,1.0
100000002505277100,peripheral,0.2,0,0.357773,"Вход=1, 60000.00 KZT; выход=0; глубина=4: обход обрезан, конечная роль неизвестна",4,False,1,0,60000.0,0.0,1,0,0.00040765311721545095,0.0,True,0.0,exact,2248,0.0,1,0,1.0,0.0,0.0,0.0,0.0,0.0,0.0,0.0,False,True,depth_outflows_incomplete,60000.0,1,0.2,1.0
100000002506987100,peripheral,0.2,18,0.223362,"Вход=1, 28200.00 KZT; выход=0; глубина=4: обход обрезан, конечная роль неизвестна",4,False,1,0,28200.0,0.0,1,0,0.0002961253723894798,0.0,True,0.0,exact,2248,0.0,1,0,1.0,0.0,0.0,0.0,0.0,0.0,0.0,0.0,False,True,depth_outflows_incomplete,28200.0,1,0.2,1.0
100000002508637100,peripheral,0.55,8,0.51086,"Мало связей: входов=1, выходов=1; оборот=314410.00 KZT; FIFO 1–7д=0%; в тот же день=?0%; правила иных ролей не выполнены",3,False,1,1,306410.0,8000.0,1,1,0.00030739263356746913,0.02610880845925394,False,7.925874055483496e-07,exact,2248,0.06928213689482471,2,0,1.0,1.0,0.0,0.0,0.0,0.0,0.0,1.0,False,False,sample_only,314410.0,2,0.55,1.0
100000002509598100,terminal,0.59,24,0.384735,"Наблюдаемый получатель: входов=1, вход=305550.00 KZT; выход=0; глубина=3; вне выборки операции неизвестны",3,False,1,0,305550.0,0.0,1,0,0.00030012320541723873,0.0,False,0.0,exact,2248,0.0,1,0,1.0,0.0,0.0,0.0,0.0,0.0,0.0,0.0,False,False,sample_only,305550.0,1,0.59,1.0
100000002511581100,terminal,0.59,22,0.143416,"Наблюдаемый получатель: входов=1, вход=17600.00 KZT; выход=0; глубина=3; вне выборки операции неизвестны",3,False,1,0,17600.0,0.0,1,0,0.00028831626313090915,0.0,False,0.0,exact,2248,0.0,1,0,1.0,0.0,0.0,0.0,0.0,0.0,0.0,0.0,False,False,sample_only,17600.0,1,0.59,1.0
100000002511825100,terminal,0.59,0,0.287876,"Наблюдаемый получатель: входов=1, вход=65000.00 KZT; выход=0; глубина=1; вне выборки операции неизвестны",1,False,1,0,65000.0,0.0,1,0,0.00029776670172400603,0.0,False,0.0,exact,2248,0.0,1,0,1.0,0.0,0.0,0.0,0.0,0.0,0.0,0.0,False,False,sample_only,65000.0,1,0.59,1.0
100000002512742100,peripheral,0.2,18,0.104812,"Вход=1, 6000.00 KZT; выход=0; глубина=4: обход обрезан, конечная роль неизвестна",4,False,1,0,6000.0,0.0,1,0,0.00028878019191604315,0.0,True,0.0,exact,2248,0.0,1,0,1.0,0.0,0.0,0.0,0.0,0.0,0.0,0.0,False,True,depth_outflows_incomplete,6000.0,1,0.2,1.0
100000002513028100,distributor,0.651346,53,0.72483,"Гипотеза распределения: входов=1, получателей=3; выход=332709.00 KZT; крупнейший выход=72%; источник средств неизвестен",3,False,1,3,9500.0,332709.0,1,24,0.0003055978968624265,35.022,False,6.063293652444875e-05,exact,2248,0.676126878130217,4,1,1.0,0.7243567201368163,0.0,0.0,0.0,0.0,0.0,1.0,False,False,sample_only,342209.0,25,0.651346,1.0
100000002514975100,peripheral,0.2,14,0.287113,"Вход=1, 17920.00 KZT; выход=0; глубина=4: обход обрезан, конечная роль неизвестна",4,False,1,0,17920.0,0.0,1,0,0.0005310425183631422,0.0,True,0.0,exact,2248,0.0,1,0,1.0,0.0,0.0,0.0,0.0,0.0,0.0,0.0,False,True,depth_outflows_incomplete,17920.0,1,0.2,1.0
100000002516862100,peripheral,0.2,53,0.411541,"Вход=1, 81710.00 KZT; выход=0; глубина=4: обход обрезан, конечная роль неизвестна",4,False,1,0,81710.0,0.0,5,0,0.00034943970609758876,0.0,True,0.0,exact,2248,0.0,1,0,1.0,0.0,0.0,0.0,0.0,0.0,0.0,0.0,False,True,depth_outflows_incomplete,81710.0,5,0.2,1.0
100000002521039100,terminal,0.59,0,0.400527,"Наблюдаемый получатель: входов=1, вход=349370.00 KZT; выход=0; глубина=3; вне выборки операции неизвестны",3,False,1,0,349370.0,0.0,1,0,0.00030524580110660585,0.0,False,0.0,exact,2248,0.0,1,0,1.0,0.0,0.0,0.0,0.0,0.0,0.0,0.0,False,False,sample_only,349370.0,1,0.59,1.0
100000002527114100,distributor,0.65,22,0.940175,"Гипотеза распределения: входов=3, получателей=111; выход=3289249.00 KZT; крупнейший выход=2%; источник средств неизвестен; seed: вход неполон",0,True,3,111,129000.0,3289249.0,4,113,0.0008111056953132628,25.49805426356589,False,0.00019339132695379732,exact,2248,0.8347245409015025,111,0,0.6976744186046512,0.023679569409308935,0.6873146423393304,0.0,0.0,129000.0,0.039218678792636255,0.9607813212073637,True,False,seed_inflows_incomplete,3418249.0,117,0.896448,0.65
100000002528544100,terminal,0.59,8,0.356741,"Наблюдаемый получатель: входов=1, вход=192912.00 KZT; выход=0; глубина=3; вне выборки операции неизвестны",3,False,1,0,192912.0,0.0,1,0,0.0002993090025842554,0.0,False,0.0,exact,2248,0.0,1,0,1.0,0.0,0.0,0.0,0.0,0.0,0.0,0.0,False,False,sample_only,192912.0,1,0.59,1.0
100000002528978100,peripheral,0.2,18,0.161541,"Вход=1, 15900.00 KZT; выход=0; глубина=4: обход обрезан, конечная роль неизвестна",4,False,1,0,15900.0,0.0,1,0,0.0002915211255271421,0.0,True,0.0,exact,2248,0.0,1,0,1.0,0.0,0.0,0.0,0.0,0.0,0.0,0.0,False,True,depth_outflows_incomplete,15900.0,1,0.2,1.0
100000002529877100,peripheral,0.2,24,0.381729,"Вход=1, 232000.00 KZT; выход=0; глубина=4: обход обрезан, конечная роль неизвестна",4,False,1,0,232000.0,0.0,1,0,0.0003058339492043382,0.0,True,0.0,exact,2248,0.0,1,0,1.0,0.0,0.0,0.0,0.0,0.0,0.0,0.0,False,True,depth_outflows_incomplete,232000.0,1,0.2,1.0
100000002529880100,terminal,0.63,42,0.448834,"Наблюдаемый получатель: входов=2, вход=147000.00 KZT; выход=0; глубина=3; вне выборки операции неизвестны",3,False,2,0,147000.0,0.0,2,0,0.00030613354851985675,0.0,False,0.0,exact,2248,0.0,2,1,0.8163265306122449,0.0,0.0,0.0,0.0,0.0,0.0,0.0,False,False,sample_only,147000.0,2,0.63,1.0
100000002530224100,terminal,0.59,4,0.297746,"Наблюдаемый получатель: входов=1, вход=113000.00 KZT; выход=0; глубина=3; вне выборки операции неизвестны",3,False,1,0,113000.0,0.0,1,0,0.00029139102055774377,0.0,False,0.0,exact,2248,0.0,1,0,1.0,0.0,0.0,0.0,0.0,0.0,0.0,0.0,False,False,sample_only,113000.0,1,0.59,1.0
100000002531406100,peripheral,0.55,8,0.574297,"Мало связей: входов=1, выходов=1; оборот=1020000.00 KZT; FIFO 1–7д=0%; в тот же день=?0%; правила иных ролей не выполнены",3,False,1,1,520000.0,500000.0,1,1,0.0003226050843745726,0.9615384615384616,False,7.925874055483496e-07,exact,2248,0.06928213689482471,2,0,1.0,1.0,0.0,0.0,0.0,0.0,0.0,1.0,False,False,sample_only,1020000.0,2,0.55,1.0
100000002534091100,terminal,0.59,8,0.205799,"Наблюдаемый получатель: входов=1, вход=22200.00 KZT; выход=0; глубина=3; вне выборки операции неизвестны",3,False,1,0,22200.0,0.0,1,0,0.00029636616273709014,0.0,False,0.0,exact,2248,0.0,1,0,1.0,0.0,0.0,0.0,0.0,0.0,0.0,0.0,False,False,sample_only,22200.0,1,0.59,1.0
100000002537811100,peripheral,0.55,11,0.636013,"Мало связей: входов=1, выходов=1; оборот=67000.00 KZT; FIFO 1–7д=0%; в тот же день=?0%; правила иных ролей не выполнены",3,False,1,1,52000.0,15000.0,1,1,0.0012313777249476486,0.28846153846153844,False,2.6353531234482626e-05,exact,2248,0.5108514190317195,2,0,1.0,1.0,0.0,0.0,0.0,0.0,0.0,1.0,False,False,sample_only,67000.0,2,0.55,1.0
100000002539625100,terminal,0.59,42,0.364996,"Наблюдаемый получатель: входов=1, вход=94700.00 KZT; выход=0; глубина=2; вне выборки операции неизвестны",2,False,1,0,94700.0,0.0,1,0,0.0003450202078597562,0.0,False,0.0,exact,2248,0.0,1,0,1.0,0.0,0.0,0.0,0.0,0.0,0.0,0.0,False,False,sample_only,94700.0,1,0.59,1.0
100000002540033100,peripheral,0.2,35,0.27168,"Вход=1, 10000.00 KZT; выход=0; глубина=4: обход обрезан, конечная роль неизвестна",4,False,1,0,10000.0,0.0,1,0,0.0005960851621180808,0.0,True,0.0,exact,2248,0.0,1,0,1.0,0.0,0.0,0.0,0.0,0.0,0.0,0.0,False,True,depth_outflows_incomplete,10000.0,1,0.2,1.0
100000002540623100,terminal,0.59,18,0.363896,"Наблюдаемый получатель: входов=1, вход=100000.00 KZT; выход=0; глубина=2; вне выборки операции неизвестны",2,False,1,0,100000.0,0.0,1,0,0.0003332150538717533,0.0,False,0.0,exact,2248,0.0,1,0,1.0,0.0,0.0,0.0,0.0,0.0,0.0,0.0,False,False,sample_only,100000.0,1,0.59,1.0
100000002546921100,terminal,0.59,40,0.174641,"Наблюдаемый получатель: входов=1, вход=20000.00 KZT; выход=0; глубина=3; вне выборки операции неизвестны",3,False,1,0,20000.0,0.0,1,0,0.0002912223270400026,0.0,False,0.0,exact,2248,0.0,1,0,1.0,0.0,0.0,0.0,0.0,0.0,0.0,0.0,False,False,sample_only,20000.0,1,0.59,1.0
100000002547110100,consolidator,0.8972,42,0.685958,Гипотеза сбора: отправителей=6; вход=1500000.00 KZT; выход/вход=0.00; крупнейший вход=23%,3,False,6,0,1500000.0,0.0,10,0,0.0005516278220472679,0.0,False,0.0,exact,2248,0.0,6,1,0.228,0.0,0.0,0.0,0.0,0.0,0.0,0.0,False,False,sample_only,1500000.0,10,0.8972,1.0
100000002548759100,terminal,0.63,4,0.503679,"Наблюдаемый получатель: входов=2, вход=375000.00 KZT; выход=0; глубина=3; вне выборки операции неизвестны",3,False,2,0,375000.0,0.0,2,0,0.00030852903010496164,0.0,False,0.0,exact,2248,0.0,2,0,0.52,0.0,0.0,0.0,0.0,0.0,0.0,0.0,False,False,sample_only,375000.0,2,0.63,1.0
100000002550141100,terminal,0.59,8,0.340096,"Наблюдаемый получатель: входов=1, вход=100586.00 KZT; выход=0; глубина=3; вне выборки операции неизвестны",3,False,1,0,100586.0,0.0,1,0,0.0003077875449747836,0.0,False,0.0,exact,2248,0.0,1,0,1.0,0.0,0.0,0.0,0.0,0.0,0.0,0.0,False,False,sample_only,100586.0,1,0.59,1.0
100000002554175100,terminal,0.59,18,0.207032,"Наблюдаемый получатель: входов=1, вход=24621.00 KZT; выход=0; глубина=3; вне выборки операции неизвестны",3,False,1,0,24621.0,0.0,1,0,0.000294742641745906,0.0,False,0.0,exact,2248,0.0,1,0,1.0,0.0,0.0,0.0,0.0,0.0,0.0,0.0,False,False,sample_only,24621.0,1,0.59,1.0
100000002556775100,terminal,0.59,10,0.367777,"Наблюдаемый получатель: входов=1, вход=300000.00 KZT; выход=0; глубина=3; вне выборки операции неизвестны",3,False,1,0,300000.0,0.0,1,0,0.0002952920464395158,0.0,False,0.0,exact,2248,0.0,1,0,1.0,0.0,0.0,0.0,0.0,0.0,0.0,0.0,False,False,sample_only,300000.0,1,0.59,1.0
100000002558173100,terminal,0.59,41,0.153197,"Наблюдаемый получатель: входов=1, вход=9300.00 KZT; выход=0; глубина=2; вне выборки операции неизвестны",2,False,1,0,9300.0,0.0,1,0,0.0002958286804649773,0.0,False,0.0,exact,2248,0.0,1,0,1.0,0.0,0.0,0.0,0.0,0.0,0.0,0.0,False,False,sample_only,9300.0,1,0.59,1.0
100000002559089100,terminal,0.63,24,0.576133,"Наблюдаемый получатель: входов=2, вход=715000.00 KZT; выход=0; глубина=3; вне выборки операции неизвестны",3,False,2,0,715000.0,0.0,2,0,0.00039242595373201265,0.0,False,0.0,exact,2248,0.0,2,1,0.9090909090909091,0.0,0.0,0.0,0.0,0.0,0.0,0.0,False,False,sample_only,715000.0,2,0.63,1.0
100000002565277100,terminal,0.59,2,0.466207,"Наблюдаемый получатель: входов=1, вход=483319.00 KZT; выход=0; глубина=1; вне выборки операции неизвестны",1,False,1,0,483319.0,0.0,1,0,0.0003823473671467781,0.0,False,0.0,exact,2248,0.0,1,0,1.0,0.0,0.0,0.0,0.0,0.0,0.0,0.0,False,False,sample_only,483319.0,1,0.59,1.0
100000002566204100,terminal,0.59,18,0.341083,"Наблюдаемый получатель: входов=1, вход=80805.00 KZT; выход=0; глубина=2; вне выборки операции неизвестны",2,False,1,0,80805.0,0.0,1,0,0.00032406945030607917,0.0,False,0.0,exact,2248,0.0,1,0,1.0,0.0,0.0,0.0,0.0,0.0,0.0,0.0,False,False,sample_only,80805.0,1,0.59,1.0
100000002567887100,terminal,0.59,10,0.213762,"Наблюдаемый получатель: входов=1, вход=50915.00 KZT; выход=0; глубина=3; вне выборки операции неизвестны",3,False,1,0,50915.0,0.0,1,0,0.00028721940731527283,0.0,False,0.0,exact,2248,0.0,1,0,1.0,0.0,0.0,0.0,0.0,0.0,0.0,0.0,False,False,sample_only,50915.0,1,0.59,1.0
100000002570206100,terminal,0.63,28,0.475908,"Наблюдаемый получатель: входов=2, вход=166959.60 KZT; выход=0; глубина=2; вне выборки операции неизвестны",2,False,2,0,166959.6,0.0,2,0,0.0003185104657273645,0.0,False,0.0,exact,2248,0.0,2,1,0.513972242386781,0.0,0.0,0.0,0.0,0.0,0.0,0.0,False,False,sample_only,166959.6,2,0.63,1.0
100000002575080100,peripheral,0.55,3,0.519109,"Мало связей: входов=1, выходов=1; оборот=25500.00 KZT; FIFO 1–7д=0%; в тот же день=?100%; правила иных ролей не выполнены",3,False,1,1,13000.0,12500.0,1,1,0.0005518178489503663,0.9615384615384616,False,1.981468513870874e-05,exact,2248,0.4073455759599332,2,0,1.0,1.0,0.0,0.0,0.0,12500.0,1.0,0.0,False,False,sample_only,25500.0,2,0.55,1.0
100000002578405100,distributor,0.894561,22,0.925867,"Гипотеза распределения: входов=2, получателей=116; выход=3108352.00 KZT; крупнейший выход=4%; источник средств неизвестен",2,False,2,116,1200351.0,3108352.0,7,120,0.000570007125644813,2.589535894084314,False,0.00017100073274705643,exact,2248,0.8213689482470785,116,0,0.9000292414468768,0.036257154916817656,0.6754325121479163,524119.0,0.16861636005188602,676232.0,0.2175532243452479,0.6138304156028661,False,False,sample_only,4308703.0,127,0.894561,1.0
100000002578653100,terminal,0.59,54,0.229464,"Наблюдаемый получатель: входов=1, вход=20000.00 KZT; выход=0; глубина=3; вне выборки операции неизвестны",3,False,1,0,20000.0,0.0,1,0,0.0003113100744475735,0.0,False,0.0,exact,2248,0.0,1,0,1.0,0.0,0.0,0.0,0.0,0.0,0.0,0.0,False,False,sample_only,20000.0,1,0.59,1.0
100000002580377100,peripheral,0.55,16,0.394756,"Мало связей: входов=1, выходов=1; оборот=42750.00 KZT; FIFO 1–7д=100%; в тот же день=?0%; правила иных ролей не выполнены",1,False,1,1,37750.0,5000.0,2,1,0.000289628100737922,0.13245033112582782,False,1.922024458454748e-05,exact,2248,0.2871452420701169,2,0,1.0,1.0,1.0,5000.0,1.0,0.0,0.0,0.0,False,False,sample_only,42750.0,3,0.55,1.0
100000002581346100,terminal,0.59,10,0.315287,"Наблюдаемый получатель: входов=1, вход=166400.00 KZT; выход=0; глубина=3; вне выборки операции неизвестны",3,False,1,0,166400.0,0.0,1,0,0.00029096218078321833,0.0,False,0.0,exact,2248,0.0,1,0,1.0,0.0,0.0,0.0,0.0,0.0,0.0,0.0,False,False,sample_only,166400.0,1,0.59,1.0
100000002589019100,terminal,0.59,7,0.216812,"Наблюдаемый получатель: входов=1, вход=34710.00 KZT; выход=0; глубина=1; вне выборки операции неизвестны",1,False,1,0,34710.0,0.0,1,0,0.0002913295941344678,0.0,False,0.0,exact,2248,0.0,1,0,1.0,0.0,0.0,0.0,0.0,0.0,0.0,0.0,False,False,sample_only,34710.0,1,0.59,1.0
100000002591469100,terminal,0.59,1,0.366835,"Наблюдаемый получатель: входов=1, вход=235670.00 KZT; выход=0; глубина=1; вне выборки операции неизвестны",1,False,1,0,235670.0,0.0,1,0,0.000299083139623691,0.0,False,0.0,exact,2248,0.0,1,0,1.0,0.0,0.0,0.0,0.0,0.0,0.0,0.0,False,False,sample_only,235670.0,1,0.59,1.0
100000002592567100,peripheral,0.3,16,0.564783,"Роль неоднозначна: входов=1, выходов=2; оборот=53897.00 KZT; FIFO 1–7д=11%; в тот же день=?0%; правила иных ролей не выполнены",1,False,1,2,5297.0,48600.0,1,2,0.0002861388173468216,9.175004719652634,False,0.0007202476857029619,exact,2248,0.9215358931552587,3,1,1.0,0.823045267489712,0.823045267489712,5297.0,0.1089917695473251,0.0,0.0,0.8910082304526749,False,False,sample_only,53897.0,3,0.3,1.0
100000002593038100,terminal,0.59,7,0.341353,"Наблюдаемый получатель: входов=1, вход=28500.00 KZT; выход=0; глубина=2; вне выборки операции неизвестны",2,False,1,0,28500.0,0.0,1,0,0.0006586124144995191,0.0,False,0.0,exact,2248,0.0,1,0,1.0,0.0,0.0,0.0,0.0,0.0,0.0,0.0,False,False,sample_only,28500.0,1,0.59,1.0
100000002593344100,terminal,0.63,4,0.546972,"Наблюдаемый получатель: входов=2, вход=431000.00 KZT; выход=0; глубина=3; вне выборки операции неизвестны",3,False,2,0,431000.0,0.0,2,0,0.0003589615897510939,0.0,False,0.0,exact,2248,0.0,2,1,0.6728538283062645,0.0,0.0,0.0,0.0,0.0,0.0,0.0,False,False,sample_only,431000.0,2,0.63,1.0
100000002594214100,peripheral,0.2,30,0.48413,"Вход=1, 1000000.00 KZT; выход=0; глубина=4: обход обрезан, конечная роль неизвестна",4,False,1,0,1000000.0,0.0,1,0,0.00036705924336221985,0.0,True,0.0,exact,2248,0.0,1,0,1.0,0.0,0.0,0.0,0.0,0.0,0.0,0.0,False,True,depth_outflows_incomplete,1000000.0,1,0.2,1.0
100000002596035100,terminal,0.59,11,0.402591,"Наблюдаемый получатель: входов=1, вход=231570.00 KZT; выход=0; глубина=1; вне выборки операции неизвестны",1,False,1,0,231570.0,0.0,1,0,0.0003206915567832726,0.0,False,0.0,exact,2248,0.0,1,0,1.0,0.0,0.0,0.0,0.0,0.0,0.0,0.0,False,False,sample_only,231570.0,1,0.59,1.0
100000002596039100,peripheral,0.2,8,0.389065,"Вход=1, 280000.00 KZT; выход=0; глубина=4: обход обрезан, конечная роль неизвестна",4,False,1,0,280000.0,0.0,1,0,0.00030434333941669245,0.0,True,0.0,exact,2248,0.0,1,0,1.0,0.0,0.0,0.0,0.0,0.0,0.0,0.0,False,True,depth_outflows_incomplete,280000.0,1,0.2,1.0
100000002597003100,peripheral,0.55,0,0.350566,"Мало связей: входов=1, выходов=1; оборот=28700.00 KZT; FIFO 1–7д=0%; в тот же день=?0%; правила иных ролей не выполнены",1,False,1,1,17700.0,11000.0,1,1,0.00028889074210758104,0.6214689265536724,False,1.922024458454748e-05,exact,2248,0.2871452420701169,2,0,1.0,1.0,0.0,0.0,0.0,0.0,0.0,1.0,False,False,sample_only,28700.0,2,0.55,1.0
100000002597074100,peripheral,0.2,0,0.182425,"Вход=1, 8000.00 KZT; выход=0; глубина=4: обход обрезан, конечная роль неизвестна",4,False,1,0,8000.0,0.0,1,0,0.00031042832358882426,0.0,True,0.0,exact,2248,0.0,1,0,1.0,0.0,0.0,0.0,0.0,0.0,0.0,0.0,False,True,depth_outflows_incomplete,8000.0,1,0.2,1.0
100000002597623100,terminal,0.59,0,0.126593,"Наблюдаемый получатель: входов=1, вход=16418.00 KZT; выход=0; глубина=3; вне выборки операции неизвестны",3,False,1,0,16418.0,0.0,1,0,0.0002864939554363674,0.0,False,0.0,exact,2248,0.0,1,0,1.0,0.0,0.0,0.0,0.0,0.0,0.0,0.0,False,False,sample_only,16418.0,1,0.59,1.0
100000002599729100,peripheral,0.2,0,0.406786,"Вход=1, 65000.00 KZT; выход=0; глубина=4: обход обрезан, конечная роль неизвестна",4,False,1,0,65000.0,0.0,2,0,0.00048578643675265784,0.0,True,0.0,exact,2248,0.0,1,0,1.0,0.0,0.0,0.0,0.0,0.0,0.0,0.0,False,True,depth_outflows_incomplete,65000.0,2,0.2,1.0
100000002600345100,terminal,0.63,16,0.362405,"Наблюдаемый получатель: входов=2, вход=52400.00 KZT; выход=0; глубина=1; вне выборки операции неизвестны",1,False,2,0,52400.0,0.0,2,0,0.0002957205308431163,0.0,False,0.0,exact,2248,0.0,2,0,0.9045801526717557,0.0,0.0,0.0,0.0,0.0,0.0,0.0,False,False,sample_only,52400.0,2,0.63,1.0
100000002603371100,terminal,0.59,0,0.118921,"Наблюдаемый получатель: входов=1, вход=9300.00 KZT; выход=0; глубина=3; вне выборки операции неизвестны",3,False,1,0,9300.0,0.0,1,0,0.0002893766428347351,0.0,False,0.0,exact,2248,0.0,1,0,1.0,0.0,0.0,0.0,0.0,0.0,0.0,0.0,False,False,sample_only,9300.0,1,0.59,1.0
100000002603478100,terminal,0.59,7,0.172914,"Наблюдаемый получатель: входов=1, вход=23500.00 KZT; выход=0; глубина=1; вне выборки операции неизвестны",1,False,1,0,23500.0,0.0,1,0,0.0002894692379814412,0.0,False,0.0,exact,2248,0.0,1,0,1.0,0.0,0.0,0.0,0.0,0.0,0.0,0.0,False,False,sample_only,23500.0,1,0.59,1.0
100000002603769100,consolidator,0.795969,0,0.645211,Гипотеза сбора: отправителей=3; вход=1185368.00 KZT; выход/вход=0.00; крупнейший вход=64%,1,False,3,0,1185368.0,0.0,3,0,0.0005415388680707106,0.0,False,0.0,exact,2248,0.0,3,0,0.6403074825708135,0.0,0.0,0.0,0.0,0.0,0.0,0.0,False,False,sample_only,1185368.0,3,0.795969,1.0
100000002605184100,terminal,0.59,3,0.402008,"Наблюдаемый получатель: входов=1, вход=140000.00 KZT; выход=0; глубина=2; вне выборки операции неизвестны",2,False,1,0,140000.0,0.0,1,0,0.00039107352079071505,0.0,False,0.0,exact,2248,0.0,1,0,1.0,0.0,0.0,0.0,0.0,0.0,0.0,0.0,False,False,sample_only,140000.0,1,0.59,1.0
100000002605308100,consolidator,0.801623,40,0.693371,Гипотеза сбора: отправителей=3; вход=2569521.84 KZT; выход/вход=0.00; крупнейший вход=58%,2,False,3,0,2569521.84,0.0,7,0,0.0008849814697633089,0.0,False,0.0,exact,2248,0.0,3,0,0.5837661998623059,0.0,0.0,0.0,0.0,0.0,0.0,0.0,False,False,sample_only,2569521.84,7,0.801623,1.0
100000002605548100,terminal,0.63,11,0.451189,"Наблюдаемый получатель: входов=2, вход=116695.00 KZT; выход=0; глубина=1; вне выборки операции неизвестны",1,False,2,0,116695.0,0.0,2,0,0.00031432137112675444,0.0,False,0.0,exact,2248,0.0,2,1,0.8010625990830799,0.0,0.0,0.0,0.0,0.0,0.0,0.0,False,False,sample_only,116695.0,2,0.63,1.0
100000002606567100,peripheral,0.55,0,0.403235,"Мало связей: входов=1, выходов=1; оборот=67095.00 KZT; FIFO 1–7д=0%; в тот же день=?0%; правила иных ролей не выполнены",1,False,1,1,14095.0,53000.0,1,1,0.00028821425512201625,3.7601986520042567,False,1.922024458454748e-05,exact,2248,0.2871452420701169,2,0,1.0,1.0,0.0,0.0,0.0,0.0,0.0,1.0,False,False,sample_only,67095.0,2,0.55,1.0
100000002609774100,peripheral,0.55,18,0.491102,"Мало связей: входов=1, выходов=1; оборот=35200.00 KZT; FIFO 1–7д=0%; в тот же день=?0%; правила иных ролей не выполнены",1,False,1,1,7700.0,27500.0,1,1,0.00028639718322944613,3.5714285714285716,False,0.0002797007929704895,exact,2248,0.8631051752921536,2,1,1.0,1.0,0.0,0.0,0.0,0.0,0.0,1.0,False,False,sample_only,35200.0,2,0.55,1.0
100000002611334100,peripheral,0.55,0,0.470126,"Мало связей: входов=1, выходов=1; оборот=63788.00 KZT; FIFO 1–7д=0%; в тот же день=?0%; правила иных ролей не выполнены",3,False,1,1,48288.0,15500.0,1,1,0.0003053380307806398,0.3209907223326706,False,1.922024458454748e-05,exact,2248,0.2871452420701169,2,0,1.0,1.0,0.0,0.0,0.0,0.0,0.0,1.0,False,False,sample_only,63788.0,2,0.55,1.0
100000002612809100,distributor,0.642895,26,0.578005,"Гипотеза распределения: входов=1, получателей=3; выход=114000.00 KZT; крупнейший выход=78%; источник средств неизвестен",3,False,1,3,30000.0,114000.0,2,4,0.00042829267239375297,3.8,False,1.5851748110966993e-06,exact,2248,0.1293823038397329,3,0,1.0,0.7807017543859649,0.6578947368421053,30000.0,0.2631578947368421,0.0,0.0,0.7368421052631579,False,False,sample_only,144000.0,6,0.642895,1.0
100000002613776100,terminal,0.59,2,0.27906,"Наблюдаемый получатель: входов=1, вход=30000.00 KZT; выход=0; глубина=2; вне выборки операции неизвестны",2,False,1,0,30000.0,0.0,2,0,0.00030148630332664647,0.0,False,0.0,exact,2248,0.0,1,0,1.0,0.0,0.0,0.0,0.0,0.0,0.0,0.0,False,False,sample_only,30000.0,2,0.59,1.0
100000002613929100,terminal,0.59,4,0.346018,"Наблюдаемый получатель: входов=1, вход=28560.00 KZT; выход=0; глубина=3; вне выборки операции неизвестны",3,False,1,0,28560.0,0.0,1,0,0.000780934097989642,0.0,False,0.0,exact,2248,0.0,1,0,1.0,0.0,0.0,0.0,0.0,0.0,0.0,0.0,False,False,sample_only,28560.0,1,0.59,1.0
100000002614095100,terminal,0.59,22,0.084646,"Наблюдаемый получатель: входов=1, вход=5300.00 KZT; выход=0; глубина=3; вне выборки операции неизвестны",3,False,1,0,5300.0,0.0,1,0,0.00028639650644696,0.0,False,0.0,exact,2248,0.0,1,0,1.0,0.0,0.0,0.0,0.0,0.0,0.0,0.0,False,False,sample_only,5300.0,1,0.59,1.0
100000002615479100,terminal,0.59,4,0.38395,"Наблюдаемый получатель: входов=1, вход=220000.00 KZT; выход=0; глубина=1; вне выборки операции неизвестны",1,False,1,0,220000.0,0.0,1,0,0.00030919582846738493,0.0,False,0.0,exact,2248,0.0,1,0,1.0,0.0,0.0,0.0,0.0,0.0,0.0,0.0,False,False,sample_only,220000.0,1,0.59,1.0
100000002618492100,terminal,0.63,11,0.532301,"Наблюдаемый получатель: входов=2, вход=296500.00 KZT; выход=0; глубина=1; вне выборки операции неизвестны",1,False,2,0,296500.0,0.0,2,0,0.00036902681066638884,0.0,False,0.0,exact,2248,0.0,2,1,0.6003372681281619,0.0,0.0,0.0,0.0,0.0,0.0,0.0,False,False,sample_only,296500.0,2,0.63,1.0
100000002621434100,terminal,0.59,4,0.26116,"Наблюдаемый получатель: входов=1, вход=81000.00 KZT; выход=0; глубина=3; вне выборки операции неизвестны",3,False,1,0,81000.0,0.0,1,0,0.0002897423900896509,0.0,False,0.0,exact,2248,0.0,1,0,1.0,0.0,0.0,0.0,0.0,0.0,0.0,0.0,False,False,sample_only,81000.0,1,0.59,1.0
100000002621915100,terminal,0.59,16,0.238347,"Наблюдаемый получатель: входов=1, вход=5000.00 KZT; выход=0; глубина=2; вне выборки операции неизвестны",2,False,1,0,5000.0,0.0,1,0,0.000532039201173054,0.0,False,0.0,exact,2248,0.0,1,0,1.0,0.0,0.0,0.0,0.0,0.0,0.0,0.0,False,False,sample_only,5000.0,1,0.59,1.0
100000002621949100,terminal,0.59,2,0.381057,"Наблюдаемый получатель: входов=1, вход=164612.00 KZT; выход=0; глубина=1; вне выборки операции неизвестны",1,False,1,0,164612.0,0.0,1,0,0.00031853061405174546,0.0,False,0.0,exact,2248,0.0,1,0,1.0,0.0,0.0,0.0,0.0,0.0,0.0,0.0,False,False,sample_only,164612.0,1,0.59,1.0
100000002622822100,peripheral,0.2,35,0.53404,"Вход=1, 750000.00 KZT; выход=0; глубина=4: обход обрезан, конечная роль неизвестна",4,False,1,0,750000.0,0.0,1,0,0.000907686113992107,0.0,True,0.0,exact,2248,0.0,1,0,1.0,0.0,0.0,0.0,0.0,0.0,0.0,0.0,False,True,depth_outflows_incomplete,750000.0,1,0.2,1.0
100000002628146100,terminal,0.59,41,0.308715,"Наблюдаемый получатель: входов=1, вход=30500.00 KZT; выход=0; глубина=2; вне выборки операции неизвестны",2,False,1,0,30500.0,0.0,2,0,0.0003192156684704561,0.0,False,0.0,exact,2248,0.0,1,0,1.0,0.0,0.0,0.0,0.0,0.0,0.0,0.0,False,False,sample_only,30500.0,2,0.59,1.0
100000002628576100,peripheral,0.3,10,0.729461,"Роль неоднозначна: входов=2, выходов=2; оборот=1266882.00 KZT; FIFO 1–7д=17%; в тот же день=?83%; правила иных ролей не выполнены",3,False,2,2,727882.0,539000.0,3,2,0.00031139015391323896,0.7405046422359668,False,3.844048916909496e-05,exact,2248,0.5450751252086812,4,1,0.8718240044402802,0.8330241187384044,1.0,93297.0,0.17309276437847868,445703.0,0.8269072356215214,0.0,False,False,sample_only,1266882.0,5,0.3,1.0
100000002632742100,terminal,0.63,42,0.493495,"Наблюдаемый получатель: входов=2, вход=235500.00 KZT; выход=0; глубина=3; вне выборки операции неизвестны",3,False,2,0,235500.0,0.0,2,0,0.00031756431519578917,0.0,False,0.0,exact,2248,0.0,2,1,0.5753715498938429,0.0,0.0,0.0,0.0,0.0,0.0,0.0,False,False,sample_only,235500.0,2,0.63,1.0
100000002633108100,terminal,0.59,40,0.491061,"Наблюдаемый получатель: входов=1, вход=320000.00 KZT; выход=0; глубина=3; вне выборки операции неизвестны",3,False,1,0,320000.0,0.0,3,0,0.0003760178193806783,0.0,False,0.0,exact,2248,0.0,1,0,1.0,0.0,0.0,0.0,0.0,0.0,0.0,0.0,False,False,sample_only,320000.0,3,0.59,1.0
100000002633701100,terminal,0.59,4,0.396848,"Наблюдаемый получатель: входов=1, вход=266850.00 KZT; выход=0; глубина=2; вне выборки операции неизвестны",2,False,1,0,266850.0,0.0,1,0,0.00031067978540157034,0.0,False,0.0,exact,2248,0.0,1,0,1.0,0.0,0.0,0.0,0.0,0.0,0.0,0.0,False,False,sample_only,266850.0,1,0.59,1.0
100000002635746100,peripheral,0.2,18,0.098822,"Вход=1, 5300.00 KZT; выход=0; глубина=4: обход обрезан, конечная роль неизвестна",4,False,1,0,5300.0,0.0,1,0,0.0002884055871845221,0.0,True,0.0,exact,2248,0.0,1,0,1.0,0.0,0.0,0.0,0.0,0.0,0.0,0.0,False,True,depth_outflows_incomplete,5300.0,1,0.2,1.0
100000002635780100,terminal,0.59,1,0.445704,"Наблюдаемый получатель: входов=1, вход=163000.02 KZT; выход=0; глубина=2; вне выборки операции неизвестны",2,False,1,0,163000.02,0.0,1,0,0.0005553850086577912,0.0,False,0.0,exact,2248,0.0,1,0,1.0,0.0,0.0,0.0,0.0,0.0,0.0,0.0,False,False,sample_only,163000.02,1,0.59,1.0
100000002644285100,terminal,0.59,24,0.426458,"Наблюдаемый получатель: входов=1, вход=500000.00 KZT; выход=0; глубина=3; вне выборки операции неизвестны",3,False,1,0,500000.0,0.0,1,0,0.00030938521828855235,0.0,False,0.0,exact,2248,0.0,1,0,1.0,0.0,0.0,0.0,0.0,0.0,0.0,0.0,False,False,sample_only,500000.0,1,0.59,1.0
100000002645046100,peripheral,0.2,18,0.148396,"Вход=1, 12000.00 KZT; выход=0; глубина=4: обход обрезан, конечная роль неизвестна",4,False,1,0,12000.0,0.0,1,0,0.00029199108961479553,0.0,True,0.0,exact,2248,0.0,1,0,1.0,0.0,0.0,0.0,0.0,0.0,0.0,0.0,False,True,depth_outflows_incomplete,12000.0,1,0.2,1.0
100000002645609100,consolidator,0.811684,0,0.603869,Гипотеза сбора: отправителей=4; вход=546820.68 KZT; выход/вход=0.00; крупнейший вход=68%,1,False,4,0,546820.6799999999,0.0,5,0,0.00035535788312599583,0.0,False,0.0,exact,2248,0.0,4,1,0.6831617999524087,0.0,0.0,0.0,0.0,0.0,0.0,0.0,False,False,sample_only,546820.6799999999,5,0.811684,1.0
100000002645993100,distributor,0.706616,0,0.657522,"Гипотеза распределения: входов=2, получателей=5; выход=86980.00 KZT; крупнейший выход=62%; источник средств неизвестен",3,False,2,5,49650.0,86980.0,4,9,0.0002933085935851203,1.7518630412890233,False,9.38762407782187e-05,exact,2248,0.7295492487479132,7,2,0.7180261832829808,0.6225569096343987,0.10174752816739481,0.0,0.0,49650.0,0.570820878362842,0.429179121637158,False,False,sample_only,136630.0,13,0.706616,1.0
100000002646745100,terminal,0.59,22,0.116184,"Наблюдаемый получатель: входов=1, вход=12300.00 KZT; выход=0; глубина=3; вне выборки операции неизвестны",3,False,1,0,12300.0,0.0,1,0,0.00028748905090124,0.0,False,0.0,exact,2248,0.0,1,0,1.0,0.0,0.0,0.0,0.0,0.0,0.0,0.0,False,False,sample_only,12300.0,1,0.59,1.0
100000002646887100,terminal,0.59,42,0.208244,"Наблюдаемый получатель: входов=1, вход=24354.00 KZT; выход=0; глубина=3; вне выборки операции неизвестны",3,False,1,0,24354.0,0.0,1,0,0.00029518757307712165,0.0,False,0.0,exact,2248,0.0,1,0,1.0,0.0,0.0,0.0,0.0,0.0,0.0,0.0,False,False,sample_only,24354.0,1,0.59,1.0
100000002648315100,peripheral,0.3,1,0.475857,"Роль неоднозначна: входов=1, выходов=2; оборот=208000.00 KZT; FIFO 1–7д=76%; в тот же день=?0%; правила иных ролей не выполнены",1,False,1,2,132000.0,76000.0,1,3,0.0002931384697323959,0.5757575757575758,False,3.962937027741748e-07,exact,2248,0.030884808013355594,3,0,1.0,0.8421052631578947,0.7631578947368421,58000.0,0.7631578947368421,0.0,0.0,0.23684210526315788,False,False,sample_only,208000.0,4,0.3,1.0
100000002653187100,peripheral,0.2,7,0.265108,"Вход=1, 15000.00 KZT; выход=0; глубина=4: обход обрезан, конечная роль неизвестна",4,False,1,0,15000.0,0.0,1,0,0.0004732789140150342,0.0,True,0.0,exact,2248,0.0,1,0,1.0,0.0,0.0,0.0,0.0,0.0,0.0,0.0,False,True,depth_outflows_incomplete,15000.0,1,0.2,1.0
100000002653948100,terminal,0.59,10,0.253152,"Наблюдаемый получатель: входов=1, вход=85200.00 KZT; выход=0; глубина=3; вне выборки операции неизвестны",3,False,1,0,85200.0,0.0,1,0,0.0002883305558484028,0.0,False,0.0,exact,2248,0.0,1,0,1.0,0.0,0.0,0.0,0.0,0.0,0.0,0.0,False,False,sample_only,85200.0,1,0.59,1.0
100000002659103100,peripheral,0.2,49,0.400639,"Вход=1, 165000.00 KZT; выход=0; глубина=4: обход обрезан, конечная роль неизвестна",4,False,1,0,165000.0,0.0,1,0,0.00034971052425683584,0.0,True,0.0,exact,2248,0.0,1,0,1.0,0.0,0.0,0.0,0.0,0.0,0.0,0.0,False,True,depth_outflows_incomplete,165000.0,1,0.2,1.0
100000002659265100,peripheral,0.2,4,0.37242,"Вход=1, 141000.00 KZT; выход=0; глубина=4: обход обрезан, конечная роль неизвестна",4,False,1,0,141000.0,0.0,1,0,0.00031969973198944335,0.0,True,0.0,exact,2248,0.0,1,0,1.0,0.0,0.0,0.0,0.0,0.0,0.0,0.0,False,True,depth_outflows_incomplete,141000.0,1,0.2,1.0
100000002660298100,peripheral,0.2,18,0.235117,"Вход=1, 30900.00 KZT; выход=0; глубина=4: обход обрезан, конечная роль неизвестна",4,False,1,0,30900.0,0.0,1,0,0.00029713606072511497,0.0,True,0.0,exact,2248,0.0,1,0,1.0,0.0,0.0,0.0,0.0,0.0,0.0,0.0,False,True,depth_outflows_incomplete,30900.0,1,0.2,1.0
100000002662768100,terminal,0.59,2,0.321972,"Наблюдаемый получатель: входов=1, вход=84300.00 KZT; выход=0; глубина=1; вне выборки операции неизвестны",1,False,1,0,84300.0,0.0,1,0,0.00030645559550582425,0.0,False,0.0,exact,2248,0.0,1,0,1.0,0.0,0.0,0.0,0.0,0.0,0.0,0.0,False,False,sample_only,84300.0,1,0.59,1.0
100000002663511100,terminal,0.59,0,0.395547,"Наблюдаемый получатель: входов=1, вход=268940.00 KZT; выход=0; глубина=3; вне выборки операции неизвестны",3,False,1,0,268940.0,0.0,1,0,0.00030941949939910536,0.0,False,0.0,exact,2248,0.0,1,0,1.0,0.0,0.0,0.0,0.0,0.0,0.0,0.0,False,False,sample_only,268940.0,1,0.59,1.0
100000002666248100,terminal,0.59,2,0.29797,"Наблюдаемый получатель: входов=1, вход=70032.00 KZT; выход=0; глубина=1; вне выборки операции неизвестны",1,False,1,0,70032.0,0.0,1,0,0.0002995922521465216,0.0,False,0.0,exact,2248,0.0,1,0,1.0,0.0,0.0,0.0,0.0,0.0,0.0,0.0,False,False,sample_only,70032.0,1,0.59,1.0
100000002670463100,peripheral,0.2,18,0.251178,"Вход=1, 31500.00 KZT; выход=0; глубина=4: обход обрезан, конечная роль неизвестна",4,False,1,0,31500.0,0.0,1,0,0.0003024265071357405,0.0,True,0.0,exact,2248,0.0,1,0,1.0,0.0,0.0,0.0,0.0,0.0,0.0,0.0,False,True,depth_outflows_incomplete,31500.0,1,0.2,1.0
100000002670860100,terminal,0.63,24,0.513122,"Наблюдаемый получатель: входов=2, вход=450000.00 KZT; выход=0; глубина=1; вне выборки операции неизвестны",1,False,2,0,450000.0,0.0,2,0,0.0003089457040030808,0.0,False,0.0,exact,2248,0.0,2,1,0.5555555555555556,0.0,0.0,0.0,0.0,0.0,0.0,0.0,False,False,sample_only,450000.0,2,0.63,1.0
100000002670960100,terminal,0.59,24,0.422151,"Наблюдаемый получатель: входов=1, вход=480310.00 KZT; выход=0; глубина=3; вне выборки операции неизвестны",3,False,1,0,480310.0,0.0,1,0,0.000308447347198626,0.0,False,0.0,exact,2248,0.0,1,0,1.0,0.0,0.0,0.0,0.0,0.0,0.0,0.0,False,False,sample_only,480310.0,1,0.59,1.0
100000002671326100,peripheral,0.2,42,0.566812,"Вход=1, 1050000.00 KZT; выход=0; глубина=4: обход обрезан, конечная роль неизвестна",4,False,1,0,1050000.0,0.0,2,0,0.0006294451129335774,0.0,True,0.0,exact,2248,0.0,1,0,1.0,0.0,0.0,0.0,0.0,0.0,0.0,0.0,False,True,depth_outflows_incomplete,1050000.0,2,0.2,1.0
100000002671806100,terminal,0.59,7,0.117844,"Наблюдаемый получатель: входов=1, вход=12440.00 KZT; выход=0; глубина=1; вне выборки операции неизвестны",1,False,1,0,12440.0,0.0,1,0,0.00028763377508648363,0.0,False,0.0,exact,2248,0.0,1,0,1.0,0.0,0.0,0.0,0.0,0.0,0.0,0.0,False,False,sample_only,12440.0,1,0.59,1.0
100000002677201100,peripheral,0.55,42,0.59492,"Мало связей: входов=1, выходов=1; оборот=237750.00 KZT; FIFO 1–7д=0%; в тот же день=?0%; правила иных ролей не выполнены",3,False,1,1,150000.0,87750.0,1,1,0.00030890584852738594,0.585,False,2.139985994980544e-05,exact,2248,0.4532554257095159,2,0,1.0,1.0,0.0,0.0,0.0,0.0,0.0,1.0,False,False,sample_only,237750.0,2,0.55,1.0
100000002679516100,consolidator,0.824333,7,0.48478,Гипотеза сбора: отправителей=3; вход=102335.00 KZT; выход/вход=0.00; крупнейший вход=36%,1,False,3,0,102335.0,0.0,3,0,0.00032682549707084964,0.0,False,0.0,exact,2248,0.0,3,1,0.35667171544437387,0.0,0.0,0.0,0.0,0.0,0.0,0.0,False,False,sample_only,102335.0,3,0.824333,1.0
100000002680477100,terminal,0.59,24,0.208311,"Наблюдаемый получатель: входов=1, вход=25000.00 KZT; выход=0; глубина=2; вне выборки операции неизвестны",2,False,1,0,25000.0,0.0,1,0,0.00029455855419957777,0.0,False,0.0,exact,2248,0.0,1,0,1.0,0.0,0.0,0.0,0.0,0.0,0.0,0.0,False,False,sample_only,25000.0,1,0.59,1.0
100000002681449100,peripheral,0.3,42,0.543106,"Роль неоднозначна: входов=2, выходов=2; оборот=227638.00 KZT; FIFO 1–7д=0%; в тот же день=?9%; правила иных ролей не выполнены",1,False,2,2,94638.0,133000.0,2,2,0.0002951397503203067,1.4053551427544961,False,1.764761873544182e-05,exact,2248,0.21535893155258765,4,1,0.8742576977535451,0.9022556390977443,0.0,0.0,0.0,11900.0,0.08947368421052632,0.9105263157894737,False,False,sample_only,227638.0,4,0.3,1.0
100000002681544100,terminal,0.63,1,0.487663,"Наблюдаемый получатель: входов=2, вход=166072.00 KZT; выход=0; глубина=3; вне выборки операции неизвестны",3,False,2,0,166072.0,0.0,2,0,0.00033571724351569673,0.0,False,0.0,exact,2248,0.0,2,1,0.7886037381376753,0.0,0.0,0.0,0.0,0.0,0.0,0.0,False,False,sample_only,166072.0,2,0.63,1.0
100000002686226100,peripheral,0.2,28,0.539177,"Вход=1, 430000.00 KZT; выход=0; глубина=4: обход обрезан, конечная роль неизвестна",4,False,1,0,430000.0,0.0,2,0,0.0006546162523072485,0.0,True,0.0,exact,2248,0.0,1,0,1.0,0.0,0.0,0.0,0.0,0.0,0.0,0.0,False,True,depth_outflows_incomplete,430000.0,2,0.2,1.0
100000002689717100,peripheral,0.2,18,0.280563,"Вход=1, 47500.00 KZT; выход=0; глубина=4: обход обрезан, конечная роль неизвестна",4,False,1,0,47500.0,0.0,1,0,0.0003033499223442049,0.0,True,0.0,exact,2248,0.0,1,0,1.0,0.0,0.0,0.0,0.0,0.0,0.0,0.0,False,True,depth_outflows_incomplete,47500.0,1,0.2,1.0
100000002691583100,terminal,0.59,14,0.432425,"Наблюдаемый получатель: входов=1, вход=285200.00 KZT; выход=0; глубина=3; вне выборки операции неизвестны",3,False,1,0,285200.0,0.0,1,0,0.0003570895620191624,0.0,False,0.0,exact,2248,0.0,1,0,1.0,0.0,0.0,0.0,0.0,0.0,0.0,0.0,False,False,sample_only,285200.0,1,0.59,1.0
100000002691858100,terminal,0.59,41,0.327288,"Наблюдаемый получатель: входов=1, вход=51500.00 KZT; выход=0; глубина=2; вне выборки операции неизвестны",2,False,1,0,51500.0,0.0,1,0,0.000342382024513619,0.0,False,0.0,exact,2248,0.0,1,0,1.0,0.0,0.0,0.0,0.0,0.0,0.0,0.0,False,False,sample_only,51500.0,1,0.59,1.0
100000002692044100,terminal,0.59,7,0.324596,"Наблюдаемый получатель: входов=1, вход=97000.00 KZT; выход=0; глубина=1; вне выборки операции неизвестны",1,False,1,0,97000.0,0.0,1,0,0.000301666934435273,0.0,False,0.0,exact,2248,0.0,1,0,1.0,0.0,0.0,0.0,0.0,0.0,0.0,0.0,False,False,sample_only,97000.0,1,0.59,1.0
100000002692750100,peripheral,0.3,1,0.723427,"Роль неоднозначна: входов=3, выходов=1; оборот=189830.00 KZT; FIFO 1–7д=29%; в тот же день=?6%; правила иных ролей не выполнены",2,False,3,1,112830.0,77000.0,3,8,0.0020142415855483,0.682442612780289,False,1.981468513870874e-05,exact,2248,0.4073455759599332,3,0,0.8227421784986263,1.0,0.35064935064935066,22000.0,0.2857142857142857,5000.0,0.06493506493506493,0.6493506493506493,False,False,sample_only,189830.0,11,0.3,1.0
100000002695812100,peripheral,0.2,18,0.352681,"Вход=1, 95000.00 KZT; выход=0; глубина=4: обход обрезан, конечная роль неизвестна",4,False,1,0,95000.0,0.0,1,0,0.00032113055047111887,0.0,True,0.0,exact,2248,0.0,1,0,1.0,0.0,0.0,0.0,0.0,0.0,0.0,0.0,False,True,depth_outflows_incomplete,95000.0,1,0.2,1.0
100000002696152100,peripheral,0.55,11,0.670739,"Мало связей: входов=1, выходов=2; оборот=90800.00 KZT; FIFO 1–7д=19%; в тот же день=?0%; правила иных ролей не выполнены",3,False,1,2,21800.0,69000.0,3,8,0.0012050605596790834,3.165137614678899,False,2.139985994980544e-05,exact,2248,0.4532554257095159,2,0,1.0,0.7391304347826086,0.21739130434782608,12800.0,0.1855072463768116,0.0,0.0,0.8144927536231884,False,False,sample_only,90800.0,11,0.55,1.0
100000002697752100,terminal,0.63,8,0.491117,"Наблюдаемый получатель: входов=2, вход=190785.00 KZT; выход=0; глубина=3; вне выборки операции неизвестны",3,False,2,0,190785.0,0.0,2,0,0.00032958004304152585,0.0,False,0.0,exact,2248,0.0,2,1,0.5258275021621197,0.0,0.0,0.0,0.0,0.0,0.0,0.0,False,False,sample_only,190785.0,2,0.63,1.0
100000002700161100,peripheral,0.2,45,0.371231,"Вход=1, 39000.00 KZT; выход=0; глубина=4: обход обрезан, конечная роль неизвестна",4,False,1,0,39000.0,0.0,1,0,0.0009026643078152162,0.0,True,0.0,exact,2248,0.0,1,0,1.0,0.0,0.0,0.0,0.0,0.0,0.0,0.0,False,True,depth_outflows_incomplete,39000.0,1,0.2,1.0
100000002702968100,peripheral,0.2,18,0.237808,"Вход=1, 31600.00 KZT; выход=0; глубина=4: обход обрезан, конечная роль неизвестна",4,False,1,0,31600.0,0.0,1,0,0.00029739809103435365,0.0,True,0.0,exact,2248,0.0,1,0,1.0,0.0,0.0,0.0,0.0,0.0,0.0,0.0,False,True,depth_outflows_incomplete,31600.0,1,0.2,1.0
100000002703376100,terminal,0.59,0,0.243192,"Наблюдаемый получатель: входов=1, вход=46501.00 KZT; выход=0; глубина=2; вне выборки операции неизвестны",2,False,1,0,46501.0,0.0,1,0,0.00029280302788279564,0.0,False,0.0,exact,2248,0.0,1,0,1.0,0.0,0.0,0.0,0.0,0.0,0.0,0.0,False,False,sample_only,46501.0,1,0.59,1.0
100000002704875100,consolidator,0.813989,8,0.528387,Гипотеза сбора: отправителей=3; вход=244891.00 KZT; выход/вход=0.00; крупнейший вход=46%,1,False,3,0,244891.0,0.0,4,0,0.00031507379549976304,0.0,False,0.0,exact,2248,0.0,3,2,0.46010674136656715,0.0,0.0,0.0,0.0,0.0,0.0,0.0,False,False,sample_only,244891.0,4,0.813989,1.0
100000002705460100,terminal,0.59,16,0.41504,"Наблюдаемый получатель: входов=1, вход=95000.00 KZT; выход=0; глубина=3; вне выборки операции неизвестны",3,False,1,0,95000.0,0.0,1,0,0.000557727242255144,0.0,False,0.0,exact,2248,0.0,1,0,1.0,0.0,0.0,0.0,0.0,0.0,0.0,0.0,False,False,sample_only,95000.0,1,0.59,1.0
100000002706810100,peripheral,0.2,18,0.284892,"Вход=1, 45000.00 KZT; выход=0; глубина=4: обход обрезан, конечная роль неизвестна",4,False,1,0,45000.0,0.0,1,0,0.0003096510269579332,0.0,True,0.0,exact,2248,0.0,1,0,1.0,0.0,0.0,0.0,0.0,0.0,0.0,0.0,False,True,depth_outflows_incomplete,45000.0,1,0.2,1.0
100000002707106100,peripheral,0.2,40,0.154139,"Вход=1, 15000.00 KZT; выход=0; глубина=4: обход обрезан, конечная роль неизвестна",4,False,1,0,15000.0,0.0,2,0,0.00028660633942148524,0.0,True,0.0,exact,2248,0.0,1,0,1.0,0.0,0.0,0.0,0.0,0.0,0.0,0.0,False,True,depth_outflows_incomplete,15000.0,2,0.2,1.0
100000002708624100,terminal,0.59,13,0.264569,"Наблюдаемый получатель: входов=1, вход=25000.00 KZT; выход=0; глубина=3; вне выборки операции неизвестны",3,False,1,0,25000.0,0.0,1,0,0.000328736126653088,0.0,False,0.0,exact,2248,0.0,1,0,1.0,0.0,0.0,0.0,0.0,0.0,0.0,0.0,False,False,sample_only,25000.0,1,0.59,1.0
100000002710570100,terminal,0.59,36,0.457862,"Наблюдаемый получатель: входов=1, вход=225015.00 KZT; выход=0; глубина=2; вне выборки операции неизвестны",2,False,1,0,225015.0,0.0,1,0,0.0005391306175502206,0.0,False,0.0,exact,2248,0.0,1,0,1.0,0.0,0.0,0.0,0.0,0.0,0.0,0.0,False,False,sample_only,225015.0,1,0.59,1.0
100000002712416100,terminal,0.63,24,0.432391,"Наблюдаемый получатель: входов=2, вход=116800.00 KZT; выход=0; глубина=3; вне выборки операции неизвестны",3,False,2,0,116800.0,0.0,2,0,0.0003026575194807802,0.0,False,0.0,exact,2248,0.0,2,1,0.8690068493150684,0.0,0.0,0.0,0.0,0.0,0.0,0.0,False,False,sample_only,116800.0,2,0.63,1.0
100000002713074100,peripheral,0.3,28,0.701654,"Роль неоднозначна: входов=2, выходов=1; оборот=1130000.00 KZT; FIFO 1–7д=0%; в тот же день=?0%; правила иных ролей не выполнены",3,False,2,1,700000.0,430000.0,2,2,0.00043360981661775996,0.6142857142857143,False,1.922024458454748e-05,exact,2248,0.2871452420701169,3,0,0.6428571428571429,1.0,0.0,0.0,0.0,0.0,0.0,1.0,False,False,sample_only,1130000.0,4,0.3,1.0
100000002713974100,peripheral,0.2,8,0.316095,"Вход=1, 50000.00 KZT; выход=0; глубина=4: обход обрезан, конечная роль неизвестна",4,False,1,0,50000.0,0.0,1,0,0.0003299501883700874,0.0,True,0.0,exact,2248,0.0,1,0,1.0,0.0,0.0,0.0,0.0,0.0,0.0,0.0,False,True,depth_outflows_incomplete,50000.0,1,0.2,1.0
100000002718366100,consolidator,0.88202,4,0.705294,Гипотеза сбора: отправителей=6; вход=2525000.00 KZT; выход/вход=0.00; крупнейший вход=38%,2,False,6,0,2525000.0,0.0,10,0,0.0006811994866182293,0.0,False,0.0,exact,2248,0.0,6,2,0.3798019801980198,0.0,0.0,0.0,0.0,0.0,0.0,0.0,False,False,sample_only,2525000.0,10,0.88202,1.0
100000002720627100,terminal,0.59,11,0.388459,"Наблюдаемый получатель: входов=1, вход=199300.00 KZT; выход=0; глубина=1; вне выборки операции неизвестны",1,False,1,0,199300.0,0.0,1,0,0.00031579716021634154,0.0,False,0.0,exact,2248,0.0,1,0,1.0,0.0,0.0,0.0,0.0,0.0,0.0,0.0,False,False,sample_only,199300.0,1,0.59,1.0
100000002721825100,terminal,0.59,0,0.262618,"Наблюдаемый получатель: входов=1, вход=11000.00 KZT; выход=0; глубина=2; вне выборки операции неизвестны",2,False,1,0,11000.0,0.0,1,0,0.0005314143750831585,0.0,False,0.0,exact,2248,0.0,1,0,1.0,0.0,0.0,0.0,0.0,0.0,0.0,0.0,False,False,sample_only,11000.0,1,0.59,1.0
100000002722108100,terminal,0.59,24,0.491667,"Наблюдаемый получатель: входов=1, вход=800000.00 KZT; выход=0; глубина=3; вне выборки операции неизвестны",3,False,1,0,800000.0,0.0,2,0,0.00032367477273130915,0.0,False,0.0,exact,2248,0.0,1,0,1.0,0.0,0.0,0.0,0.0,0.0,0.0,0.0,False,False,sample_only,800000.0,2,0.59,1.0
100000002723439100,peripheral,0.2,11,0.332201,"Вход=1, 18000.00 KZT; выход=0; глубина=4: обход обрезан, конечная роль неизвестна",4,False,1,0,18000.0,0.0,2,0,0.0005526233540248644,0.0,True,0.0,exact,2248,0.0,1,0,1.0,0.0,0.0,0.0,0.0,0.0,0.0,0.0,False,True,depth_outflows_incomplete,18000.0,2,0.2,1.0
100000002723538100,distributor,0.875353,8,0.833376,"Гипотеза распределения: входов=3, получателей=12; выход=560499.00 KZT; крупнейший выход=16%; источник средств неизвестен",2,False,3,12,105647.0,560499.0,3,14,0.0003203131606128599,5.305394379395534,False,0.0002908863985638696,exact,2248,0.8647746243739566,14,6,0.6687080560735279,0.1643160826335105,0.5486165006538817,0.0,0.0,105647.0,0.18848740140481962,0.8115125985951803,False,False,sample_only,666146.0,17,0.875353,1.0
100000002723674100,peripheral,0.2,32,0.277961,"Вход=1, 30000.00 KZT; выход=0; глубина=4: обход обрезан, конечная роль неизвестна",4,False,1,0,30000.0,0.0,1,0,0.00032717446121334877,0.0,True,0.0,exact,2248,0.0,1,0,1.0,0.0,0.0,0.0,0.0,0.0,0.0,0.0,False,True,depth_outflows_incomplete,30000.0,1,0.2,1.0
100000002726055100,peripheral,0.2,32,0.216229,"Вход=1, 10000.00 KZT; выход=0; глубина=4: обход обрезан, конечная роль неизвестна",4,False,1,0,10000.0,0.0,1,0,0.00034001485733930624,0.0,True,0.0,exact,2248,0.0,1,0,1.0,0.0,0.0,0.0,0.0,0.0,0.0,0.0,False,True,depth_outflows_incomplete,10000.0,1,0.2,1.0
100000002727288100,terminal,0.59,3,0.250886,"Наблюдаемый получатель: входов=1, вход=16000.00 KZT; выход=0; глубина=3; вне выборки операции неизвестны",3,False,1,0,16000.0,0.0,1,0,0.00036616923373624543,0.0,False,0.0,exact,2248,0.0,1,0,1.0,0.0,0.0,0.0,0.0,0.0,0.0,0.0,False,False,sample_only,16000.0,1,0.59,1.0
100000002728246100,peripheral,0.2,10,0.261092,"Вход=1, 10000.00 KZT; выход=0; глубина=4: обход обрезан, конечная роль неизвестна",4,False,1,0,10000.0,0.0,1,0,0.0005386393313923881,0.0,True,0.0,exact,2248,0.0,1,0,1.0,0.0,0.0,0.0,0.0,0.0,0.0,0.0,False,True,depth_outflows_incomplete,10000.0,1,0.2,1.0
100000002729875100,peripheral,0.2,18,0.327939,"Вход=1, 76000.00 KZT; выход=0; глубина=4: обход обрезан, конечная роль неизвестна",4,False,1,0,76000.0,0.0,1,0,0.0003140182992203533,0.0,True,0.0,exact,2248,0.0,1,0,1.0,0.0,0.0,0.0,0.0,0.0,0.0,0.0,False,True,depth_outflows_incomplete,76000.0,1,0.2,1.0
100000002731501100,peripheral,0.3,34,0.724726,"Роль неоднозначна: входов=3, выходов=7; оборот=1404330.00 KZT; FIFO 1–7д=23%; в тот же день=?6%; правила иных ролей не выполнены",1,False,3,7,570370.0,833960.0,7,20,0.0004855839777590129,1.4621386117783193,False,4.4583041562094666e-06,exact,2248,0.18530884808013356,8,0,0.9649350421656118,0.3597294834284618,0.3417430092570387,190370.0,0.2282723392009209,50000.0,0.05995491390474363,0.7117727468943355,False,False,sample_only,1404330.0,27,0.3,1.0
100000002733083100,peripheral,0.2,18,0.157167,"Вход=1, 15200.00 KZT; выход=0; глубина=4: обход обрезан, конечная роль неизвестна",4,False,1,0,15200.0,0.0,1,0,0.00029125909521790337,0.0,True,0.0,exact,2248,0.0,1,0,1.0,0.0,0.0,0.0,0.0,0.0,0.0,0.0,False,True,depth_outflows_incomplete,15200.0,1,0.2,1.0
100000002733905100,peripheral,0.3,22,0.720085,"Роль неоднозначна: входов=3, выходов=2; оборот=817839.00 KZT; FIFO 1–7д=2%; в тот же день=?8%; правила иных ролей не выполнены",2,False,3,2,100000.0,717839.0,5,3,0.0029169603294352297,7.17839,False,1.7833216624837866e-06,exact,2248,0.14023372287145242,3,0,0.45,0.6726285420546947,0.3273714579453053,15000.0,0.020896050507147147,60000.0,0.08358420202858859,0.8955197474642643,False,False,sample_only,817839.0,8,0.3,1.0
100000002734815100,peripheral,0.2,4,0.350191,"Вход=1, 110000.00 KZT; выход=0; глубина=4: обход обрезан, конечная роль неизвестна",4,False,1,0,110000.0,0.0,1,0,0.00031219587687641694,0.0,True,0.0,exact,2248,0.0,1,0,1.0,0.0,0.0,0.0,0.0,0.0,0.0,0.0,False,True,depth_outflows_incomplete,110000.0,1,0.2,1.0
100000002736033100,peripheral,0.55,28,0.41804,"Мало связей: входов=1, выходов=1; оборот=45530.00 KZT; FIFO 1–7д=0%; в тот же день=?0%; правила иных ролей не выполнены",3,False,1,1,34530.0,11000.0,1,1,0.0002951801714040789,0.3185635679119606,False,1.922024458454748e-05,exact,2248,0.2871452420701169,2,0,1.0,1.0,0.0,0.0,0.0,0.0,0.0,1.0,False,False,sample_only,45530.0,2,0.55,1.0
100000002736316100,consolidator,0.788934,0,0.560195,Гипотеза сбора: отправителей=3; вход=266921.00 KZT; выход/вход=0.00; крупнейший вход=71%,3,False,3,0,266921.0,0.0,3,0,0.00038382327241415735,0.0,False,0.0,exact,2248,0.0,3,2,0.7106597083032058,0.0,0.0,0.0,0.0,0.0,0.0,0.0,False,False,sample_only,266921.0,3,0.788934,1.0
100000002737980100,terminal,0.59,16,0.232829,"Наблюдаемый получатель: входов=1, вход=32900.00 KZT; выход=0; глубина=3; вне выборки операции неизвестны",3,False,1,0,32900.0,0.0,1,0,0.00029542388166028027,0.0,False,0.0,exact,2248,0.0,1,0,1.0,0.0,0.0,0.0,0.0,0.0,0.0,0.0,False,False,sample_only,32900.0,1,0.59,1.0
100000002738256100,transit,0.836229,55,0.501402,"Гипотеза транзита: вход=150200.00, выход=175000.00 KZT; FIFO 1–7д=86%; в тот же день=?0%; те же деньги не установлены",2,False,1,1,150200.0,175000.0,1,1,0.0005073102992973039,1.1651131824234353,False,0.0,exact,2248,0.0,1,0,1.0,1.0,1.0,150200.0,0.8582857142857143,0.0,0.0,0.1417142857142857,False,False,sample_only,325200.0,2,0.836229,1.0
100000002741024100,peripheral,0.3,0,0.911695,"Роль неоднозначна: входов=5, выходов=6; оборот=1252969.85 KZT; FIFO 1–7д=68%; в тот же день=?0%; правила иных ролей не выполнены",2,False,5,6,817980.85,434989.0,9,7,0.0028551865328902168,0.5317838431058625,False,0.00011868996398086536,exact,2248,0.7696160267111853,8,1,0.9354803355115221,0.8276071348930663,0.9822984029481205,294494.0,0.6770148210644407,0.0,0.0,0.3229851789355593,False,False,sample_only,1252969.85,16,0.3,1.0
100000002742067100,terminal,0.59,3,0.1357,"Наблюдаемый получатель: входов=1, вход=12730.00 KZT; выход=0; глубина=2; вне выборки операции неизвестны",2,False,1,0,12730.0,0.0,1,0,0.0002896192281984583,0.0,False,0.0,exact,2248,0.0,1,0,1.0,0.0,0.0,0.0,0.0,0.0,0.0,0.0,False,False,sample_only,12730.0,1,0.59,1.0
100000002744581100,terminal,0.59,1,0.215242,"Наблюдаемый получатель: входов=1, вход=12000.00 KZT; выход=0; глубина=2; вне выборки операции неизвестны",2,False,1,0,12000.0,0.0,1,0,0.00032495771137883774,0.0,False,0.0,exact,2248,0.0,1,0,1.0,0.0,0.0,0.0,0.0,0.0,0.0,0.0,False,False,sample_only,12000.0,1,0.59,1.0
100000002748040100,peripheral,0.2,18,0.174439,"Вход=1, 18000.00 KZT; выход=0; глубина=4: обход обрезан, конечная роль неизвестна",4,False,1,0,18000.0,0.0,1,0,0.0002923072164548583,0.0,True,0.0,exact,2248,0.0,1,0,1.0,0.0,0.0,0.0,0.0,0.0,0.0,0.0,False,True,depth_outflows_incomplete,18000.0,1,0.2,1.0
100000002748180100,distributor,0.820279,24,0.563886,"Гипотеза распределения: входов=1, получателей=8; выход=679743.00 KZT; крупнейший выход=26%; источник средств неизвестен",1,False,1,8,9900.0,679743.0,1,9,0.0002872122492498478,68.66090909090909,False,8.52031460964476e-06,exact,2248,0.20534223706176963,9,3,1.0,0.26480596343029644,0.05076624547807039,0.0,0.0,9900.0,0.014564327988666305,0.9854356720113336,False,False,sample_only,689643.0,10,0.820279,1.0
100000002748511100,peripheral,0.2,16,0.306987,"Вход=1, 20000.00 KZT; выход=0; глубина=4: обход обрезан, конечная роль неизвестна",4,False,1,0,20000.0,0.0,1,0,0.0005674892808776474,0.0,True,0.0,exact,2248,0.0,1,0,1.0,0.0,0.0,0.0,0.0,0.0,0.0,0.0,False,True,depth_outflows_incomplete,20000.0,1,0.2,1.0
100000002748532100,peripheral,0.3,35,0.755932,"Роль неоднозначна: входов=3, выходов=2; оборот=1002260.00 KZT; FIFO 1–7д=28%; в тот же день=?0%; правила иных ролей не выполнены",2,False,3,2,355575.0,646685.0,3,7,0.0003391055199443405,1.8187021022287844,False,3.110905566777272e-05,exact,2248,0.5191986644407346,5,2,0.4910356464880827,0.9879694132382845,0.9879694132382845,180975.0,0.2798503135220393,0.0,0.0,0.7201496864779606,False,False,sample_only,1002260.0,10,0.3,1.0
100000002748581100,terminal,0.59,40,0.253062,"Наблюдаемый получатель: входов=1, вход=41180.00 KZT; выход=0; глубина=3; вне выборки операции неизвестны",3,False,1,0,41180.0,0.0,1,0,0.0002972088887992543,0.0,False,0.0,exact,2248,0.0,1,0,1.0,0.0,0.0,0.0,0.0,0.0,0.0,0.0,False,False,sample_only,41180.0,1,0.59,1.0
100000002748761100,terminal,0.59,24,0.503219,"Наблюдаемый получатель: входов=1, вход=796800.00 KZT; выход=0; глубина=3; вне выборки операции неизвестны",3,False,1,0,796800.0,0.0,3,0,0.0003235223508172531,0.0,False,0.0,exact,2248,0.0,1,0,1.0,0.0,0.0,0.0,0.0,0.0,0.0,0.0,False,False,sample_only,796800.0,3,0.59,1.0
100000002750332100,terminal,0.59,4,0.109365,"Наблюдаемый получатель: входов=1, вход=11360.00 KZT; выход=0; глубина=1; вне выборки операции неизвестны",1,False,1,0,11360.0,0.0,1,0,0.00028678928253129574,0.0,False,0.0,exact,2248,0.0,1,0,1.0,0.0,0.0,0.0,0.0,0.0,0.0,0.0,False,False,sample_only,11360.0,1,0.59,1.0
100000002750956100,terminal,0.59,0,0.2536,"Наблюдаемый получатель: входов=1, вход=47416.00 KZT; выход=0; глубина=1; вне выборки операции неизвестны",1,False,1,0,47416.0,0.0,1,0,0.00029446702151480483,0.0,False,0.0,exact,2248,0.0,1,0,1.0,0.0,0.0,0.0,0.0,0.0,0.0,0.0,False,False,sample_only,47416.0,1,0.59,1.0
100000002752565100,peripheral,0.2,8,0.331752,"Вход=1, 57000.00 KZT; выход=0; глубина=4: обход обрезан, конечная роль неизвестна",4,False,1,0,57000.0,0.0,1,0,0.00033823599365261585,0.0,True,0.0,exact,2248,0.0,1,0,1.0,0.0,0.0,0.0,0.0,0.0,0.0,0.0,False,True,depth_outflows_incomplete,57000.0,1,0.2,1.0
100000002753146100,terminal,0.59,24,0.503982,"Наблюдаемый получатель: входов=1, вход=803540.00 KZT; выход=0; глубина=3; вне выборки операции неизвестны",3,False,1,0,803540.0,0.0,3,0,0.00032384338947373374,0.0,False,0.0,exact,2248,0.0,1,0,1.0,0.0,0.0,0.0,0.0,0.0,0.0,0.0,False,False,sample_only,803540.0,3,0.59,1.0
100000002755292100,terminal,0.59,10,0.334847,"Наблюдаемый получатель: входов=1, вход=203400.00 KZT; выход=0; глубина=3; вне выборки операции неизвестны",3,False,1,0,203400.0,0.0,1,0,0.0002921613202239594,0.0,False,0.0,exact,2248,0.0,1,0,1.0,0.0,0.0,0.0,0.0,0.0,0.0,0.0,False,False,sample_only,203400.0,1,0.59,1.0
100000002757240100,terminal,0.59,2,0.309096,"Наблюдаемый получатель: входов=1, вход=51183.00 KZT; выход=0; глубина=2; вне выборки операции неизвестны",2,False,1,0,51183.0,0.0,1,0,0.00031684650947480416,0.0,False,0.0,exact,2248,0.0,1,0,1.0,0.0,0.0,0.0,0.0,0.0,0.0,0.0,False,False,sample_only,51183.0,1,0.59,1.0
100000002757791100,terminal,0.59,46,0.320783,"Наблюдаемый получатель: входов=1, вход=73050.00 KZT; выход=0; глубина=3; вне выборки операции неизвестны",3,False,1,0,73050.0,0.0,1,0,0.0003110385580772536,0.0,False,0.0,exact,2248,0.0,1,0,1.0,0.0,0.0,0.0,0.0,0.0,0.0,0.0,False,False,sample_only,73050.0,1,0.59,1.0
100000002757797100,terminal,0.59,7,0.328185,"Наблюдаемый получатель: входов=1, вход=100000.00 KZT; выход=0; глубина=1; вне выборки операции неизвестны",1,False,1,0,100000.0,0.0,1,0,0.00030216479959665387,0.0,False,0.0,exact,2248,0.0,1,0,1.0,0.0,0.0,0.0,0.0,0.0,0.0,0.0,False,False,sample_only,100000.0,1,0.59,1.0
100000002760175100,terminal,0.59,11,0.382133,"Наблюдаемый получатель: входов=1, вход=187410.00 KZT; выход=0; глубина=1; вне выборки операции неизвестны",1,False,1,0,187410.0,0.0,1,0,0.00031399380182834,0.0,False,0.0,exact,2248,0.0,1,0,1.0,0.0,0.0,0.0,0.0,0.0,0.0,0.0,False,False,sample_only,187410.0,1,0.59,1.0
100000002762076100,peripheral,0.3,1,0.480388,"Роль неоднозначна: входов=2, выходов=1; оборот=170350.00 KZT; FIFO 1–7д=0%; в тот же день=?0%; правила иных ролей не выполнены",1,False,2,1,140350.0,30000.0,2,1,0.00029914566971164536,0.21375133594584966,False,3.962937027741748e-07,exact,2248,0.030884808013355594,3,1,0.6373352333452084,1.0,0.0,0.0,0.0,0.0,0.0,1.0,False,False,sample_only,170350.0,3,0.3,1.0
100000002769809100,terminal,0.59,43,0.390253,"Наблюдаемый получатель: входов=1, вход=113422.00 KZT; выход=0; глубина=3; вне выборки операции неизвестны",3,False,1,0,113422.0,0.0,1,0,0.00037774425946329753,0.0,False,0.0,exact,2248,0.0,1,0,1.0,0.0,0.0,0.0,0.0,0.0,0.0,0.0,False,False,sample_only,113422.0,1,0.59,1.0
100000002773323100,peripheral,0.3,42,0.713078,"Роль неоднозначна: входов=2, выходов=1; оборот=1456644.00 KZT; FIFO 1–7д=0%; в тот же день=?0%; правила иных ролей не выполнены",3,False,2,1,285000.0,1171644.0,2,2,0.0003254977886002255,4.111031578947369,False,2.139985994980544e-05,exact,2248,0.4532554257095159,3,0,0.6842105263157895,1.0,0.0,0.0,0.0,0.0,0.0,1.0,False,False,sample_only,1456644.0,4,0.3,1.0
100000002774456100,terminal,0.59,11,0.25535,"Наблюдаемый получатель: входов=1, вход=50363.00 KZT; выход=0; глубина=1; вне выборки операции неизвестны",1,False,1,0,50363.0,0.0,1,0,0.00029320785927153167,0.0,False,0.0,exact,2248,0.0,1,0,1.0,0.0,0.0,0.0,0.0,0.0,0.0,0.0,False,False,sample_only,50363.0,1,0.59,1.0
100000002778085100,terminal,0.59,16,0.269796,"Наблюдаемый получатель: входов=1, вход=66208.00 KZT; выход=0; глубина=1; вне выборки операции неизвестны",1,False,1,0,66208.0,0.0,1,0,0.0002926878495051835,0.0,False,0.0,exact,2248,0.0,1,0,1.0,0.0,0.0,0.0,0.0,0.0,0.0,0.0,False,False,sample_only,66208.0,1,0.59,1.0
100000002779485100,terminal,0.59,8,0.442721,"Наблюдаемый получатель: входов=1, вход=91000.00 KZT; выход=0; глубина=2; вне выборки операции неизвестны",2,False,1,0,91000.0,0.0,2,0,0.0005469132844919467,0.0,False,0.0,exact,2248,0.0,1,0,1.0,0.0,0.0,0.0,0.0,0.0,0.0,0.0,False,False,sample_only,91000.0,2,0.59,1.0
100000002781227100,peripheral,0.3,56,0.87095,"Роль неоднозначна: входов=2, выходов=3; оборот=403587.62 KZT; FIFO 1–7д=42%; в тот же день=?3%; правила иных ролей не выполнены",1,False,2,3,191167.62,212420.0,8,10,0.0023265921896669568,1.1111714421092862,False,0.00013295653728073565,exact,2248,0.7863105175292153,4,2,0.758496653355835,0.936823274644572,1.0,89167.62,0.4197703606063459,7000.0,0.03295358252518595,0.5472760568684681,False,False,sample_only,403587.62,18,0.3,1.0
100000002784085100,terminal,0.59,4,0.376368,"Наблюдаемый получатель: входов=1, вход=200000.00 KZT; выход=0; глубина=1; вне выборки операции неизвестны",1,False,1,0,200000.0,0.0,1,0,0.00030704796171737643,0.0,False,0.0,exact,2248,0.0,1,0,1.0,0.0,0.0,0.0,0.0,0.0,0.0,0.0,False,False,sample_only,200000.0,1,0.59,1.0
100000002791494100,peripheral,0.2,18,0.340545,"Вход=1, 85860.00 KZT; выход=0; глубина=4: обход обрезан, конечная роль неизвестна",4,False,1,0,85860.0,0.0,1,0,0.00031770918329048745,0.0,True,0.0,exact,2248,0.0,1,0,1.0,0.0,0.0,0.0,0.0,0.0,0.0,0.0,False,True,depth_outflows_incomplete,85860.0,1,0.2,1.0
100000002793851100,terminal,0.59,16,0.108692,"Наблюдаемый получатель: входов=1, вход=11052.00 KZT; выход=0; глубина=1; вне выборки операции неизвестны",1,False,1,0,11052.0,0.0,1,0,0.0002867575837448675,0.0,False,0.0,exact,2248,0.0,1,0,1.0,0.0,0.0,0.0,0.0,0.0,0.0,0.0,False,False,sample_only,11052.0,1,0.59,1.0
100000002793881100,consolidator,0.816721,4,0.602232,Гипотеза сбора: отправителей=3; вход=785600.00 KZT; выход/вход=0.00; крупнейший вход=43%,3,False,3,0,785600.0,0.0,3,0,0.0003750831470797382,0.0,False,0.0,exact,2248,0.0,3,0,0.43279022403258655,0.0,0.0,0.0,0.0,0.0,0.0,0.0,False,False,sample_only,785600.0,3,0.816721,1.0
100000002794197100,terminal,0.59,1,0.177557,"Наблюдаемый получатель: входов=1, вход=30100.00 KZT; выход=0; глубина=1; вне выборки операции неизвестны",1,False,1,0,30100.0,0.0,1,0,0.0002872952956036898,0.0,False,0.0,exact,2248,0.0,1,0,1.0,0.0,0.0,0.0,0.0,0.0,0.0,0.0,False,False,sample_only,30100.0,1,0.59,1.0
100000002794374100,peripheral,0.2,57,0.384466,"Вход=1, 111000.00 KZT; выход=0; глубина=4: обход обрезан, конечная роль неизвестна",4,False,1,0,111000.0,0.0,1,0,0.0003637625168388325,0.0,True,0.0,exact,2248,0.0,1,0,1.0,0.0,0.0,0.0,0.0,0.0,0.0,0.0,False,True,depth_outflows_incomplete,111000.0,1,0.2,1.0
100000002796853100,peripheral,0.55,56,0.562909,"Мало связей: входов=1, выходов=1; оборот=245167.62 KZT; FIFO 1–7д=57%; в тот же день=?43%; правила иных ролей не выполнены",2,False,1,1,199000.0,46167.62,8,5,0.002113598432710708,0.23199809045226133,False,0.0,exact,2248,0.0,1,0,1.0,1.0,0.5667959491955616,26167.62,0.5667959491955618,20000.0,0.43320405080443825,0.0,False,False,sample_only,245167.62,13,0.55,1.0
100000002799941100,terminal,0.59,43,0.476772,"Наблюдаемый получатель: входов=1, вход=600000.00 KZT; выход=0; глубина=3; вне выборки операции неизвестны",3,False,1,0,600000.0,0.0,1,0,0.00038817849293650654,0.0,False,0.0,exact,2248,0.0,1,0,1.0,0.0,0.0,0.0,0.0,0.0,0.0,0.0,False,False,sample_only,600000.0,1,0.59,1.0
100000002807334100,terminal,0.59,10,0.220581,"Наблюдаемый получатель: входов=1, вход=54715.00 KZT; выход=0; глубина=3; вне выборки операции неизвестны",3,False,1,0,54715.0,0.0,1,0,0.00028734256217675437,0.0,False,0.0,exact,2248,0.0,1,0,1.0,0.0,0.0,0.0,0.0,0.0,0.0,0.0,False,False,sample_only,54715.0,1,0.59,1.0
100000002809568100,terminal,0.59,0,0.106584,"Наблюдаемый получатель: входов=1, вход=10000.00 KZT; выход=0; глубина=1; вне выборки операции неизвестны",1,False,1,0,10000.0,0.0,1,0,0.0002874458184490932,0.0,False,0.0,exact,2248,0.0,1,0,1.0,0.0,0.0,0.0,0.0,0.0,0.0,0.0,False,False,sample_only,10000.0,1,0.59,1.0
100000002809896100,terminal,0.59,18,0.255529,"Наблюдаемый получатель: входов=1, вход=38000.00 KZT; выход=0; глубина=3; вне выборки операции неизвестны",3,False,1,0,38000.0,0.0,1,0,0.0002997274196422279,0.0,False,0.0,exact,2248,0.0,1,0,1.0,0.0,0.0,0.0,0.0,0.0,0.0,0.0,False,False,sample_only,38000.0,1,0.59,1.0
100000002810870100,terminal,0.59,22,0.221882,"Наблюдаемый получатель: входов=1, вход=33677.00 KZT; выход=0; глубина=1; вне выборки операции неизвестны",1,False,1,0,33677.0,0.0,1,0,0.00029263770204239665,0.0,False,0.0,exact,2248,0.0,1,0,1.0,0.0,0.0,0.0,0.0,0.0,0.0,0.0,False,False,sample_only,33677.0,1,0.59,1.0
100000002812641100,transit,0.870239,4,0.354565,"Гипотеза транзита: вход=10000.00, выход=7023.95 KZT; FIFO 1–7д=100%; в тот же день=?0%; те же деньги не установлены",2,False,1,1,10000.0,7023.95,1,1,0.0020638538513460315,0.702395,False,0.0,exact,2248,0.0,1,0,1.0,1.0,1.0,7023.95,1.0,0.0,0.0,0.0,False,False,sample_only,17023.95,2,0.870239,1.0
100000002815005100,terminal,0.59,4,0.436732,"Наблюдаемый получатель: входов=1, вход=476500.00 KZT; выход=0; глубина=3; вне выборки операции неизвестны",3,False,1,0,476500.0,0.0,1,0,0.00031901272651967556,0.0,False,0.0,exact,2248,0.0,1,0,1.0,0.0,0.0,0.0,0.0,0.0,0.0,0.0,False,False,sample_only,476500.0,1,0.59,1.0
100000002818726100,terminal,0.59,12,0.13063,"Наблюдаемый получатель: входов=1, вход=10879.00 KZT; выход=0; глубина=3; вне выборки операции неизвестны",3,False,1,0,10879.0,0.0,1,0,0.0002895964508153981,0.0,False,0.0,exact,2248,0.0,1,0,1.0,0.0,0.0,0.0,0.0,0.0,0.0,0.0,False,False,sample_only,10879.0,1,0.59,1.0
100000002820010100,terminal,0.59,1,0.206359,"Наблюдаемый получатель: входов=1, вход=30000.00 KZT; выход=0; глубина=2; вне выборки операции неизвестны",2,False,1,0,30000.0,0.0,1,0,0.00029125521728309953,0.0,False,0.0,exact,2248,0.0,1,0,1.0,0.0,0.0,0.0,0.0,0.0,0.0,0.0,False,False,sample_only,30000.0,1,0.59,1.0
100000002821425100,terminal,0.59,24,0.373138,"Наблюдаемый получатель: входов=1, вход=275000.00 KZT; выход=0; глубина=3; вне выборки операции неизвестны",3,False,1,0,275000.0,0.0,1,0,0.00029866805245648467,0.0,False,0.0,exact,2248,0.0,1,0,1.0,0.0,0.0,0.0,0.0,0.0,0.0,0.0,False,False,sample_only,275000.0,1,0.59,1.0
100000002822472100,terminal,0.63,24,0.492598,"Наблюдаемый получатель: входов=2, вход=266722.00 KZT; выход=0; глубина=3; вне выборки операции неизвестны",3,False,2,0,266722.0,0.0,2,0,0.00031223557685989975,0.0,False,0.0,exact,2248,0.0,2,1,0.777269966481955,0.0,0.0,0.0,0.0,0.0,0.0,0.0,False,False,sample_only,266722.0,2,0.63,1.0
100000002824176100,terminal,0.59,1,0.385229,"Наблюдаемый получатель: входов=1, вход=144000.00 KZT; выход=0; глубина=1; вне выборки операции неизвестны",1,False,1,0,144000.0,0.0,1,0,0.0003385981575005863,0.0,False,0.0,exact,2248,0.0,1,0,1.0,0.0,0.0,0.0,0.0,0.0,0.0,0.0,False,False,sample_only,144000.0,1,0.59,1.0
100000002826669100,terminal,0.59,0,0.4774,"Наблюдаемый получатель: входов=1, вход=159900.00 KZT; выход=0; глубина=2; вне выборки операции неизвестны",2,False,1,0,159900.0,0.0,4,0,0.0004762394546257399,0.0,False,0.0,exact,2248,0.0,1,0,1.0,0.0,0.0,0.0,0.0,0.0,0.0,0.0,False,False,sample_only,159900.0,4,0.59,1.0
100000002830055100,terminal,0.59,22,0.129038,"Наблюдаемый получатель: входов=1, вход=14000.00 KZT; выход=0; глубина=1; вне выборки операции неизвестны",1,False,1,0,14000.0,0.0,1,0,0.0002885077302285591,0.0,False,0.0,exact,2248,0.0,1,0,1.0,0.0,0.0,0.0,0.0,0.0,0.0,0.0,False,False,sample_only,14000.0,1,0.59,1.0
100000002831727100,peripheral,0.55,43,0.453415,"Мало связей: входов=1, выходов=1; оборот=83000.00 KZT; FIFO 1–7д=8%; в тот же день=?0%; правила иных ролей не выполнены",2,False,1,1,6000.0,77000.0,1,3,0.0002907462180152881,12.833333333333334,False,1.922024458454748e-05,exact,2248,0.2871452420701169,2,0,1.0,1.0,0.7402597402597403,6000.0,0.07792207792207792,0.0,0.0,0.922077922077922,False,False,sample_only,83000.0,4,0.55,1.0
100000002832753100,peripheral,0.2,3,0.290029,"Вход=1, 12500.00 KZT; выход=0; глубина=4: обход обрезан, конечная роль неизвестна",4,False,1,0,12500.0,0.0,1,0,0.0007555331214190867,0.0,True,0.0,exact,2248,0.0,1,0,1.0,0.0,0.0,0.0,0.0,0.0,0.0,0.0,False,True,depth_outflows_incomplete,12500.0,1,0.2,1.0
100000002835874100,peripheral,0.2,4,0.265511,"Вход=1, 58700.00 KZT; выход=0; глубина=4: обход обрезан, конечная роль неизвестна",4,False,1,0,58700.0,0.0,1,0,0.00029329173220691884,0.0,True,0.0,exact,2248,0.0,1,0,1.0,0.0,0.0,0.0,0.0,0.0,0.0,0.0,False,True,depth_outflows_incomplete,58700.0,1,0.2,1.0
100000002836052100,terminal,0.59,8,0.201043,"Наблюдаемый получатель: входов=1, вход=15000.00 KZT; выход=0; глубина=2; вне выборки операции неизвестны",2,False,1,0,15000.0,0.0,1,0,0.0003056660501463524,0.0,False,0.0,exact,2248,0.0,1,0,1.0,0.0,0.0,0.0,0.0,0.0,0.0,0.0,False,False,sample_only,15000.0,1,0.59,1.0
100000002836736100,terminal,0.63,1,0.576716,"Наблюдаемый получатель: входов=2, вход=509000.00 KZT; выход=0; глубина=1; вне выборки операции неизвестны",1,False,2,0,509000.0,0.0,2,0,0.0004517900546889058,0.0,False,0.0,exact,2248,0.0,2,0,0.6208251473477406,0.0,0.0,0.0,0.0,0.0,0.0,0.0,False,False,sample_only,509000.0,2,0.63,1.0
100000002838519100,terminal,0.59,40,0.264951,"Наблюдаемый получатель: входов=1, вход=46900.00 KZT; выход=0; глубина=3; вне выборки операции неизвестны",3,False,1,0,46900.0,0.0,1,0,0.0002988256561865499,0.0,False,0.0,exact,2248,0.0,1,0,1.0,0.0,0.0,0.0,0.0,0.0,0.0,0.0,False,False,sample_only,46900.0,1,0.59,1.0
100000002838861100,consolidator,0.845088,4,0.773782,Гипотеза сбора: отправителей=5; вход=554523.95 KZT; выход/вход=0.02; крупнейший вход=52%,1,False,5,1,554523.95,10000.0,5,1,0.002119918647260691,0.018033486200190272,False,1.9418391435934565e-05,exact,2248,0.3614357262103506,5,2,0.5220694254955084,1.0,0.0,0.0,0.0,0.0,0.0,1.0,False,False,sample_only,564523.95,6,0.845088,1.0
100000002842321100,terminal,0.59,10,0.311474,"Наблюдаемый получатель: входов=1, вход=160000.00 KZT; выход=0; глубина=3; вне выборки операции неизвестны",3,False,1,0,160000.0,0.0,1,0,0.00029075476206914423,0.0,False,0.0,exact,2248,0.0,1,0,1.0,0.0,0.0,0.0,0.0,0.0,0.0,0.0,False,False,sample_only,160000.0,1,0.59,1.0
100000002842337100,terminal,0.59,1,0.333143,"Наблюдаемый получатель: входов=1, вход=50000.00 KZT; выход=0; глубина=2; вне выборки операции неизвестны",2,False,1,0,50000.0,0.0,1,0,0.0003666617032550871,0.0,False,0.0,exact,2248,0.0,1,0,1.0,0.0,0.0,0.0,0.0,0.0,0.0,0.0,False,False,sample_only,50000.0,1,0.59,1.0
100000002844652100,terminal,0.59,1,0.242026,"Наблюдаемый получатель: входов=1, вход=61360.00 KZT; выход=0; глубина=1; вне выборки операции неизвестны",1,False,1,0,61360.0,0.0,1,0,0.0002890878139870397,0.0,False,0.0,exact,2248,0.0,1,0,1.0,0.0,0.0,0.0,0.0,0.0,0.0,0.0,False,False,sample_only,61360.0,1,0.59,1.0
100000002844897100,terminal,0.59,4,0.107436,"Наблюдаемый получатель: входов=1, вход=10800.00 KZT; выход=0; глубина=1; вне выборки операции неизвестны",1,False,1,0,10800.0,0.0,1,0,0.00028672914226229553,0.0,False,0.0,exact,2248,0.0,1,0,1.0,0.0,0.0,0.0,0.0,0.0,0.0,0.0,False,False,sample_only,10800.0,1,0.59,1.0
100000002845605100,terminal,0.59,0,0.277423,"Наблюдаемый получатель: входов=1, вход=57567.00 KZT; выход=0; глубина=1; вне выборки операции неизвестны",1,False,1,0,57567.0,0.0,1,0,0.00029637188126250733,0.0,False,0.0,exact,2248,0.0,1,0,1.0,0.0,0.0,0.0,0.0,0.0,0.0,0.0,False,False,sample_only,57567.0,1,0.59,1.0
100000002847207100,terminal,0.59,2,0.251985,"Наблюдаемый получатель: входов=1, вход=46243.00 KZT; выход=0; глубина=1; вне выборки операции неизвестны",1,False,1,0,46243.0,0.0,1,0,0.0002948288276237539,0.0,False,0.0,exact,2248,0.0,1,0,1.0,0.0,0.0,0.0,0.0,0.0,0.0,0.0,False,False,sample_only,46243.0,1,0.59,1.0
100000002849158100,peripheral,0.3,4,0.747987,"Роль неоднозначна: входов=3, выходов=1; оборот=2036000.00 KZT; FIFO 1–7д=0%; в тот же день=?55%; правила иных ролей не выполнены",3,False,3,1,723000.0,1313000.0,3,3,0.00033624556849174277,1.8160442600276625,False,2.2786887909515052e-05,exact,2248,0.48414023372287146,4,1,0.5325034578146611,1.0,0.0,0.0,0.0,723000.0,0.5506473724295506,0.44935262757044936,False,False,sample_only,2036000.0,6,0.3,1.0
100000002852402100,terminal,0.59,3,0.323632,"Наблюдаемый получатель: входов=1, вход=55000.00 KZT; выход=0; глубина=2; вне выборки операции неизвестны",2,False,1,0,55000.0,0.0,1,0,0.00032701738322827895,0.0,False,0.0,exact,2248,0.0,1,0,1.0,0.0,0.0,0.0,0.0,0.0,0.0,0.0,False,False,sample_only,55000.0,1,0.59,1.0
100000002858835100,terminal,0.59,22,0.185588,"Наблюдаемый получатель: входов=1, вход=24400.00 KZT; выход=0; глубина=1; вне выборки операции неизвестны",1,False,1,0,24400.0,0.0,1,0,0.0002906905684083584,0.0,False,0.0,exact,2248,0.0,1,0,1.0,0.0,0.0,0.0,0.0,0.0,0.0,0.0,False,False,sample_only,24400.0,1,0.59,1.0
100000002860934100,peripheral,0.2,15,0.530339,"Вход=1, 279500.00 KZT; выход=0; глубина=4: обход обрезан, конечная роль неизвестна",4,False,1,0,279500.0,0.0,4,0,0.0005814420132554214,0.0,True,0.0,exact,2248,0.0,1,0,1.0,0.0,0.0,0.0,0.0,0.0,0.0,0.0,False,True,depth_outflows_incomplete,279500.0,4,0.2,1.0
100000002861485100,terminal,0.59,16,0.184152,"Наблюдаемый получатель: входов=1, вход=29323.00 KZT; выход=0; глубина=1; вне выборки операции неизвестны",1,False,1,0,29323.0,0.0,1,0,0.00028872204610085294,0.0,False,0.0,exact,2248,0.0,1,0,1.0,0.0,0.0,0.0,0.0,0.0,0.0,0.0,False,False,sample_only,29323.0,1,0.59,1.0
100000002862113100,terminal,0.59,40,0.30203,"Наблюдаемый получатель: входов=1, вход=47405.00 KZT; выход=0; глубина=3; вне выборки операции неизвестны",3,False,1,0,47405.0,0.0,2,0,0.00029896839526532333,0.0,False,0.0,exact,2248,0.0,1,0,1.0,0.0,0.0,0.0,0.0,0.0,0.0,0.0,False,False,sample_only,47405.0,2,0.59,1.0
100000002863356100,peripheral,0.55,22,0.419781,"Мало связей: входов=1, выходов=1; оборот=65000.00 KZT; FIFO 1–7д=0%; в тот же день=?0%; правила иных ролей не выполнены",2,False,1,1,45000.0,20000.0,1,1,0.0003008529731942847,0.4444444444444444,False,1.387027959709612e-06,exact,2248,0.11519198664440734,2,0,1.0,1.0,0.0,0.0,0.0,0.0,0.0,1.0,False,False,sample_only,65000.0,2,0.55,1.0
100000002864256100,terminal,0.59,2,0.360823,"Наблюдаемый получатель: входов=1, вход=135780.00 KZT; выход=0; глубина=1; вне выборки операции неизвестны",1,False,1,0,135780.0,0.0,1,0,0.0003127573971935152,0.0,False,0.0,exact,2248,0.0,1,0,1.0,0.0,0.0,0.0,0.0,0.0,0.0,0.0,False,False,sample_only,135780.0,1,0.59,1.0
100000002864680100,terminal,0.59,7,0.270873,"Наблюдаемый получатель: входов=1, вход=55932.00 KZT; выход=0; глубина=1; вне выборки операции неизвестны",1,False,1,0,55932.0,0.0,1,0,0.00029485149228607616,0.0,False,0.0,exact,2248,0.0,1,0,1.0,0.0,0.0,0.0,0.0,0.0,0.0,0.0,False,False,sample_only,55932.0,1,0.59,1.0
100000002870463100,consolidator,0.804444,1,0.710514,Гипотеза сбора: отправителей=3; вход=207000.00 KZT; выход/вход=0.05; крупнейший вход=48%,2,False,3,1,207000.0,10000.0,4,1,0.0019299755548282868,0.04830917874396135,False,1.9418391435934565e-05,exact,2248,0.3614357262103506,3,1,0.4830917874396135,1.0,0.0,0.0,0.0,10000.0,1.0,0.0,False,False,sample_only,217000.0,5,0.804444,1.0
100000002870937100,terminal,0.59,1,0.267822,"Наблюдаемый получатель: входов=1, вход=83700.00 KZT; выход=0; глубина=1; вне выборки операции неизвестны",1,False,1,0,83700.0,0.0,1,0,0.0002903688396007325,0.0,False,0.0,exact,2248,0.0,1,0,1.0,0.0,0.0,0.0,0.0,0.0,0.0,0.0,False,False,sample_only,83700.0,1,0.59,1.0
100000002871199100,terminal,0.59,40,0.189581,"Наблюдаемый получатель: входов=1, вход=23186.00 KZT; выход=0; глубина=3; вне выборки операции неизвестны",3,False,1,0,23186.0,0.0,1,0,0.00029212285516866057,0.0,False,0.0,exact,2248,0.0,1,0,1.0,0.0,0.0,0.0,0.0,0.0,0.0,0.0,False,False,sample_only,23186.0,1,0.59,1.0
100000002872399100,terminal,0.59,1,0.599899,"Наблюдаемый получатель: входов=1, вход=1090000.00 KZT; выход=0; глубина=3; вне выборки операции неизвестны",3,False,1,0,1090000.0,0.0,9,0,0.0007057669186571367,0.0,False,0.0,exact,2248,0.0,1,0,1.0,0.0,0.0,0.0,0.0,0.0,0.0,0.0,False,False,sample_only,1090000.0,9,0.59,1.0
100000002876914100,peripheral,0.2,18,0.148396,"Вход=1, 12000.00 KZT; выход=0; глубина=4: обход обрезан, конечная роль неизвестна",4,False,1,0,12000.0,0.0,1,0,0.00029199108961479553,0.0,True,0.0,exact,2248,0.0,1,0,1.0,0.0,0.0,0.0,0.0,0.0,0.0,0.0,False,True,depth_outflows_incomplete,12000.0,1,0.2,1.0
100000002877262100,terminal,0.59,42,0.322353,"Наблюдаемый получатель: входов=1, вход=100000.00 KZT; выход=0; глубина=3; вне выборки операции неизвестны",3,False,1,0,100000.0,0.0,1,0,0.00029991776286086456,0.0,False,0.0,exact,2248,0.0,1,0,1.0,0.0,0.0,0.0,0.0,0.0,0.0,0.0,False,False,sample_only,100000.0,1,0.59,1.0
100000002878467100,terminal,0.63,42,0.481629,"Наблюдаемый получатель: входов=2, вход=200000.00 KZT; выход=0; глубина=3; вне выборки операции неизвестны",3,False,2,0,200000.0,0.0,2,0,0.00031440364212176087,0.0,False,0.0,exact,2248,0.0,2,0,0.5,0.0,0.0,0.0,0.0,0.0,0.0,0.0,False,False,sample_only,200000.0,2,0.63,1.0
100000002878483100,peripheral,0.2,18,0.104812,"Вход=1, 6000.00 KZT; выход=0; глубина=4: обход обрезан, конечная роль неизвестна",4,False,1,0,6000.0,0.0,1,0,0.00028878019191604315,0.0,True,0.0,exact,2248,0.0,1,0,1.0,0.0,0.0,0.0,0.0,0.0,0.0,0.0,False,True,depth_outflows_incomplete,6000.0,1,0.2,1.0
100000002881669100,terminal,0.59,7,0.150034,"Наблюдаемый получатель: входов=1, вход=18600.00 KZT; выход=0; глубина=1; вне выборки операции неизвестны",1,False,1,0,18600.0,0.0,1,0,0.0002886560582178524,0.0,False,0.0,exact,2248,0.0,1,0,1.0,0.0,0.0,0.0,0.0,0.0,0.0,0.0,False,False,sample_only,18600.0,1,0.59,1.0
100000002883402100,consolidator,0.81,4,0.506808,Гипотеза сбора: отправителей=3; вход=300000.00 KZT; выход/вход=0.00; крупнейший вход=50%,3,False,3,0,300000.0,0.0,3,0,0.00030065707174589223,0.0,False,0.0,exact,2248,0.0,3,2,0.5,0.0,0.0,0.0,0.0,0.0,0.0,0.0,False,False,sample_only,300000.0,3,0.81,1.0
100000002884708100,peripheral,0.2,42,0.562685,"Вход=1, 1171644.00 KZT; выход=0; глубина=4: обход обрезан, конечная роль неизвестна",4,False,1,0,1171644.0,0.0,2,0,0.0005625754563953265,0.0,True,0.0,exact,2248,0.0,1,0,1.0,0.0,0.0,0.0,0.0,0.0,0.0,0.0,False,True,depth_outflows_incomplete,1171644.0,2,0.2,1.0
100000002886166100,terminal,0.59,34,0.439087,"Наблюдаемый получатель: входов=1, вход=185000.00 KZT; выход=0; глубина=3; вне выборки операции неизвестны",3,False,1,0,185000.0,0.0,3,0,0.0003245911501737052,0.0,False,0.0,exact,2248,0.0,1,0,1.0,0.0,0.0,0.0,0.0,0.0,0.0,0.0,False,False,sample_only,185000.0,3,0.59,1.0
100000002890167100,terminal,0.59,16,0.326638,"Наблюдаемый получатель: входов=1, вход=118150.00 KZT; выход=0; глубина=1; вне выборки операции неизвестны",1,False,1,0,118150.0,0.0,1,0,0.00029827255224146494,0.0,False,0.0,exact,2248,0.0,1,0,1.0,0.0,0.0,0.0,0.0,0.0,0.0,0.0,False,False,sample_only,118150.0,1,0.59,1.0
100000002891765100,terminal,0.59,40,0.290702,"Наблюдаемый получатель: входов=1, вход=55576.00 KZT; выход=0; глубина=3; вне выборки операции неизвестны",3,False,1,0,55576.0,0.0,1,0,0.0003012779418250422,0.0,False,0.0,exact,2248,0.0,1,0,1.0,0.0,0.0,0.0,0.0,0.0,0.0,0.0,False,False,sample_only,55576.0,1,0.59,1.0
100000002893020100,terminal,0.59,18,0.176256,"Наблюдаемый получатель: входов=1, вход=18340.00 KZT; выход=0; глубина=3; вне выборки операции неизвестны",3,False,1,0,18340.0,0.0,1,0,0.00029240245264606314,0.0,False,0.0,exact,2248,0.0,1,0,1.0,0.0,0.0,0.0,0.0,0.0,0.0,0.0,False,False,sample_only,18340.0,1,0.59,1.0
100000002894076100,consolidator,0.813934,1,0.633636,Гипотеза сбора: отправителей=4; вход=1122782.00 KZT; выход/вход=0.00; крупнейший вход=66%,1,False,4,0,1122782.0,0.0,6,0,0.00038267994337591544,0.0,False,0.0,exact,2248,0.0,4,3,0.6606643141767502,0.0,0.0,0.0,0.0,0.0,0.0,0.0,False,False,sample_only,1122782.0,6,0.813934,1.0
100000002896506100,peripheral,0.2,10,0.291353,"Вход=1, 45000.00 KZT; выход=0; глубина=4: обход обрезан, конечная роль неизвестна",4,False,1,0,45000.0,0.0,1,0,0.00031362964480833715,0.0,True,0.0,exact,2248,0.0,1,0,1.0,0.0,0.0,0.0,0.0,0.0,0.0,0.0,False,True,depth_outflows_incomplete,45000.0,1,0.2,1.0
100000002901457100,peripheral,0.3,0,0.774011,"Роль неоднозначна: входов=1, выходов=3; оборот=459000.00 KZT; FIFO 1–7д=0%; в тот же день=?0%; правила иных ролей не выполнены",3,False,1,3,340000.0,119000.0,1,3,0.00037426561132708236,0.35,False,7.569209722986739e-05,exact,2248,0.6994991652754591,4,1,1.0,0.44537815126050423,0.0,0.0,0.0,0.0,0.0,1.0,False,False,sample_only,459000.0,4,0.3,1.0
100000002904919100,peripheral,0.55,0,0.424366,"Мало связей: входов=1, выходов=1; оборот=65825.00 KZT; FIFO 1–7д=0%; в тот же день=?0%; правила иных ролей не выполнены",3,False,1,1,60325.0,5500.0,1,1,0.00029091905114297305,0.09117281392457521,False,1.922024458454748e-05,exact,2248,0.2871452420701169,2,0,1.0,1.0,0.0,0.0,0.0,0.0,0.0,1.0,False,False,sample_only,65825.0,2,0.55,1.0
100000002906470100,terminal,0.59,43,0.352097,"Наблюдаемый получатель: входов=1, вход=130000.00 KZT; выход=0; глубина=3; вне выборки операции неизвестны",3,False,1,0,130000.0,0.0,1,0,0.00030780128727312094,0.0,False,0.0,exact,2248,0.0,1,0,1.0,0.0,0.0,0.0,0.0,0.0,0.0,0.0,False,False,sample_only,130000.0,1,0.59,1.0
100000002908521100,terminal,0.59,22,0.237921,"Наблюдаемый получатель: входов=1, вход=44500.00 KZT; выход=0; глубина=3; вне выборки операции неизвестны",3,False,1,0,44500.0,0.0,1,0,0.00029251475539092793,0.0,False,0.0,exact,2248,0.0,1,0,1.0,0.0,0.0,0.0,0.0,0.0,0.0,0.0,False,False,sample_only,44500.0,1,0.59,1.0
100000002911170100,terminal,0.59,33,0.451918,"Наблюдаемый получатель: входов=1, вход=300000.00 KZT; выход=0; глубина=2; вне выборки операции неизвестны",2,False,1,0,300000.0,0.0,2,0,0.00032304938435236005,0.0,False,0.0,exact,2248,0.0,1,0,1.0,0.0,0.0,0.0,0.0,0.0,0.0,0.0,False,False,sample_only,300000.0,2,0.59,1.0
100000002913340100,terminal,0.59,22,0.171568,"Наблюдаемый получатель: входов=1, вход=23600.00 KZT; выход=0; глубина=3; вне выборки операции неизвестны",3,False,1,0,23600.0,0.0,1,0,0.00028925272980600625,0.0,False,0.0,exact,2248,0.0,1,0,1.0,0.0,0.0,0.0,0.0,0.0,0.0,0.0,False,False,sample_only,23600.0,1,0.59,1.0
100000002914245100,terminal,0.59,8,0.326144,"Наблюдаемый получатель: входов=1, вход=140611.00 KZT; выход=0; глубина=3; вне выборки операции неизвестны",3,False,1,0,140611.0,0.0,1,0,0.00029558398554384,0.0,False,0.0,exact,2248,0.0,1,0,1.0,0.0,0.0,0.0,0.0,0.0,0.0,0.0,False,False,sample_only,140611.0,1,0.59,1.0
100000002916006100,peripheral,0.55,47,0.172353,"Мало связей: входов=0, выходов=1; оборот=32000.00 KZT; FIFO 1–7д=0%; в тот же день=?0%; правила иных ролей не выполнены; seed: вход неполон",0,True,0,1,0.0,32000.0,0,1,0.0002855692942172909,,False,0.0,exact,2248,0.0,1,0,0.0,1.0,0.0,0.0,0.0,0.0,0.0,1.0,True,False,seed_inflows_incomplete,32000.0,1,0.55,1.0
100000002921047100,peripheral,0.3,1,0.675551,"Роль неоднозначна: входов=2, выходов=1; оборот=501000.02 KZT; FIFO 1–7д=0%; в тот же день=?100%; правила иных ролей не выполнены",1,False,2,1,338000.0,163000.02,2,1,0.00031704809387447845,0.48224857988165676,False,2.159800680119253e-05,exact,2248,0.46160267111853087,3,1,0.5177514792899408,1.0,0.0,0.0,0.0,163000.0,0.9999998773006286,1.2269937144792987e-07,False,False,sample_only,501000.02,3,0.3,1.0
100000002922000100,peripheral,0.2,49,0.475808,"Вход=1, 448000.00 KZT; выход=0; глубина=4: обход обрезан, конечная роль неизвестна",4,False,1,0,448000.0,0.0,1,0,0.0004597224521428434,0.0,True,0.0,exact,2248,0.0,1,0,1.0,0.0,0.0,0.0,0.0,0.0,0.0,0.0,False,True,depth_outflows_incomplete,448000.0,1,0.2,1.0
100000002926970100,terminal,0.59,18,0.338638,"Наблюдаемый получатель: входов=1, вход=85000.00 KZT; выход=0; глубина=3; вне выборки операции неизвестны",3,False,1,0,85000.0,0.0,1,0,0.00031723878529938684,0.0,False,0.0,exact,2248,0.0,1,0,1.0,0.0,0.0,0.0,0.0,0.0,0.0,0.0,False,False,sample_only,85000.0,1,0.59,1.0
100000002933386100,peripheral,0.55,2,0.604262,"Мало связей: входов=1, выходов=1; оборот=73000.00 KZT; FIFO 1–7д=0%; в тот же день=?0%; правила иных ролей не выполнены",3,False,1,1,15000.0,58000.0,1,1,0.0006527823249129211,3.8666666666666667,False,2.0012831990095827e-05,exact,2248,0.42153589315525875,2,0,1.0,1.0,0.0,0.0,0.0,0.0,0.0,1.0,False,False,sample_only,73000.0,2,0.55,1.0
100000002934441100,terminal,0.63,0,0.392284,"Наблюдаемый получатель: входов=2, вход=60845.60 KZT; выход=0; глубина=1; вне выборки операции неизвестны",1,False,2,0,60845.6,0.0,2,0,0.00030248130107500554,0.0,False,0.0,exact,2248,0.0,2,0,0.5927790998856122,0.0,0.0,0.0,0.0,0.0,0.0,0.0,False,False,sample_only,60845.6,2,0.63,1.0
100000002936322100,terminal,0.63,8,0.571332,"Наблюдаемый получатель: входов=2, вход=787133.00 KZT; выход=0; глубина=3; вне выборки операции неизвестны",3,False,2,0,787133.0,0.0,2,0,0.00036638128696323154,0.0,False,0.0,exact,2248,0.0,2,0,0.7622168045298571,0.0,0.0,0.0,0.0,0.0,0.0,0.0,False,False,sample_only,787133.0,2,0.63,1.0
100000002938501100,peripheral,0.55,16,0.261539,"Мало связей: входов=1, выходов=1; оборот=13395.00 KZT; FIFO 1–7д=0%; в тот же день=?0%; правила иных ролей не выполнены",1,False,1,1,8395.0,5000.0,1,1,0.00028647190827664715,0.5955926146515783,False,1.7943915472918004e-05,exact,2248,0.21869782971619364,2,0,1.0,1.0,0.0,0.0,0.0,0.0,0.0,1.0,False,False,sample_only,13395.0,2,0.55,1.0
100000002939838100,consolidator,0.80048,16,0.601066,Гипотеза сбора: отправителей=3; вход=571233.00 KZT; выход/вход=0.00; крупнейший вход=60%,1,False,3,0,571233.0,0.0,3,0,0.0004000333621032979,0.0,False,0.0,exact,2248,0.0,3,1,0.5952037084692235,0.0,0.0,0.0,0.0,0.0,0.0,0.0,False,False,sample_only,571233.0,3,0.80048,1.0
100000002941114100,peripheral,0.55,11,0.698052,"Мало связей: входов=2, выходов=1; оборот=143510.00 KZT; FIFO 1–7д=100%; в тот же день=?0%; правила иных ролей не выполнены",1,False,2,1,128510.0,15000.0,15,1,0.0018146321453408293,0.11672243405182477,False,2.0607272544257092e-05,exact,2248,0.4357262103505843,2,0,0.8054626099136254,1.0,1.0,15000.0,1.0,0.0,0.0,0.0,False,False,sample_only,143510.0,16,0.55,1.0
100000002943472100,terminal,0.59,42,0.372106,"Наблюдаемый получатель: входов=1, вход=170000.00 KZT; выход=0; глубина=3; вне выборки операции неизвестны",3,False,1,0,170000.0,0.0,1,0,0.00030996169091136613,0.0,False,0.0,exact,2248,0.0,1,0,1.0,0.0,0.0,0.0,0.0,0.0,0.0,0.0,False,False,sample_only,170000.0,1,0.59,1.0
100000002945031100,terminal,0.59,12,0.153847,"Наблюдаемый получатель: входов=1, вход=15000.00 KZT; выход=0; глубина=3; вне выборки операции неизвестны",3,False,1,0,15000.0,0.0,1,0,0.000291121950616924,0.0,False,0.0,exact,2248,0.0,1,0,1.0,0.0,0.0,0.0,0.0,0.0,0.0,0.0,False,False,sample_only,15000.0,1,0.59,1.0
100000002945626100,consolidator,0.803493,4,0.579576,Гипотеза сбора: отправителей=3; вход=584000.00 KZT; выход/вход=0.00; крупнейший вход=57%,3,False,3,0,584000.0,0.0,3,0,0.0003377644362503449,0.0,False,0.0,exact,2248,0.0,3,1,0.565068493150685,0.0,0.0,0.0,0.0,0.0,0.0,0.0,False,False,sample_only,584000.0,3,0.803493,1.0
100000002947299100,terminal,0.59,2,0.353264,"Наблюдаемый получатель: входов=1, вход=85000.00 KZT; выход=0; глубина=2; вне выборки операции неизвестны",2,False,1,0,85000.0,0.0,1,0,0.00033751160508005055,0.0,False,0.0,exact,2248,0.0,1,0,1.0,0.0,0.0,0.0,0.0,0.0,0.0,0.0,False,False,sample_only,85000.0,1,0.59,1.0
100000002948492100,terminal,0.59,40,0.191869,"Наблюдаемый получатель: входов=1, вход=23660.00 KZT; выход=0; глубина=3; вне выборки операции неизвестны",3,False,1,0,23660.0,0.0,1,0,0.00029225683204655884,0.0,False,0.0,exact,2248,0.0,1,0,1.0,0.0,0.0,0.0,0.0,0.0,0.0,0.0,False,False,sample_only,23660.0,1,0.59,1.0
100000002951898100,terminal,0.59,40,0.249069,"Наблюдаемый получатель: входов=1, вход=39990.00 KZT; выход=0; глубина=3; вне выборки операции неизвестны",3,False,1,0,39990.0,0.0,1,0,0.00029687253334630294,0.0,False,0.0,exact,2248,0.0,1,0,1.0,0.0,0.0,0.0,0.0,0.0,0.0,0.0,False,False,sample_only,39990.0,1,0.59,1.0
100000002952631100,terminal,0.59,16,0.234713,"Наблюдаемый получатель: входов=1, вход=48050.00 KZT; выход=0; глубина=1; вне выборки операции неизвестны",1,False,1,0,48050.0,0.0,1,0,0.00029073553668924657,0.0,False,0.0,exact,2248,0.0,1,0,1.0,0.0,0.0,0.0,0.0,0.0,0.0,0.0,False,False,sample_only,48050.0,1,0.59,1.0
100000002952756100,terminal,0.59,18,0.326929,"Наблюдаемый получатель: входов=1, вход=47000.00 KZT; выход=0; глубина=3; вне выборки операции неизвестны",3,False,1,0,47000.0,0.0,1,0,0.0003677090010006242,0.0,False,0.0,exact,2248,0.0,1,0,1.0,0.0,0.0,0.0,0.0,0.0,0.0,0.0,False,False,sample_only,47000.0,1,0.59,1.0
100000002954780100,terminal,0.59,4,0.309724,"Наблюдаемый получатель: входов=1, вход=133400.00 KZT; выход=0; глубина=3; вне выборки операции неизвестны",3,False,1,0,133400.0,0.0,1,0,0.00029244202248115297,0.0,False,0.0,exact,2248,0.0,1,0,1.0,0.0,0.0,0.0,0.0,0.0,0.0,0.0,False,False,sample_only,133400.0,1,0.59,1.0
100000002956769100,consolidator,0.807619,24,0.606763,Гипотеза сбора: отправителей=3; вход=840000.00 KZT; выход/вход=0.00; крупнейший вход=52%,3,False,3,0,840000.0,0.0,3,0,0.00038478275617858006,0.0,False,0.0,exact,2248,0.0,3,1,0.5238095238095238,0.0,0.0,0.0,0.0,0.0,0.0,0.0,False,False,sample_only,840000.0,3,0.807619,1.0
100000002956779100,terminal,0.59,2,0.464031,"Наблюдаемый получатель: входов=1, вход=411000.00 KZT; выход=0; глубина=3; вне выборки операции неизвестны",3,False,1,0,411000.0,0.0,1,0,0.0004031072481507853,0.0,False,0.0,exact,2248,0.0,1,0,1.0,0.0,0.0,0.0,0.0,0.0,0.0,0.0,False,False,sample_only,411000.0,1,0.59,1.0
100000002956898100,terminal,0.63,3,0.534096,"Наблюдаемый получатель: входов=2, вход=290240.00 KZT; выход=0; глубина=2; вне выборки операции неизвестны",2,False,2,0,290240.0,0.0,2,0,0.00037684131481220104,0.0,False,0.0,exact,2248,0.0,2,1,0.8027839029768468,0.0,0.0,0.0,0.0,0.0,0.0,0.0,False,False,sample_only,290240.0,2,0.63,1.0
100000002957306100,terminal,0.63,11,0.541498,"Наблюдаемый получатель: входов=2, вход=398490.00 KZT; выход=0; глубина=1; вне выборки операции неизвестны",1,False,2,0,398490.0,0.0,2,0,0.00035518687962427057,0.0,False,0.0,exact,2248,0.0,2,1,0.5257346482973224,0.0,0.0,0.0,0.0,0.0,0.0,0.0,False,False,sample_only,398490.0,2,0.63,1.0
100000002957787100,coordinator,0.897997,0,0.956827,"Гипотеза связующего: соседей=37, внешних сообществ=8; посредничество=0.00428; не доказательство управления",2,False,4,34,84956.0,1276153.96,7,41,0.0006138323786231608,15.02135175855737,False,0.004276645426207853,exact,2248,0.989983305509182,37,8,0.5397617590282028,0.17121758569005263,0.8690918453130844,0.0,0.0,84956.0,0.0665719048507282,0.9334280951492718,False,False,sample_only,1361109.96,48,0.897997,1.0
100000002958139100,terminal,0.59,4,0.399428,"Наблюдаемый получатель: входов=1, вход=209500.00 KZT; выход=0; глубина=3; вне выборки операции неизвестны",3,False,1,0,209500.0,0.0,2,0,0.00030027317473638757,0.0,False,0.0,exact,2248,0.0,1,0,1.0,0.0,0.0,0.0,0.0,0.0,0.0,0.0,False,False,sample_only,209500.0,2,0.59,1.0
100000002958286100,terminal,0.59,4,0.399047,"Наблюдаемый получатель: входов=1, вход=257000.00 KZT; выход=0; глубина=1; вне выборки операции неизвестны",1,False,1,0,257000.0,0.0,1,0,0.0003131693819549008,0.0,False,0.0,exact,2248,0.0,1,0,1.0,0.0,0.0,0.0,0.0,0.0,0.0,0.0,False,False,sample_only,257000.0,1,0.59,1.0
100000002958343100,peripheral,0.55,1,0.687802,"Мало связей: входов=1, выходов=2; оборот=4290000.00 KZT; FIFO 1–7д=81%; в тот же день=?0%; правила иных ролей не выполнены",2,False,1,2,2900000.0,1390000.0,4,17,0.0006295066258876751,0.4793103448275862,False,3.962937027741748e-07,exact,2248,0.030884808013355594,2,0,1.0,0.7841726618705036,0.8057553956834532,1120000.0,0.8057553956834532,0.0,0.0,0.19424460431654678,False,False,sample_only,4290000.0,21,0.55,1.0
100000002958345100,terminal,0.59,24,0.385049,"Наблюдаемый получатель: входов=1, вход=307000.00 KZT; выход=0; глубина=3; вне выборки операции неизвестны",3,False,1,0,307000.0,0.0,1,0,0.0003001922715970454,0.0,False,0.0,exact,2248,0.0,1,0,1.0,0.0,0.0,0.0,0.0,0.0,0.0,0.0,False,False,sample_only,307000.0,1,0.59,1.0
100000002963189100,distributor,0.787001,40,0.861676,"Гипотеза распределения: входов=1, получателей=7; выход=5219000.00 KZT; крупнейший выход=35%; источник средств неизвестен",3,False,1,7,490000.0,5219000.0,3,15,0.0004240685983737279,10.651020408163266,False,8.540784150822377e-05,exact,2248,0.7245409015025042,7,1,1.0,0.3533243916459092,0.38513125119754743,490000.0,0.09388771795363096,0.0,0.0,0.9061122820463691,False,False,sample_only,5709000.0,18,0.787001,1.0
100000002964966100,terminal,0.59,2,0.426795,"Наблюдаемый получатель: входов=1, вход=200000.00 KZT; выход=0; глубина=2; вне выборки операции неизвестны",2,False,1,0,200000.0,0.0,1,0,0.00039541593494282827,0.0,False,0.0,exact,2248,0.0,1,0,1.0,0.0,0.0,0.0,0.0,0.0,0.0,0.0,False,False,sample_only,200000.0,1,0.59,1.0
100000002968096100,peripheral,0.2,8,0.330473,"Вход=1, 70000.00 KZT; выход=0; глубина=4: обход обрезан, конечная роль неизвестна",4,False,1,0,70000.0,0.0,1,0,0.0003194824114349239,0.0,True,0.0,exact,2248,0.0,1,0,1.0,0.0,0.0,0.0,0.0,0.0,0.0,0.0,False,True,depth_outflows_incomplete,70000.0,1,0.2,1.0
100000002969048100,terminal,0.59,1,0.340186,"Наблюдаемый получатель: входов=1, вход=108470.00 KZT; выход=0; глубина=2; вне выборки операции неизвестны",2,False,1,0,108470.0,0.0,1,0,0.00030612769671556627,0.0,False,0.0,exact,2248,0.0,1,0,1.0,0.0,0.0,0.0,0.0,0.0,0.0,0.0,False,False,sample_only,108470.0,1,0.59,1.0
100000002970466100,peripheral,0.3,0,0.528676,"Роль неоднозначна: входов=1, выходов=2; оборот=116317.00 KZT; FIFO 1–7д=25%; в тот же день=?0%; правила иных ролей не выполнены",3,False,1,2,23317.0,93000.0,1,3,0.0002868825068890663,3.9885062400823434,False,3.844048916909496e-05,exact,2248,0.5450751252086812,3,0,1.0,0.9139784946236559,1.0,23317.0,0.25072043010752687,0.0,0.0,0.7492795698924731,False,False,sample_only,116317.0,4,0.3,1.0
100000002971593100,peripheral,0.2,10,0.358109,"Вход=1, 49050.00 KZT; выход=0; глубина=4: обход обрезан, конечная роль неизвестна",4,False,1,0,49050.0,0.0,1,0,0.000530380154395715,0.0,True,0.0,exact,2248,0.0,1,0,1.0,0.0,0.0,0.0,0.0,0.0,0.0,0.0,False,True,depth_outflows_incomplete,49050.0,1,0.2,1.0
100000002973903100,consolidator,0.814048,7,0.467059,Гипотеза сбора: отправителей=3; вход=92880.00 KZT; выход/вход=0.00; крупнейший вход=46%,1,False,3,0,92880.0,0.0,3,0,0.00031686903979445306,0.0,False,0.0,exact,2248,0.0,3,2,0.4595176571920758,0.0,0.0,0.0,0.0,0.0,0.0,0.0,False,False,sample_only,92880.0,3,0.814048,1.0
100000002974256100,terminal,0.59,7,0.248082,"Наблюдаемый получатель: входов=1, вход=7200.00 KZT; выход=0; глубина=2; вне выборки операции неизвестны",2,False,1,0,7200.0,0.0,1,0,0.0005319059485796735,0.0,False,0.0,exact,2248,0.0,1,0,1.0,0.0,0.0,0.0,0.0,0.0,0.0,0.0,False,False,sample_only,7200.0,1,0.59,1.0
100000002975287100,terminal,0.59,28,0.139895,"Наблюдаемый получатель: входов=1, вход=15000.00 KZT; выход=0; глубина=3; вне выборки операции неизвестны",3,False,1,0,15000.0,0.0,1,0,0.00028919231957213884,0.0,False,0.0,exact,2248,0.0,1,0,1.0,0.0,0.0,0.0,0.0,0.0,0.0,0.0,False,False,sample_only,15000.0,1,0.59,1.0
100000002975437100,peripheral,0.55,36,0.539693,"Мало связей: входов=1, выходов=1; оборот=538500.00 KZT; FIFO 1–7д=0%; в тот же день=?0%; правила иных ролей не выполнены",3,False,1,1,530000.0,8500.0,2,1,0.0005210057143091022,0.016037735849056604,False,0.0,exact,2248,0.0,1,0,1.0,1.0,0.0,0.0,0.0,0.0,0.0,1.0,False,False,sample_only,538500.0,3,0.55,1.0
100000002981489100,peripheral,0.2,10,0.113941,"Вход=1, 10000.00 KZT; выход=0; глубина=4: обход обрезан, конечная роль неизвестна",4,False,1,0,10000.0,0.0,1,0,0.00028833129648364,0.0,True,0.0,exact,2248,0.0,1,0,1.0,0.0,0.0,0.0,0.0,0.0,0.0,0.0,False,True,depth_outflows_incomplete,10000.0,1,0.2,1.0
100000002981527100,terminal,0.59,4,0.361294,"Наблюдаемый получатель: входов=1, вход=168000.00 KZT; выход=0; глубина=1; вне выборки операции неизвестны",1,False,1,0,168000.0,0.0,1,0,0.0003036113749173627,0.0,False,0.0,exact,2248,0.0,1,0,1.0,0.0,0.0,0.0,0.0,0.0,0.0,0.0,False,False,sample_only,168000.0,1,0.59,1.0
100000002982252100,terminal,0.59,22,0.169706,"Наблюдаемый получатель: входов=1, вход=20320.00 KZT; выход=0; глубина=1; вне выборки операции неизвестны",1,False,1,0,20320.0,0.0,1,0,0.0002898342241993602,0.0,False,0.0,exact,2248,0.0,1,0,1.0,0.0,0.0,0.0,0.0,0.0,0.0,0.0,False,False,sample_only,20320.0,1,0.59,1.0
100000002983426100,terminal,0.59,18,0.343282,"Наблюдаемый получатель: входов=1, вход=88945.00 KZT; выход=0; глубина=3; вне выборки операции неизвестны",3,False,1,0,88945.0,0.0,1,0,0.0003187086222678441,0.0,False,0.0,exact,2248,0.0,1,0,1.0,0.0,0.0,0.0,0.0,0.0,0.0,0.0,False,False,sample_only,88945.0,1,0.59,1.0
100000002983879100,terminal,0.63,2,0.509556,"Наблюдаемый получатель: входов=2, вход=200050.00 KZT; выход=0; глубина=2; вне выборки операции неизвестны",2,False,2,0,200050.0,0.0,2,0,0.0003580797764870863,0.0,False,0.0,exact,2248,0.0,2,1,0.5703574106473381,0.0,0.0,0.0,0.0,0.0,0.0,0.0,False,False,sample_only,200050.0,2,0.63,1.0
100000002984403100,peripheral,0.55,13,0.498408,"Мало связей: входов=1, выходов=1; оборот=45000.00 KZT; FIFO 1–7д=0%; в тот же день=?0%; правила иных ролей не выполнены",3,False,1,1,20000.0,25000.0,1,1,0.00032010276016592864,1.25,False,2.0012831990095827e-05,exact,2248,0.42153589315525875,2,0,1.0,1.0,0.0,0.0,0.0,0.0,0.0,1.0,False,False,sample_only,45000.0,2,0.55,1.0
100000002986245100,peripheral,0.2,18,0.102636,"Вход=1, 5750.00 KZT; выход=0; глубина=4: обход обрезан, конечная роль неизвестна",4,False,1,0,5750.0,0.0,1,0,0.0002886464045119285,0.0,True,0.0,exact,2248,0.0,1,0,1.0,0.0,0.0,0.0,0.0,0.0,0.0,0.0,False,True,depth_outflows_incomplete,5750.0,1,0.2,1.0
100000002988894100,peripheral,0.3,2,0.753185,"Роль неоднозначна: входов=1, выходов=3; оборот=383621.00 KZT; FIFO 1–7д=0%; в тот же день=?37%; правила иных ролей не выполнены",1,False,1,3,306121.0,77500.0,1,3,0.0003468658715569931,0.25316786499456095,False,7.133286649935147e-05,exact,2248,0.6928213689482471,4,0,1.0,0.5161290322580645,0.0,0.0,0.0,29000.0,0.3741935483870968,0.6258064516129033,False,False,sample_only,383621.0,4,0.3,1.0
100000002989353100,peripheral,0.3,24,0.608802,"Роль неоднозначна: входов=1, выходов=2; оборот=821160.00 KZT; FIFO 1–7д=7%; в тот же день=?93%; правила иных ролей не выполнены",3,False,1,2,500000.0,321160.0,2,2,0.00030938521828855235,0.64232,False,2.774055919419224e-06,exact,2248,0.15943238731218698,3,0,1.0,0.9341138373396438,0.06588616266035621,21160.0,0.06588616266035621,300000.0,0.9341138373396438,0.0,False,False,sample_only,821160.0,4,0.3,1.0
100000002990675100,terminal,0.59,10,0.214749,"Наблюдаемый получатель: входов=1, вход=51143.00 KZT; выход=0; глубина=3; вне выборки операции неизвестны",3,False,1,0,51143.0,0.0,1,0,0.00028722679660696173,0.0,False,0.0,exact,2248,0.0,1,0,1.0,0.0,0.0,0.0,0.0,0.0,0.0,0.0,False,False,sample_only,51143.0,1,0.59,1.0
100000002991079100,peripheral,0.3,16,0.643346,"Роль неоднозначна: входов=2, выходов=1; оборот=159900.00 KZT; FIFO 1–7д=0%; в тот же день=?100%; правила иных ролей не выполнены",1,False,2,1,148900.0,11000.0,3,1,0.0003951739742726748,0.07387508394895903,False,1.981468513870874e-05,exact,2248,0.4073455759599332,3,0,0.6527871054398925,1.0,0.0,0.0,0.0,11000.0,1.0,0.0,False,False,sample_only,159900.0,4,0.3,1.0
100000002992171100,terminal,0.59,22,0.131976,"Наблюдаемый получатель: входов=1, вход=14627.00 KZT; выход=0; глубина=1; вне выборки операции неизвестны",1,False,1,0,14627.0,0.0,1,0,0.0002886393301842066,0.0,False,0.0,exact,2248,0.0,1,0,1.0,0.0,0.0,0.0,0.0,0.0,0.0,0.0,False,False,sample_only,14627.0,1,0.59,1.0
100000002994441100,peripheral,0.2,8,0.247409,"Вход=1, 5000.00 KZT; выход=0; глубина=4: обход обрезан, конечная роль неизвестна",4,False,1,0,5000.0,0.0,1,0,0.0005532703163220673,0.0,True,0.0,exact,2248,0.0,1,0,1.0,0.0,0.0,0.0,0.0,0.0,0.0,0.0,False,True,depth_outflows_incomplete,5000.0,1,0.2,1.0
100000002999140100,peripheral,0.2,7,0.158827,"Вход=1, 10000.00 KZT; выход=0; глубина=4: обход обрезан, конечная роль неизвестна",4,False,1,0,10000.0,0.0,2,0,0.0002894826040557577,0.0,True,0.0,exact,2248,0.0,1,0,1.0,0.0,0.0,0.0,0.0,0.0,0.0,0.0,False,True,depth_outflows_incomplete,10000.0,2,0.2,1.0
100000003001138100,peripheral,0.2,15,0.269437,"Вход=1, 30000.00 KZT; выход=0; глубина=4: обход обрезан, конечная роль неизвестна",4,False,1,0,30000.0,0.0,1,0,0.0003173266522535839,0.0,True,0.0,exact,2248,0.0,1,0,1.0,0.0,0.0,0.0,0.0,0.0,0.0,0.0,False,True,depth_outflows_incomplete,30000.0,1,0.2,1.0
100000003001564100,peripheral,0.55,16,0.469409,"Мало связей: входов=1, выходов=1; оборот=203520.00 KZT; FIFO 1–7д=13%; в тот же день=?0%; правила иных ролей не выполнены",1,False,1,1,23520.0,180000.0,1,1,0.00028809811883623776,7.653061224489796,False,1.922024458454748e-05,exact,2248,0.2871452420701169,2,0,1.0,1.0,1.0,23520.0,0.13066666666666665,0.0,0.0,0.8693333333333333,False,False,sample_only,203520.0,2,0.55,1.0
100000003001661100,distributor,0.704608,15,0.837717,"Гипотеза распределения: входов=1, получателей=5; выход=439500.00 KZT; крупнейший выход=64%; источник средств неизвестен",3,False,1,5,110000.0,439500.0,1,8,0.0005464870342921869,3.9954545454545456,False,8.322167758257671e-05,exact,2248,0.7228714524207012,5,0,1.0,0.6359499431171786,0.8350398179749715,110000.0,0.2502844141069397,0.0,0.0,0.7497155858930603,False,False,sample_only,549500.0,9,0.704608,1.0
100000003003821100,terminal,0.59,2,0.331348,"Наблюдаемый получатель: входов=1, вход=40000.00 KZT; выход=0; глубина=2; вне выборки операции неизвестны",2,False,1,0,40000.0,0.0,1,0,0.0004379372905540045,0.0,False,0.0,exact,2248,0.0,1,0,1.0,0.0,0.0,0.0,0.0,0.0,0.0,0.0,False,False,sample_only,40000.0,1,0.59,1.0
100000003004487100,peripheral,0.3,36,0.815128,"Роль неоднозначна: входов=4, выходов=2; оборот=448717.80 KZT; FIFO 1–7д=3%; в тот же день=?0%; правила иных ролей не выполнены",1,False,4,2,183702.8,265015.0,9,3,0.0003508724817163427,1.4426290726107605,False,0.00019279688639963605,exact,2248,0.8330550918196995,5,1,0.6260111440870798,0.8490651472558157,1.0,9268.0,0.0349716053808275,0.0,0.0,0.9650283946191724,False,False,sample_only,448717.8,12,0.3,1.0
100000003005167100,peripheral,0.2,18,0.113223,"Вход=1, 7000.00 KZT; выход=0; глубина=4: обход обрезан, конечная роль неизвестна",4,False,1,0,7000.0,0.0,1,0,0.00028931534153250194,0.0,True,0.0,exact,2248,0.0,1,0,1.0,0.0,0.0,0.0,0.0,0.0,0.0,0.0,False,True,depth_outflows_incomplete,7000.0,1,0.2,1.0
100000003006633100,terminal,0.59,38,0.14705,"Наблюдаемый получатель: входов=1, вход=10000.00 KZT; выход=0; глубина=3; вне выборки операции неизвестны",3,False,1,0,10000.0,0.0,1,0,0.0002931965366687916,0.0,False,0.0,exact,2248,0.0,1,0,1.0,0.0,0.0,0.0,0.0,0.0,0.0,0.0,False,False,sample_only,10000.0,1,0.59,1.0
100000003009900100,terminal,0.59,18,0.161855,"Наблюдаемый получатель: входов=1, вход=15998.00 KZT; выход=0; глубина=3; вне выборки операции неизвестны",3,False,1,0,15998.0,0.0,1,0,0.0002915298650211894,0.0,False,0.0,exact,2248,0.0,1,0,1.0,0.0,0.0,0.0,0.0,0.0,0.0,0.0,False,False,sample_only,15998.0,1,0.59,1.0
100000003010908100,peripheral,0.2,18,0.262954,"Вход=1, 17000.00 KZT; выход=0; глубина=4: обход обрезан, конечная роль неизвестна",4,False,1,0,17000.0,0.0,1,0,0.00039940942699817443,0.0,True,0.0,exact,2248,0.0,1,0,1.0,0.0,0.0,0.0,0.0,0.0,0.0,0.0,False,True,depth_outflows_incomplete,17000.0,1,0.2,1.0
100000003014659100,terminal,0.59,11,0.417239,"Наблюдаемый получатель: входов=1, вход=280000.00 KZT; выход=0; глубина=1; вне выборки операции неизвестны",1,False,1,0,280000.0,0.0,1,0,0.0003280369433880595,0.0,False,0.0,exact,2248,0.0,1,0,1.0,0.0,0.0,0.0,0.0,0.0,0.0,0.0,False,False,sample_only,280000.0,1,0.59,1.0
100000003016438100,peripheral,0.55,42,0.662147,"Мало связей: входов=1, выходов=1; оборот=500000.00 KZT; FIFO 1–7д=0%; в тот же день=?67%; правила иных ролей не выполнены",3,False,1,1,200000.0,300000.0,1,3,0.00031668469996408427,1.5,False,2.139985994980544e-05,exact,2248,0.4532554257095159,2,0,1.0,1.0,0.0,0.0,0.0,200000.0,0.6666666666666666,0.3333333333333333,False,False,sample_only,500000.0,4,0.55,1.0
100000003016635100,coordinator,0.899666,16,0.991305,"Гипотеза связующего: соседей=75, внешних сообществ=12; посредничество=0.00722; не доказательство управления; seed: вход неполон",0,True,8,73,586981.0,9414081.0,36,151,0.0011896363343877673,16.038135817002594,False,0.00721546908244629,exact,2248,0.998330550918197,75,12,0.6686758174455392,0.09236164422209667,0.9427453407294881,0.0,0.0,586981.0,0.062351386184163915,0.9376486138158361,True,False,seed_inflows_incomplete,10001062.0,187,0.899666,1.0
100000003016773100,terminal,0.59,42,0.295906,"Наблюдаемый получатель: входов=1, вход=46555.00 KZT; выход=0; глубина=2; вне выборки операции неизвестны",2,False,1,0,46555.0,0.0,1,0,0.00031479566469907517,0.0,False,0.0,exact,2248,0.0,1,0,1.0,0.0,0.0,0.0,0.0,0.0,0.0,0.0,False,False,sample_only,46555.0,1,0.59,1.0
100000003022835100,terminal,0.59,2,0.35452,"Наблюдаемый получатель: входов=1, вход=125000.00 KZT; выход=0; глубина=1; вне выборки операции неизвестны",1,False,1,0,125000.0,0.0,1,0,0.0003105988484375593,0.0,False,0.0,exact,2248,0.0,1,0,1.0,0.0,0.0,0.0,0.0,0.0,0.0,0.0,False,False,sample_only,125000.0,1,0.59,1.0
100000003024542100,terminal,0.59,2,0.194022,"Наблюдаемый получатель: входов=1, вход=8500.00 KZT; выход=0; глубина=2; вне выборки операции неизвестны",2,False,1,0,8500.0,0.0,1,0,0.00031794749343884253,0.0,False,0.0,exact,2248,0.0,1,0,1.0,0.0,0.0,0.0,0.0,0.0,0.0,0.0,False,False,sample_only,8500.0,1,0.59,1.0
100000003025903100,peripheral,0.2,10,0.535924,"Вход=1, 386300.00 KZT; выход=0; глубина=4: обход обрезан, конечная роль неизвестна",4,False,1,0,386300.0,0.0,6,0,0.0005264518149577612,0.0,True,0.0,exact,2248,0.0,1,0,1.0,0.0,0.0,0.0,0.0,0.0,0.0,0.0,False,True,depth_outflows_incomplete,386300.0,6,0.2,1.0
100000003031003100,consolidator,0.79395,24,0.522376,Гипотеза сбора: отправителей=3; вход=280090.00 KZT; выход/вход=0.00; крупнейший вход=66%,3,False,3,0,280090.0,0.0,3,0,0.00031149881059583785,0.0,False,0.0,exact,2248,0.0,3,2,0.6605019815059445,0.0,0.0,0.0,0.0,0.0,0.0,0.0,False,False,sample_only,280090.0,3,0.79395,1.0
100000003031633100,terminal,0.59,4,0.459006,"Наблюдаемый получатель: входов=1, вход=414000.00 KZT; выход=0; глубина=3; вне выборки операции неизвестны",3,False,1,0,414000.0,0.0,2,0,0.00031462612731946766,0.0,False,0.0,exact,2248,0.0,1,0,1.0,0.0,0.0,0.0,0.0,0.0,0.0,0.0,False,False,sample_only,414000.0,2,0.59,1.0
100000003031761100,terminal,0.59,8,0.434399,"Наблюдаемый получатель: входов=1, вход=460408.00 KZT; выход=0; глубина=3; вне выборки операции неизвестны",3,False,1,0,460408.0,0.0,1,0,0.0003183607828225481,0.0,False,0.0,exact,2248,0.0,1,0,1.0,0.0,0.0,0.0,0.0,0.0,0.0,0.0,False,False,sample_only,460408.0,1,0.59,1.0
100000003031890100,terminal,0.59,34,0.492766,"Наблюдаемый получатель: входов=1, вход=215000.00 KZT; выход=0; глубина=2; вне выборки операции неизвестны",2,False,1,0,215000.0,0.0,10,0,0.0003921222300159283,0.0,False,0.0,exact,2248,0.0,1,0,1.0,0.0,0.0,0.0,0.0,0.0,0.0,0.0,False,False,sample_only,215000.0,10,0.59,1.0
100000003034546100,terminal,0.59,4,0.48072,"Наблюдаемый получатель: входов=1, вход=486715.00 KZT; выход=0; глубина=2; вне выборки операции неизвестны",2,False,1,0,486715.0,0.0,2,0,0.000331369004604237,0.0,False,0.0,exact,2248,0.0,1,0,1.0,0.0,0.0,0.0,0.0,0.0,0.0,0.0,False,False,sample_only,486715.0,2,0.59,1.0
100000003035737100,peripheral,0.3,10,0.682453,"Роль неоднозначна: входов=2, выходов=1; оборот=815714.53 KZT; FIFO 1–7д=100%; в тот же день=?0%; правила иных ролей не выполнены",3,False,2,1,809170.0,6544.53,3,1,0.0003788112784639957,0.008087954323566123,False,1.922024458454748e-05,exact,2248,0.2871452420701169,3,1,0.5605744157593584,1.0,1.0,6544.53,1.0,0.0,0.0,0.0,False,False,sample_only,815714.53,4,0.3,1.0
100000003036198100,terminal,0.59,2,0.127647,"Наблюдаемый получатель: входов=1, вход=15000.00 KZT; выход=0; глубина=2; вне выборки операции неизвестны",2,False,1,0,15000.0,0.0,1,0,0.0002879340067316298,0.0,False,0.0,exact,2248,0.0,1,0,1.0,0.0,0.0,0.0,0.0,0.0,0.0,0.0,False,False,sample_only,15000.0,1,0.59,1.0
100000003037476100,peripheral,0.2,4,0.587988,"Вход=3, 555000.00 KZT; выход=0; глубина=4: обход обрезан, конечная роль неизвестна",4,False,3,0,555000.0,0.0,3,0,0.0003593540563280306,0.0,True,0.0,exact,2248,0.0,3,1,0.6666666666666666,0.0,0.0,0.0,0.0,0.0,0.0,0.0,False,True,depth_outflows_incomplete,555000.0,3,0.2,1.0
100000003037660100,terminal,0.59,2,0.271344,"Наблюдаемый получатель: входов=1, вход=53000.00 KZT; выход=0; глубина=1; вне выборки операции неизвестны",1,False,1,0,53000.0,0.0,1,0,0.0002961818252066847,0.0,False,0.0,exact,2248,0.0,1,0,1.0,0.0,0.0,0.0,0.0,0.0,0.0,0.0,False,False,sample_only,53000.0,1,0.59,1.0
100000003039473100,terminal,0.59,16,0.239984,"Наблюдаемый получатель: входов=1, вход=23000.00 KZT; выход=0; глубина=2; вне выборки операции неизвестны",2,False,1,0,23000.0,0.0,1,0,0.0003122138956605188,0.0,False,0.0,exact,2248,0.0,1,0,1.0,0.0,0.0,0.0,0.0,0.0,0.0,0.0,False,False,sample_only,23000.0,1,0.59,1.0
100000003040087100,peripheral,0.2,18,0.226503,"Вход=1, 29000.00 KZT; выход=0; глубина=4: обход обрезан, конечная роль неизвестна",4,False,1,0,29000.0,0.0,1,0,0.0002964248356000384,0.0,True,0.0,exact,2248,0.0,1,0,1.0,0.0,0.0,0.0,0.0,0.0,0.0,0.0,False,True,depth_outflows_incomplete,29000.0,1,0.2,1.0
100000003042994100,terminal,0.59,16,0.454408,"Наблюдаемый получатель: входов=1, вход=286086.00 KZT; выход=0; глубина=1; вне выборки операции неизвестны",1,False,1,0,286086.0,0.0,3,0,0.0003163287040785169,0.0,False,0.0,exact,2248,0.0,1,0,1.0,0.0,0.0,0.0,0.0,0.0,0.0,0.0,False,False,sample_only,286086.0,3,0.59,1.0
100000003044431100,terminal,0.63,2,0.390758,"Наблюдаемый получатель: входов=2, вход=60000.00 KZT; выход=0; глубина=2; вне выборки операции неизвестны",2,False,2,0,60000.0,0.0,2,0,0.00030245857854886894,0.0,False,0.0,exact,2248,0.0,2,1,0.5,0.0,0.0,0.0,0.0,0.0,0.0,0.0,False,False,sample_only,60000.0,2,0.63,1.0
100000003044518100,terminal,0.59,1,0.186216,"Наблюдаемый получатель: входов=1, вход=34423.00 KZT; выход=0; глубина=1; вне выборки операции неизвестны",1,False,1,0,34423.0,0.0,1,0,0.00028754318610180955,0.0,False,0.0,exact,2248,0.0,1,0,1.0,0.0,0.0,0.0,0.0,0.0,0.0,0.0,False,False,sample_only,34423.0,1,0.59,1.0
100000003047800100,peripheral,0.2,24,0.238122,"Вход=1, 12212.00 KZT; выход=0; глубина=4: обход обрезан, конечная роль неизвестна",4,False,1,0,12212.0,0.0,1,0,0.00037457034348758035,0.0,True,0.0,exact,2248,0.0,1,0,1.0,0.0,0.0,0.0,0.0,0.0,0.0,0.0,False,True,depth_outflows_incomplete,12212.0,1,0.2,1.0
100000003050771100,terminal,0.59,12,0.42574,"Наблюдаемый получатель: входов=1, вход=229000.00 KZT; выход=0; глубина=3; вне выборки операции неизвестны",3,False,1,0,229000.0,0.0,1,0,0.00037033984858502356,0.0,False,0.0,exact,2248,0.0,1,0,1.0,0.0,0.0,0.0,0.0,0.0,0.0,0.0,False,False,sample_only,229000.0,1,0.59,1.0
100000003054328100,peripheral,0.3,24,0.56953,"Роль неоднозначна: входов=1, выходов=2; оборот=333720.00 KZT; FIFO 1–7д=0%; в тот же день=?72%; правила иных ролей не выполнены",2,False,1,2,140000.0,193720.0,1,2,0.00033590915011809754,1.3837142857142857,False,7.925874055483496e-07,exact,2248,0.06928213689482471,3,0,1.0,0.9638653727028701,0.0,0.0,0.0,140000.0,0.7226925459425976,0.2773074540574024,False,False,sample_only,333720.0,3,0.3,1.0
100000003057225100,terminal,0.59,16,0.390568,"Наблюдаемый получатель: входов=1, вход=236000.00 KZT; выход=0; глубина=1; вне выборки операции неизвестны",1,False,1,0,236000.0,0.0,1,0,0.000310943554849581,0.0,False,0.0,exact,2248,0.0,1,0,1.0,0.0,0.0,0.0,0.0,0.0,0.0,0.0,False,False,sample_only,236000.0,1,0.59,1.0
100000003060187100,terminal,0.59,43,0.32085,"Наблюдаемый получатель: входов=1, вход=93046.00 KZT; выход=0; глубина=3; вне выборки операции неизвестны",3,False,1,0,93046.0,0.0,1,0,0.0003014815867240045,0.0,False,0.0,exact,2248,0.0,1,0,1.0,0.0,0.0,0.0,0.0,0.0,0.0,0.0,False,False,sample_only,93046.0,1,0.59,1.0
100000003060517100,terminal,0.59,28,0.439872,"Наблюдаемый получатель: входов=1, вход=315955.00 KZT; выход=0; глубина=3; вне выборки операции неизвестны",3,False,1,0,315955.0,0.0,1,0,0.00036188349261669046,0.0,False,0.0,exact,2248,0.0,1,0,1.0,0.0,0.0,0.0,0.0,0.0,0.0,0.0,False,False,sample_only,315955.0,1,0.59,1.0
100000003061115100,peripheral,0.2,0,0.354789,"Вход=1, 45000.00 KZT; выход=0; глубина=4: обход обрезан, конечная роль неизвестна",4,False,1,0,45000.0,0.0,1,0,0.0005339039923107205,0.0,True,0.0,exact,2248,0.0,1,0,1.0,0.0,0.0,0.0,0.0,0.0,0.0,0.0,False,True,depth_outflows_incomplete,45000.0,1,0.2,1.0
100000003062895100,terminal,0.63,42,0.547151,"Наблюдаемый получатель: входов=2, вход=328444.00 KZT; выход=0; глубина=2; вне выборки операции неизвестны",2,False,2,0,328444.0,0.0,2,0,0.0004076506709551851,0.0,False,0.0,exact,2248,0.0,2,1,0.5433011411382154,0.0,0.0,0.0,0.0,0.0,0.0,0.0,False,False,sample_only,328444.0,2,0.63,1.0
100000003066385100,terminal,0.63,0,0.27057,"Наблюдаемый получатель: входов=2, вход=20000.00 KZT; выход=0; глубина=1; вне выборки операции неизвестны",1,False,2,0,20000.0,0.0,2,0,0.00029153974169365685,0.0,False,0.0,exact,2248,0.0,2,0,0.5,0.0,0.0,0.0,0.0,0.0,0.0,0.0,False,False,sample_only,20000.0,2,0.63,1.0
100000003068941100,consolidator,0.766915,0,0.608263,Гипотеза сбора: отправителей=3; вход=94000.00 KZT; выход/вход=0.27; крупнейший вход=53%,2,False,3,1,94000.0,25000.0,3,2,0.000320174383735057,0.26595744680851063,False,1.981468513870874e-05,exact,2248,0.4073455759599332,4,2,0.5319148936170213,1.0,1.0,19000.0,0.76,6000.0,0.24,0.0,False,False,sample_only,119000.0,5,0.766915,1.0
100000003069463100,peripheral,0.55,14,0.370975,"Мало связей: входов=1, выходов=1; оборот=29420.00 KZT; FIFO 1–7д=0%; в тот же день=?0%; правила иных ролей не выполнены",3,False,1,1,11500.0,17920.0,1,1,0.0002884531759834954,1.5582608695652174,False,1.9616538287321655e-05,exact,2248,0.3831385642737897,2,0,1.0,1.0,0.0,0.0,0.0,0.0,0.0,1.0,False,False,sample_only,29420.0,2,0.55,1.0
100000003071649100,terminal,0.59,4,0.343147,"Наблюдаемый получатель: входов=1, вход=189500.00 KZT; выход=0; глубина=3; вне выборки операции неизвестны",3,False,1,0,189500.0,0.0,1,0,0.00029533227777052824,0.0,False,0.0,exact,2248,0.0,1,0,1.0,0.0,0.0,0.0,0.0,0.0,0.0,0.0,False,False,sample_only,189500.0,1,0.59,1.0
100000003071930100,consolidator,0.810774,4,0.748354,Гипотеза сбора: отправителей=3; вход=477610.00 KZT; выход/вход=0.01; крупнейший вход=48%,1,False,3,1,477610.0,5000.0,4,1,0.0003483674806474176,0.010468792529469651,False,4.279971989961088e-05,exact,2248,0.6118530884808013,4,1,0.4765603735265175,1.0,1.0,5000.0,1.0,0.0,0.0,0.0,False,False,sample_only,482610.0,5,0.810774,1.0
100000003072205100,peripheral,0.2,4,0.474473,"Вход=2, 163000.00 KZT; выход=0; глубина=4: обход обрезан, конечная роль неизвестна",4,False,2,0,163000.0,0.0,2,0,0.0003189739255881063,0.0,True,0.0,exact,2248,0.0,2,0,0.6134969325153374,0.0,0.0,0.0,0.0,0.0,0.0,0.0,False,True,depth_outflows_incomplete,163000.0,2,0.2,1.0
100000003072676100,terminal,0.59,28,0.221254,"Наблюдаемый получатель: входов=1, вход=31545.00 KZT; выход=0; глубина=3; вне выборки операции неизвестны",3,False,1,0,31545.0,0.0,1,0,0.00029318851653853617,0.0,False,0.0,exact,2248,0.0,1,0,1.0,0.0,0.0,0.0,0.0,0.0,0.0,0.0,False,False,sample_only,31545.0,1,0.59,1.0
100000003073398100,terminal,0.59,1,0.324439,"Наблюдаемый получатель: входов=1, вход=92960.00 KZT; выход=0; глубина=2; вне выборки операции неизвестны",2,False,1,0,92960.0,0.0,1,0,0.0003031880744905432,0.0,False,0.0,exact,2248,0.0,1,0,1.0,0.0,0.0,0.0,0.0,0.0,0.0,0.0,False,False,sample_only,92960.0,1,0.59,1.0
100000003073635100,terminal,0.59,8,0.357459,"Наблюдаемый получатель: входов=1, вход=129231.00 KZT; выход=0; глубина=3; вне выборки операции неизвестны",3,False,1,0,129231.0,0.0,1,0,0.0003118625039951041,0.0,False,0.0,exact,2248,0.0,1,0,1.0,0.0,0.0,0.0,0.0,0.0,0.0,0.0,False,False,sample_only,129231.0,1,0.59,1.0
100000003074515100,peripheral,0.2,4,0.323766,"Вход=1, 105000.00 KZT; выход=0; глубина=4: обход обрезан, конечная роль неизвестна",4,False,1,0,105000.0,0.0,1,0,0.0002993828545053818,0.0,True,0.0,exact,2248,0.0,1,0,1.0,0.0,0.0,0.0,0.0,0.0,0.0,0.0,False,True,depth_outflows_incomplete,105000.0,1,0.2,1.0
100000003078839100,peripheral,0.2,8,0.245659,"Вход=1, 14000.00 KZT; выход=0; глубина=4: обход обрезан, конечная роль неизвестна",4,False,1,0,14000.0,0.0,2,0,0.0003147926722848661,0.0,True,0.0,exact,2248,0.0,1,0,1.0,0.0,0.0,0.0,0.0,0.0,0.0,0.0,False,True,depth_outflows_incomplete,14000.0,2,0.2,1.0
100000003083865100,peripheral,0.2,18,0.154251,"Вход=1, 15000.00 KZT; выход=0; глубина=4: обход обрезан, конечная роль неизвестна",4,False,1,0,15000.0,0.0,1,0,0.00029118422941526375,0.0,True,0.0,exact,2248,0.0,1,0,1.0,0.0,0.0,0.0,0.0,0.0,0.0,0.0,False,True,depth_outflows_incomplete,15000.0,1,0.2,1.0
100000003084870100,peripheral,0.2,24,0.206898,"Вход=1, 6500.00 KZT; выход=0; глубина=4: обход обрезан, конечная роль неизвестна",4,False,1,0,6500.0,0.0,1,0,0.00034517865606512906,0.0,True,0.0,exact,2248,0.0,1,0,1.0,0.0,0.0,0.0,0.0,0.0,0.0,0.0,False,True,depth_outflows_incomplete,6500.0,1,0.2,1.0
100000003086040100,terminal,0.59,0,0.269168,"Наблюдаемый получатель: входов=1, вход=10500.00 KZT; выход=0; глубина=2; вне выборки операции неизвестны",2,False,1,0,10500.0,0.0,1,0,0.0005480623170204785,0.0,False,0.0,exact,2248,0.0,1,0,1.0,0.0,0.0,0.0,0.0,0.0,0.0,0.0,False,False,sample_only,10500.0,1,0.59,1.0
100000003087877100,terminal,0.59,8,0.286216,"Наблюдаемый получатель: входов=1, вход=91486.00 KZT; выход=0; глубина=3; вне выборки операции неизвестны",3,False,1,0,91486.0,0.0,1,0,0.00029208517171407756,0.0,False,0.0,exact,2248,0.0,1,0,1.0,0.0,0.0,0.0,0.0,0.0,0.0,0.0,False,False,sample_only,91486.0,1,0.59,1.0
100000003089018100,terminal,0.59,4,0.383098,"Наблюдаемый получатель: входов=1, вход=230000.00 KZT; выход=0; глубина=2; вне выборки операции неизвестны",2,False,1,0,230000.0,0.0,1,0,0.0003072122133568235,0.0,False,0.0,exact,2248,0.0,1,0,1.0,0.0,0.0,0.0,0.0,0.0,0.0,0.0,False,False,sample_only,230000.0,1,0.59,1.0
100000003089553100,terminal,0.59,42,0.358221,"Наблюдаемый получатель: входов=1, вход=150000.00 KZT; выход=0; глубина=3; вне выборки операции неизвестны",3,False,1,0,150000.0,0.0,1,0,0.0003070919971826514,0.0,False,0.0,exact,2248,0.0,1,0,1.0,0.0,0.0,0.0,0.0,0.0,0.0,0.0,False,False,sample_only,150000.0,1,0.59,1.0
100000003091142100,peripheral,0.2,0,0.326593,"Вход=1, 40000.00 KZT; выход=0; глубина=4: обход обрезан, конечная роль неизвестна",4,False,1,0,40000.0,0.0,1,0,0.0004098644410749577,0.0,True,0.0,exact,2248,0.0,1,0,1.0,0.0,0.0,0.0,0.0,0.0,0.0,0.0,False,True,depth_outflows_incomplete,40000.0,1,0.2,1.0
100000003093299100,terminal,0.59,0,0.118674,"Наблюдаемый получатель: входов=1, вход=15000.00 KZT; выход=0; глубина=3; вне выборки операции неизвестны",3,False,1,0,15000.0,0.0,1,0,0.00028641409372308623,0.0,False,0.0,exact,2248,0.0,1,0,1.0,0.0,0.0,0.0,0.0,0.0,0.0,0.0,False,False,sample_only,15000.0,1,0.59,1.0
100000003095610100,terminal,0.59,18,0.202052,"Наблюдаемый получатель: входов=1, вход=23665.00 KZT; выход=0; глубина=3; вне выборки операции неизвестны",3,False,1,0,23665.0,0.0,1,0,0.00029438645311679446,0.0,False,0.0,exact,2248,0.0,1,0,1.0,0.0,0.0,0.0,0.0,0.0,0.0,0.0,False,False,sample_only,23665.0,1,0.59,1.0
100000003096787100,peripheral,0.2,18,0.164524,"Вход=1, 16400.00 KZT; выход=0; глубина=4: обход обрезан, конечная роль неизвестна",4,False,1,0,16400.0,0.0,1,0,0.00029170829003374117,0.0,True,0.0,exact,2248,0.0,1,0,1.0,0.0,0.0,0.0,0.0,0.0,0.0,0.0,False,True,depth_outflows_incomplete,16400.0,1,0.2,1.0
100000003097324100,terminal,0.63,35,0.512068,"Наблюдаемый получатель: входов=2, вход=294000.00 KZT; выход=0; глубина=3; вне выборки операции неизвестны",3,False,2,0,294000.0,0.0,2,0,0.0003260131114572481,0.0,False,0.0,exact,2248,0.0,2,1,0.8163265306122449,0.0,0.0,0.0,0.0,0.0,0.0,0.0,False,False,sample_only,294000.0,2,0.63,1.0
100000003097947100,peripheral,0.2,8,0.315063,"Вход=1, 52980.00 KZT; выход=0; глубина=4: обход обрезан, конечная роль неизвестна",4,False,1,0,52980.0,0.0,1,0,0.0003200783823355938,0.0,True,0.0,exact,2248,0.0,1,0,1.0,0.0,0.0,0.0,0.0,0.0,0.0,0.0,False,True,depth_outflows_incomplete,52980.0,1,0.2,1.0
100000003102157100,terminal,0.59,0,0.363223,"Наблюдаемый получатель: входов=1, вход=96746.00 KZT; выход=0; глубина=1; вне выборки операции неизвестны",1,False,1,0,96746.0,0.0,2,0,0.0003037239155502857,0.0,False,0.0,exact,2248,0.0,1,0,1.0,0.0,0.0,0.0,0.0,0.0,0.0,0.0,False,False,sample_only,96746.0,2,0.59,1.0
100000003104347100,peripheral,0.55,29,0.623491,"Мало связей: входов=1, выходов=1; оборот=450000.00 KZT; FIFO 1–7д=0%; в тот же день=?0%; правила иных ролей не выполнены",2,False,1,1,418000.0,32000.0,1,1,0.00036431706006781635,0.07655502392344497,False,1.922024458454748e-05,exact,2248,0.2871452420701169,2,0,1.0,1.0,0.0,0.0,0.0,0.0,0.0,1.0,False,False,sample_only,450000.0,2,0.55,1.0
100000003105089100,peripheral,0.2,32,0.168988,"Вход=1, 10000.00 KZT; выход=0; глубина=4: обход обрезан, конечная роль неизвестна",4,False,1,0,10000.0,0.0,1,0,0.00029943768321597685,0.0,True,0.0,exact,2248,0.0,1,0,1.0,0.0,0.0,0.0,0.0,0.0,0.0,0.0,False,True,depth_outflows_incomplete,10000.0,1,0.2,1.0
100000003105929100,peripheral,0.55,10,0.58953,"Мало связей: входов=1, выходов=1; оборот=585921.00 KZT; FIFO 1–7д=0%; в тот же день=?0%; правила иных ролей не выполнены",3,False,1,1,429567.0,156354.0,2,1,0.0002994912058967726,0.3639804733603838,False,1.922024458454748e-05,exact,2248,0.2871452420701169,2,0,1.0,1.0,0.0,0.0,0.0,0.0,0.0,1.0,False,False,sample_only,585921.0,3,0.55,1.0
100000003109805100,terminal,0.59,28,0.22094,"Наблюдаемый получатель: входов=1, вход=36929.00 KZT; выход=0; глубина=3; вне выборки операции неизвестны",3,False,1,0,36929.0,0.0,1,0,0.00029138188362469686,0.0,False,0.0,exact,2248,0.0,1,0,1.0,0.0,0.0,0.0,0.0,0.0,0.0,0.0,False,False,sample_only,36929.0,1,0.59,1.0
100000003111305100,consolidator,0.847612,46,0.612461,Гипотеза сбора: отправителей=4; вход=509338.00 KZT; выход/вход=0.00; крупнейший вход=32%,3,False,4,0,509338.0,0.0,4,0,0.0004036018095361804,0.0,False,0.0,exact,2248,0.0,4,3,0.32388119480580674,0.0,0.0,0.0,0.0,0.0,0.0,0.0,False,False,sample_only,509338.0,4,0.847612,1.0
100000003112436100,terminal,0.59,16,0.328096,"Наблюдаемый получатель: входов=1, вход=100000.00 KZT; выход=0; глубина=2; вне выборки операции неизвестны",2,False,1,0,100000.0,0.0,1,0,0.0003021326407143058,0.0,False,0.0,exact,2248,0.0,1,0,1.0,0.0,0.0,0.0,0.0,0.0,0.0,0.0,False,False,sample_only,100000.0,1,0.59,1.0
100000003112578100,terminal,0.59,24,0.284466,"Наблюдаемый получатель: входов=1, вход=101080.00 KZT; выход=0; глубина=3; вне выборки операции неизвестны",3,False,1,0,101080.0,0.0,1,0,0.0002903839214275371,0.0,False,0.0,exact,2248,0.0,1,0,1.0,0.0,0.0,0.0,0.0,0.0,0.0,0.0,False,False,sample_only,101080.0,1,0.59,1.0
100000003115284100,consolidator,0.895316,11,0.925624,Гипотеза сбора: отправителей=8; вход=2160500.00 KZT; выход/вход=0.24; крупнейший вход=29%,1,False,8,2,2160500.0,517000.0,15,4,0.0015286375827955766,0.23929645915297384,False,0.00012780471914467138,exact,2248,0.7846410684474123,9,4,0.28789632029622775,0.5938104448742747,0.9864603481624759,250500.0,0.48452611218568664,259500.0,0.5019342359767892,0.013539651837524178,False,False,sample_only,2677500.0,19,0.895316,1.0
100000003116106100,terminal,0.59,10,0.446131,"Наблюдаемый получатель: входов=1, вход=494050.00 KZT; выход=0; глубина=3; вне выборки операции неизвестны",3,False,1,0,494050.0,0.0,2,0,0.0003015810466685917,0.0,False,0.0,exact,2248,0.0,1,0,1.0,0.0,0.0,0.0,0.0,0.0,0.0,0.0,False,False,sample_only,494050.0,2,0.59,1.0
100000003119550100,terminal,0.59,22,0.17159,"Наблюдаемый получатель: входов=1, вход=21000.00 KZT; выход=0; глубина=1; вне выборки операции неизвестны",1,False,1,0,21000.0,0.0,1,0,0.00028997694823419326,0.0,False,0.0,exact,2248,0.0,1,0,1.0,0.0,0.0,0.0,0.0,0.0,0.0,0.0,False,False,sample_only,21000.0,1,0.59,1.0
100000003122817100,terminal,0.59,14,0.466252,"Наблюдаемый получатель: входов=1, вход=444680.00 KZT; выход=0; глубина=3; вне выборки операции неизвестны",3,False,1,0,444680.0,0.0,1,0,0.0003970827328082313,0.0,False,0.0,exact,2248,0.0,1,0,1.0,0.0,0.0,0.0,0.0,0.0,0.0,0.0,False,False,sample_only,444680.0,1,0.59,1.0
100000003123296100,terminal,0.59,7,0.344874,"Наблюдаемый получатель: входов=1, вход=86200.00 KZT; выход=0; глубина=1; вне выборки операции неизвестны",1,False,1,0,86200.0,0.0,2,0,0.00029987461985430183,0.0,False,0.0,exact,2248,0.0,1,0,1.0,0.0,0.0,0.0,0.0,0.0,0.0,0.0,False,False,sample_only,86200.0,2,0.59,1.0
100000003125997100,peripheral,0.2,42,0.405417,"Вход=1, 87750.00 KZT; выход=0; глубина=4: обход обрезан, конечная роль неизвестна",4,False,1,0,87750.0,0.0,1,0,0.0005483720399494517,0.0,True,0.0,exact,2248,0.0,1,0,1.0,0.0,0.0,0.0,0.0,0.0,0.0,0.0,False,True,depth_outflows_incomplete,87750.0,1,0.2,1.0
100000003128638100,peripheral,0.2,4,0.435565,"Вход=1, 300000.00 KZT; выход=0; глубина=4: обход обрезан, конечная роль неизвестна",4,False,1,0,300000.0,0.0,1,0,0.0003581872469239982,0.0,True,0.0,exact,2248,0.0,1,0,1.0,0.0,0.0,0.0,0.0,0.0,0.0,0.0,False,True,depth_outflows_incomplete,300000.0,1,0.2,1.0
100000003131016100,peripheral,0.55,8,0.596826,"Мало связей: входов=1, выходов=1; оборот=531700.00 KZT; FIFO 1–7д=75%; в тот же день=?21%; правила иных ролей не выполнены",2,False,1,1,405700.0,126000.0,7,4,0.0016774572234080627,0.31057431599704216,False,0.0,exact,2248,0.0,1,0,1.0,1.0,0.753968253968254,95000.0,0.753968253968254,26000.0,0.20634920634920634,0.03968253968253968,False,False,sample_only,531700.0,11,0.55,1.0
100000003131693100,terminal,0.59,2,0.442429,"Наблюдаемый получатель: входов=1, вход=353277.00 KZT; выход=0; глубина=1; вне выборки операции неизвестны",1,False,1,0,353277.0,0.0,1,0,0.0003563082208274809,0.0,False,0.0,exact,2248,0.0,1,0,1.0,0.0,0.0,0.0,0.0,0.0,0.0,0.0,False,False,sample_only,353277.0,1,0.59,1.0
100000003132484100,terminal,0.59,4,0.404273,"Наблюдаемый получатель: входов=1, вход=90000.00 KZT; выход=0; глубина=3; вне выборки операции неизвестны",3,False,1,0,90000.0,0.0,1,0,0.0005388233251189476,0.0,False,0.0,exact,2248,0.0,1,0,1.0,0.0,0.0,0.0,0.0,0.0,0.0,0.0,False,False,sample_only,90000.0,1,0.59,1.0
100000003133045100,peripheral,0.2,48,0.338437,"Вход=1, 68000.00 KZT; выход=0; глубина=4: обход обрезан, конечная роль неизвестна",4,False,1,0,68000.0,0.0,1,0,0.00033304955989506193,0.0,True,0.0,exact,2248,0.0,1,0,1.0,0.0,0.0,0.0,0.0,0.0,0.0,0.0,False,True,depth_outflows_incomplete,68000.0,1,0.2,1.0
100000003134474100,terminal,0.59,10,0.28386,"Наблюдаемый получатель: входов=1, вход=116000.00 KZT; выход=0; глубина=3; вне выборки операции неизвестны",3,False,1,0,116000.0,0.0,1,0,0.0002893287584098846,0.0,False,0.0,exact,2248,0.0,1,0,1.0,0.0,0.0,0.0,0.0,0.0,0.0,0.0,False,False,sample_only,116000.0,1,0.59,1.0
100000003134550100,peripheral,0.2,42,0.318226,"Вход=1, 100000.00 KZT; выход=0; глубина=4: обход обрезан, конечная роль неизвестна",4,False,1,0,100000.0,0.0,1,0,0.0002988459392483642,0.0,True,0.0,exact,2248,0.0,1,0,1.0,0.0,0.0,0.0,0.0,0.0,0.0,0.0,False,True,depth_outflows_incomplete,100000.0,1,0.2,1.0
100000003134934100,consolidator,0.849211,0,0.600034,Гипотеза сбора: отправителей=4; вход=379354.00 KZT; выход/вход=0.00; крупнейший вход=31%,2,False,4,0,379354.0,0.0,4,0,0.0004244791138523046,0.0,False,0.0,exact,2248,0.0,4,3,0.3078918371758305,0.0,0.0,0.0,0.0,0.0,0.0,0.0,False,False,sample_only,379354.0,4,0.849211,1.0
100000003134937100,terminal,0.59,16,0.106673,"Наблюдаемый получатель: входов=1, вход=10286.00 KZT; выход=0; глубина=1; вне выборки операции неизвестны",1,False,1,0,10286.0,0.0,1,0,0.000286675224915866,0.0,False,0.0,exact,2248,0.0,1,0,1.0,0.0,0.0,0.0,0.0,0.0,0.0,0.0,False,False,sample_only,10286.0,1,0.59,1.0
100000003146511100,peripheral,0.2,12,0.192362,"Вход=1, 10000.00 KZT; выход=0; глубина=4: обход обрезан, конечная роль неизвестна",4,False,1,0,10000.0,0.0,1,0,0.000311813667487197,0.0,True,0.0,exact,2248,0.0,1,0,1.0,0.0,0.0,0.0,0.0,0.0,0.0,0.0,False,True,depth_outflows_incomplete,10000.0,1,0.2,1.0
100000003147719100,terminal,0.59,4,0.284668,"Наблюдаемый получатель: входов=1, вход=100000.00 KZT; выход=0; глубина=3; вне выборки операции неизвестны",3,False,1,0,100000.0,0.0,1,0,0.00029072126443008105,0.0,False,0.0,exact,2248,0.0,1,0,1.0,0.0,0.0,0.0,0.0,0.0,0.0,0.0,False,False,sample_only,100000.0,1,0.59,1.0
100000003148220100,peripheral,0.55,50,0.511108,"Мало связей: входов=1, выходов=2; оборот=49050.00 KZT; FIFO 1–7д=13%; в тот же день=?0%; правила иных ролей не выполнены",1,False,1,2,5650.0,43400.0,1,4,0.0009182428014100989,7.68141592920354,False,3.962937027741748e-07,exact,2248,0.030884808013355594,2,0,1.0,0.5852534562211982,0.22119815668202766,5650.0,0.13018433179723501,0.0,0.0,0.869815668202765,False,False,sample_only,49050.0,5,0.55,1.0
100000003149149100,terminal,0.59,10,0.350639,"Наблюдаемый получатель: входов=1, вход=245000.00 KZT; выход=0; глубина=3; вне выборки операции неизвестны",3,False,1,0,245000.0,0.0,1,0,0.00029350954186544125,0.0,False,0.0,exact,2248,0.0,1,0,1.0,0.0,0.0,0.0,0.0,0.0,0.0,0.0,False,False,sample_only,245000.0,1,0.59,1.0
100000003152964100,peripheral,0.55,8,0.534146,"Мало связей: входов=1, выходов=1; оборот=147347.00 KZT; FIFO 1–7д=100%; в тот же день=?0%; правила иных ролей не выполнены",3,False,1,1,141847.0,5500.0,1,1,0.0003144293427145823,0.03877417217142414,False,1.922024458454748e-05,exact,2248,0.2871452420701169,2,0,1.0,1.0,1.0,5500.0,1.0,0.0,0.0,0.0,False,False,sample_only,147347.0,2,0.55,1.0
100000003154105100,distributor,0.758787,32,0.85081,"Гипотеза распределения: входов=1, получателей=7; выход=338000.00 KZT; крупнейший выход=54%; источник средств неизвестен",3,False,1,7,60000.0,338000.0,1,9,0.000550680796574537,5.633333333333334,False,0.0001400898239306708,exact,2248,0.8046744574290484,8,0,1.0,0.5414201183431953,0.15680473372781065,45000.0,0.13313609467455623,15000.0,0.04437869822485207,0.8224852071005917,False,False,sample_only,398000.0,10,0.758787,1.0
100000003157333100,terminal,0.59,1,0.206359,"Наблюдаемый получатель: входов=1, вход=30000.00 KZT; выход=0; глубина=2; вне выборки операции неизвестны",2,False,1,0,30000.0,0.0,1,0,0.00029125521728309953,0.0,False,0.0,exact,2248,0.0,1,0,1.0,0.0,0.0,0.0,0.0,0.0,0.0,0.0,False,False,sample_only,30000.0,1,0.59,1.0
100000003157679100,consolidator,0.834713,4,0.606359,Гипотеза сбора: отправителей=4; вход=541000.00 KZT; выход/вход=0.00; крупнейший вход=45%,3,False,4,0,541000.0,0.0,4,0,0.0003728530959036694,0.0,False,0.0,exact,2248,0.0,4,1,0.45286506469500926,0.0,0.0,0.0,0.0,0.0,0.0,0.0,False,False,sample_only,541000.0,4,0.834713,1.0
100000003158727100,consolidator,0.812047,1,0.539648,Гипотеза сбора: отправителей=3; вход=367940.00 KZT; выход/вход=0.00; крупнейший вход=48%,1,False,3,0,367940.0,0.0,3,0,0.00031412912735274626,0.0,False,0.0,exact,2248,0.0,3,1,0.47953470674566506,0.0,0.0,0.0,0.0,0.0,0.0,0.0,False,False,sample_only,367940.0,3,0.812047,1.0
100000003159641100,peripheral,0.3,3,0.704156,"Роль неоднозначна: входов=4, выходов=1; оборот=261800.00 KZT; FIFO 1–7д=23%; в тот же день=?0%; правила иных ролей не выполнены",2,False,4,1,64000.0,197800.0,7,1,0.0003052153968344314,3.090625,False,5.8849614861964964e-05,exact,2248,0.6619365609348915,5,3,0.3125,1.0,1.0,45000.0,0.2275025278058645,0.0,0.0,0.7724974721941354,False,False,sample_only,261800.0,8,0.3,1.0
100000003163256100,peripheral,0.55,16,0.33455,"Мало связей: входов=1, выходов=1; оборот=28485.00 KZT; FIFO 1–7д=0%; в тот же день=?0%; правила иных ролей не выполнены",1,False,1,1,13485.0,15000.0,1,1,0.00028701917516909777,1.1123470522803114,False,1.922024458454748e-05,exact,2248,0.2871452420701169,2,0,1.0,1.0,0.0,0.0,0.0,0.0,0.0,1.0,False,False,sample_only,28485.0,2,0.55,1.0
100000003163886100,terminal,0.59,31,0.517082,"Наблюдаемый получатель: входов=1, вход=500000.00 KZT; выход=0; глубина=3; вне выборки операции неизвестны",3,False,1,0,500000.0,0.0,1,0,0.0007338350680593711,0.0,False,0.0,exact,2248,0.0,1,0,1.0,0.0,0.0,0.0,0.0,0.0,0.0,0.0,False,False,sample_only,500000.0,1,0.59,1.0
100000003164661100,terminal,0.59,27,0.561855,"Наблюдаемый получатель: входов=1, вход=596200.00 KZT; выход=0; глубина=3; вне выборки операции неизвестны",3,False,1,0,596200.0,0.0,3,0,0.0006007384807220605,0.0,False,0.0,exact,2248,0.0,1,0,1.0,0.0,0.0,0.0,0.0,0.0,0.0,0.0,False,False,sample_only,596200.0,3,0.59,1.0
100000003166017100,peripheral,0.2,18,0.154251,"Вход=1, 15000.00 KZT; выход=0; глубина=4: обход обрезан, конечная роль неизвестна",4,False,1,0,15000.0,0.0,1,0,0.00029118422941526375,0.0,True,0.0,exact,2248,0.0,1,0,1.0,0.0,0.0,0.0,0.0,0.0,0.0,0.0,False,True,depth_outflows_incomplete,15000.0,1,0.2,1.0
100000003166755100,terminal,0.59,2,0.175763,"Наблюдаемый получатель: входов=1, вход=24010.00 KZT; выход=0; глубина=2; вне выборки операции неизвестны",2,False,1,0,24010.0,0.0,1,0,0.0002893544107152427,0.0,False,0.0,exact,2248,0.0,1,0,1.0,0.0,0.0,0.0,0.0,0.0,0.0,0.0,False,False,sample_only,24010.0,1,0.59,1.0
100000003171006100,terminal,0.63,4,0.542127,"Наблюдаемый получатель: входов=2, вход=485000.00 KZT; выход=0; глубина=3; вне выборки операции неизвестны",3,False,2,0,485000.0,0.0,2,0,0.0003349679442942915,0.0,False,0.0,exact,2248,0.0,2,0,0.6288659793814433,0.0,0.0,0.0,0.0,0.0,0.0,0.0,False,False,sample_only,485000.0,2,0.63,1.0
100000003171587100,peripheral,0.3,10,0.748067,"Роль неоднозначна: входов=2, выходов=2; оборот=1131300.00 KZT; FIFO 1–7д=2%; в тот же день=?0%; правила иных ролей не выполнены",3,False,2,2,700000.0,431300.0,2,7,0.00031601841593021003,0.6161428571428571,False,3.883678287186913e-05,exact,2248,0.5684474123539232,4,1,0.7142857142857143,0.8956642708091815,0.023185717597959656,10000.0,0.023185717597959656,0.0,0.0,0.9768142824020404,False,False,sample_only,1131300.0,9,0.3,1.0
100000003173783100,peripheral,0.2,33,0.302187,"Вход=1, 23500.00 KZT; выход=0; глубина=4: обход обрезан, конечная роль неизвестна",4,False,1,0,23500.0,0.0,2,0,0.0003468224290716631,0.0,True,0.0,exact,2248,0.0,1,0,1.0,0.0,0.0,0.0,0.0,0.0,0.0,0.0,False,True,depth_outflows_incomplete,23500.0,2,0.2,1.0
100000003177533100,peripheral,0.2,8,0.299226,"Вход=1, 20000.00 KZT; выход=0; глубина=4: обход обрезан, конечная роль неизвестна",4,False,1,0,20000.0,0.0,3,0,0.0003381973769821903,0.0,True,0.0,exact,2248,0.0,1,0,1.0,0.0,0.0,0.0,0.0,0.0,0.0,0.0,False,True,depth_outflows_incomplete,20000.0,3,0.2,1.0
100000003178549100,peripheral,0.3,28,0.804009,"Роль неоднозначна: входов=2, выходов=4; оборот=339080.00 KZT; FIFO 1–7д=0%; в тот же день=?0%; правила иных ролей не выполнены",3,False,2,4,250000.0,89080.0,2,4,0.00035215781948056465,0.35632,False,0.00027212202015205507,exact,2248,0.8614357262103506,6,3,0.84,0.6623259991019308,0.0,0.0,0.0,0.0,0.0,1.0,False,False,sample_only,339080.0,6,0.3,1.0
100000003180305100,peripheral,0.2,0,0.423542,"Вход=1, 144000.00 KZT; выход=0; глубина=4: обход обрезан, конечная роль неизвестна",4,False,1,0,144000.0,0.0,1,0,0.0005280565512084164,0.0,True,0.0,exact,2248,0.0,1,0,1.0,0.0,0.0,0.0,0.0,0.0,0.0,0.0,False,True,depth_outflows_incomplete,144000.0,1,0.2,1.0
100000003180820100,peripheral,0.2,4,0.320402,"Вход=1, 101000.00 KZT; выход=0; глубина=4: обход обрезан, конечная роль неизвестна",4,False,1,0,101000.0,0.0,1,0,0.0002988566236372641,0.0,True,0.0,exact,2248,0.0,1,0,1.0,0.0,0.0,0.0,0.0,0.0,0.0,0.0,False,True,depth_outflows_incomplete,101000.0,1,0.2,1.0
100000003186579100,peripheral,0.2,8,0.444336,"Вход=1, 110000.00 KZT; выход=0; глубина=4: обход обрезан, конечная роль неизвестна",4,False,1,0,110000.0,0.0,2,0,0.0005151815504625246,0.0,True,0.0,exact,2248,0.0,1,0,1.0,0.0,0.0,0.0,0.0,0.0,0.0,0.0,False,True,depth_outflows_incomplete,110000.0,2,0.2,1.0
100000003187359100,terminal,0.59,22,0.159253,"Наблюдаемый получатель: входов=1, вход=19072.00 KZT; выход=0; глубина=1; вне выборки операции неизвестны",1,False,1,0,19072.0,0.0,1,0,0.0002895722836177843,0.0,False,0.0,exact,2248,0.0,1,0,1.0,0.0,0.0,0.0,0.0,0.0,0.0,0.0,False,False,sample_only,19072.0,1,0.59,1.0
100000003188607100,peripheral,0.55,1,0.351482,"Мало связей: входов=1, выходов=1; оборот=23000.00 KZT; FIFO 1–7д=0%; в тот же день=?0%; правила иных ролей не выполнены",2,False,1,1,18000.0,5000.0,1,1,0.0003147625614708975,0.2777777777777778,False,5.944405541612623e-07,exact,2248,0.052587646076794656,2,0,1.0,1.0,0.0,0.0,0.0,0.0,0.0,1.0,False,False,sample_only,23000.0,2,0.55,1.0
100000003190207100,peripheral,0.55,47,0.624545,"Мало связей: входов=1, выходов=1; оборот=382000.00 KZT; FIFO 1–7д=1%; в тот же день=?0%; правила иных ролей не выполнены",3,False,1,1,5000.0,377000.0,1,8,0.0002991258827616204,75.4,False,2.1003566247031264e-05,exact,2248,0.44407345575959933,2,0,1.0,1.0,0.18037135278514588,5000.0,0.013262599469496022,0.0,0.0,0.986737400530504,False,False,sample_only,382000.0,9,0.55,1.0
100000003191430100,terminal,0.59,16,0.440231,"Наблюдаемый получатель: входов=1, вход=180000.00 KZT; выход=0; глубина=2; вне выборки операции неизвестны",2,False,1,0,180000.0,0.0,1,0,0.0005307375952815097,0.0,False,0.0,exact,2248,0.0,1,0,1.0,0.0,0.0,0.0,0.0,0.0,0.0,0.0,False,False,sample_only,180000.0,1,0.59,1.0
100000003192220100,terminal,0.59,5,0.405305,"Наблюдаемый получатель: входов=1, вход=60000.00 KZT; выход=0; глубина=2; вне выборки операции неизвестны",2,False,1,0,60000.0,0.0,2,0,0.0005031715963348392,0.0,False,0.0,exact,2248,0.0,1,0,1.0,0.0,0.0,0.0,0.0,0.0,0.0,0.0,False,False,sample_only,60000.0,2,0.59,1.0
100000003192309100,peripheral,0.55,22,0.43297,"Мало связей: входов=1, выходов=1; оборот=230200.00 KZT; FIFO 1–7д=0%; в тот же день=?0%; правила иных ролей не выполнены",3,False,1,1,17200.0,213000.0,1,1,0.000288253832019236,12.383720930232558,False,1.387027959709612e-06,exact,2248,0.11519198664440734,2,0,1.0,1.0,0.0,0.0,0.0,0.0,0.0,1.0,False,False,sample_only,230200.0,2,0.55,1.0
100000003194831100,peripheral,0.2,18,0.121747,"Вход=1, 6265.00 KZT; выход=0; глубина=4: обход обрезан, конечная роль неизвестна",4,False,1,0,6265.0,0.0,1,0,0.00029082672336293444,0.0,True,0.0,exact,2248,0.0,1,0,1.0,0.0,0.0,0.0,0.0,0.0,0.0,0.0,False,True,depth_outflows_incomplete,6265.0,1,0.2,1.0
100000003199390100,peripheral,0.2,10,0.435117,"Вход=1, 260000.00 KZT; выход=0; глубина=4: обход обрезан, конечная роль неизвестна",4,False,1,0,260000.0,0.0,1,0,0.0003766331907775371,0.0,True,0.0,exact,2248,0.0,1,0,1.0,0.0,0.0,0.0,0.0,0.0,0.0,0.0,False,True,depth_outflows_incomplete,260000.0,1,0.2,1.0
100000003200071100,peripheral,0.55,58,0.166431,"Мало связей: входов=0, выходов=1; оборот=30000.00 KZT; FIFO 1–7д=0%; в тот же день=?0%; правила иных ролей не выполнены; seed: вход неполон",0,True,0,1,0.0,30000.0,0,1,0.0002855692942172909,,False,0.0,exact,2248,0.0,1,0,0.0,1.0,0.0,0.0,0.0,0.0,0.0,1.0,True,False,seed_inflows_incomplete,30000.0,1,0.55,1.0
100000003204491100,peripheral,0.55,0,0.543141,"Мало связей: входов=1, выходов=1; оборот=240000.00 KZT; FIFO 1–7д=0%; в тот же день=?100%; правила иных ролей не выполнены",3,False,1,1,140000.0,100000.0,1,2,0.00029798480966852173,0.7142857142857143,False,1.922024458454748e-05,exact,2248,0.2871452420701169,2,0,1.0,1.0,0.0,0.0,0.0,100000.0,1.0,0.0,False,False,sample_only,240000.0,3,0.55,1.0
100000003205210100,terminal,0.59,2,0.361945,"Наблюдаемый получатель: входов=1, вход=137563.00 KZT; выход=0; глубина=1; вне выборки операции неизвестны",1,False,1,0,137563.0,0.0,1,0,0.0003131144187549131,0.0,False,0.0,exact,2248,0.0,1,0,1.0,0.0,0.0,0.0,0.0,0.0,0.0,0.0,False,False,sample_only,137563.0,1,0.59,1.0
100000003207060100,peripheral,0.2,0,0.352636,"Вход=1, 53000.00 KZT; выход=0; глубина=4: обход обрезан, конечная роль неизвестна",4,False,1,0,53000.0,0.0,1,0,0.0004274431125866972,0.0,True,0.0,exact,2248,0.0,1,0,1.0,0.0,0.0,0.0,0.0,0.0,0.0,0.0,False,True,depth_outflows_incomplete,53000.0,1,0.2,1.0
100000003213473100,distributor,0.86875,0,0.682616,"Гипотеза распределения: входов=1, получателей=11; выход=240000.00 KZT; крупнейший выход=21%; источник средств неизвестен",3,False,1,11,57500.0,240000.0,2,12,0.00028880769232283976,4.173913043478261,False,0.00010972673620999489,exact,2248,0.7562604340567612,11,2,1.0,0.20833333333333334,0.31666666666666665,45500.0,0.18958333333333333,0.0,0.0,0.8104166666666667,False,False,sample_only,297500.0,14,0.86875,1.0
100000003214786100,peripheral,0.2,0,0.220357,"Вход=1, 5000.00 KZT; выход=0; глубина=4: обход обрезан, конечная роль неизвестна",4,False,1,0,5000.0,0.0,1,0,0.00042028195414468963,0.0,True,0.0,exact,2248,0.0,1,0,1.0,0.0,0.0,0.0,0.0,0.0,0.0,0.0,False,True,depth_outflows_incomplete,5000.0,1,0.2,1.0
100000003215448100,peripheral,0.3,8,0.643862,"Роль неоднозначна: входов=1, выходов=2; оборот=215309.00 KZT; FIFO 1–7д=6%; в тот же день=?0%; правила иных ролей не выполнены",3,False,1,2,91309.0,124000.0,1,4,0.00030414693187081325,1.3580260434349298,False,3.844048916909496e-05,exact,2248,0.5450751252086812,3,0,1.0,0.8870967741935484,0.06451612903225806,8000.0,0.06451612903225806,0.0,0.0,0.9354838709677419,False,False,sample_only,215309.0,5,0.3,1.0
100000003216073100,peripheral,0.55,8,0.378693,"Мало связей: входов=1, выходов=1; оборот=107001.00 KZT; FIFO 1–7д=53%; в тот же день=?0%; правила иных ролей не выполнены",3,False,1,1,37001.0,70000.0,1,1,0.0002882046043550016,1.891840761060512,False,7.925874055483496e-07,exact,2248,0.06928213689482471,2,0,1.0,1.0,1.0,37001.0,0.5285857142857143,0.0,0.0,0.47141428571428573,False,False,sample_only,107001.0,2,0.55,1.0
100000003218308100,terminal,0.59,0,0.105821,"Наблюдаемый получатель: входов=1, вход=11165.00 KZT; выход=0; глубина=3; вне выборки операции неизвестны",3,False,1,0,11165.0,0.0,1,0,0.0002861981066494379,0.0,False,0.0,exact,2248,0.0,1,0,1.0,0.0,0.0,0.0,0.0,0.0,0.0,0.0,False,False,sample_only,11165.0,1,0.59,1.0
100000003219438100,terminal,0.59,59,0.319504,"Наблюдаемый получатель: входов=1, вход=32000.00 KZT; выход=0; глубина=2; вне выборки операции неизвестны",2,False,1,0,32000.0,0.0,1,0,0.00044715563704310536,0.0,False,0.0,exact,2248,0.0,1,0,1.0,0.0,0.0,0.0,0.0,0.0,0.0,0.0,False,False,sample_only,32000.0,1,0.59,1.0
100000003220685100,peripheral,0.2,10,0.55609,"Вход=1, 1306000.00 KZT; выход=0; глубина=4: обход обрезан, конечная роль неизвестна",4,False,1,0,1306000.0,0.0,2,0,0.0005375987236644607,0.0,True,0.0,exact,2248,0.0,1,0,1.0,0.0,0.0,0.0,0.0,0.0,0.0,0.0,False,True,depth_outflows_incomplete,1306000.0,2,0.2,1.0
100000003221384100,terminal,0.59,3,0.482986,"Наблюдаемый получатель: входов=1, вход=511200.00 KZT; выход=0; глубина=2; вне выборки операции неизвестны",2,False,1,0,511200.0,0.0,1,0,0.0004482029353149174,0.0,False,0.0,exact,2248,0.0,1,0,1.0,0.0,0.0,0.0,0.0,0.0,0.0,0.0,False,False,sample_only,511200.0,1,0.59,1.0
100000003221510100,peripheral,0.3,0,0.53859,"Роль неоднозначна: входов=1, выходов=2; оборот=144000.00 KZT; FIFO 1–7д=0%; в тот же день=?0%; правила иных ролей не выполнены",3,False,1,2,24000.0,120000.0,1,3,0.00028692097342656345,5.0,False,3.844048916909496e-05,exact,2248,0.5450751252086812,3,0,1.0,0.5,0.0,0.0,0.0,0.0,0.0,1.0,False,False,sample_only,144000.0,4,0.3,1.0
100000003230328100,peripheral,0.2,0,0.404744,"Вход=3, 26572.00 KZT; выход=0; глубина=4: обход обрезан, конечная роль неизвестна",4,False,3,0,26572.0,0.0,3,0,0.00035168013741866146,0.0,True,0.0,exact,2248,0.0,3,2,0.3763359927743489,0.0,0.0,0.0,0.0,0.0,0.0,0.0,False,True,depth_outflows_incomplete,26572.0,3,0.2,1.0
100000003230329100,peripheral,0.2,4,0.328477,"Вход=1, 110000.00 KZT; выход=0; глубина=4: обход обрезан, конечная роль неизвестна",4,False,1,0,110000.0,0.0,1,0,0.00030004064309052897,0.0,True,0.0,exact,2248,0.0,1,0,1.0,0.0,0.0,0.0,0.0,0.0,0.0,0.0,False,True,depth_outflows_incomplete,110000.0,1,0.2,1.0
100000003232675100,peripheral,0.2,12,0.3643,"Вход=1, 44000.00 KZT; выход=0; глубина=4: обход обрезан, конечная роль неизвестна",4,False,1,0,44000.0,0.0,2,0,0.00040104453660487797,0.0,True,0.0,exact,2248,0.0,1,0,1.0,0.0,0.0,0.0,0.0,0.0,0.0,0.0,False,True,depth_outflows_incomplete,44000.0,2,0.2,1.0
100000003235780100,terminal,0.63,0,0.353746,"Наблюдаемый получатель: входов=2, вход=65000.00 KZT; выход=0; глубина=1; вне выборки операции неизвестны",1,False,2,0,65000.0,0.0,2,0,0.00029120007891764556,0.0,False,0.0,exact,2248,0.0,2,0,0.7692307692307693,0.0,0.0,0.0,0.0,0.0,0.0,0.0,False,False,sample_only,65000.0,2,0.63,1.0
100000003237045100,peripheral,0.55,16,0.517127,"Мало связей: входов=1, выходов=1; оборот=490200.00 KZT; FIFO 1–7д=0%; в тот же день=?0%; правила иных ролей не выполнены",2,False,1,1,340200.0,150000.0,2,1,0.00039413443206538995,0.4409171075837742,False,0.0,exact,2248,0.0,1,0,1.0,1.0,0.0,0.0,0.0,0.0,0.0,1.0,False,False,sample_only,490200.0,3,0.55,1.0
100000003239379100,terminal,0.59,7,0.318831,"Наблюдаемый получатель: входов=1, вход=92500.00 KZT; выход=0; глубина=1; вне выборки операции неизвестны",1,False,1,0,92500.0,0.0,1,0,0.00030092013669320166,0.0,False,0.0,exact,2248,0.0,1,0,1.0,0.0,0.0,0.0,0.0,0.0,0.0,0.0,False,False,sample_only,92500.0,1,0.59,1.0
100000003239859100,terminal,0.59,7,0.150034,"Наблюдаемый получатель: входов=1, вход=18600.00 KZT; выход=0; глубина=1; вне выборки операции неизвестны",1,False,1,0,18600.0,0.0,1,0,0.0002886560582178524,0.0,False,0.0,exact,2248,0.0,1,0,1.0,0.0,0.0,0.0,0.0,0.0,0.0,0.0,False,False,sample_only,18600.0,1,0.59,1.0
100000003241965100,terminal,0.59,18,0.154026,"Наблюдаемый получатель: входов=1, вход=15000.00 KZT; выход=0; глубина=3; вне выборки операции неизвестны",3,False,1,0,15000.0,0.0,1,0,0.0002911580279376608,0.0,False,0.0,exact,2248,0.0,1,0,1.0,0.0,0.0,0.0,0.0,0.0,0.0,0.0,False,False,sample_only,15000.0,1,0.59,1.0
100000003242289100,coordinator,0.887312,28,0.923149,"Гипотеза связующего: соседей=25, внешних сообществ=4; посредничество=0.00100; не доказательство управления",2,False,3,23,550791.0,2377741.0,8,26,0.0004397217042853967,4.316956885642648,False,0.0010013456094342644,exact,2248,0.9365609348914858,25,4,0.8511232028119559,0.21953610590892783,0.7363043325576671,409923.0,0.17240018992817133,140868.0,0.059244467753216186,0.7683553423186125,False,False,sample_only,2928532.0,34,0.887312,1.0
100000003242795100,terminal,0.59,10,0.279486,"Наблюдаемый получатель: входов=1, вход=111000.00 KZT; выход=0; глубина=3; вне выборки операции неизвестны",3,False,1,0,111000.0,0.0,1,0,0.00028916671253951414,0.0,False,0.0,exact,2248,0.0,1,0,1.0,0.0,0.0,0.0,0.0,0.0,0.0,0.0,False,False,sample_only,111000.0,1,0.59,1.0
100000003246024100,peripheral,0.55,8,0.630059,"Мало связей: входов=1, выходов=1; оборот=30000.00 KZT; FIFO 1–7д=0%; в тот же день=?100%; правила иных ролей не выполнены",2,False,1,1,25000.0,5000.0,1,1,0.0003713400564301804,0.2,False,0.001611690577703376,exact,2248,0.9532554257095158,2,1,1.0,1.0,0.0,0.0,0.0,5000.0,1.0,0.0,False,False,sample_only,30000.0,2,0.55,1.0
100000003247600100,peripheral,0.2,2,0.400258,"Вход=1, 58000.00 KZT; выход=0; глубина=4: обход обрезан, конечная роль неизвестна",4,False,1,0,58000.0,0.0,1,0,0.0008412090951663765,0.0,True,0.0,exact,2248,0.0,1,0,1.0,0.0,0.0,0.0,0.0,0.0,0.0,0.0,False,True,depth_outflows_incomplete,58000.0,1,0.2,1.0
100000003249054100,consolidator,0.884534,2,0.709996,Гипотеза сбора: отправителей=7; вход=99700.00 KZT; выход/вход=0.15; крупнейший вход=33%,2,False,7,1,99700.0,15000.0,11,1,0.0004314632286065654,0.15045135406218657,False,3.962937027741748e-05,exact,2248,0.5884808013355592,8,3,0.32898696088264795,1.0,1.0,15000.0,1.0,0.0,0.0,0.0,False,False,sample_only,114700.0,12,0.884534,1.0
100000003252446100,peripheral,0.2,42,0.32749,"Вход=1, 108600.00 KZT; выход=0; глубина=4: обход обрезан, конечная роль неизвестна",4,False,1,0,108600.0,0.0,1,0,0.00029998773072103645,0.0,True,0.0,exact,2248,0.0,1,0,1.0,0.0,0.0,0.0,0.0,0.0,0.0,0.0,False,True,depth_outflows_incomplete,108600.0,1,0.2,1.0
100000003254277100,peripheral,0.55,0,0.425667,"Мало связей: входов=1, выходов=1; оборот=94197.00 KZT; FIFO 1–7д=0%; в тот же день=?100%; правила иных ролей не выполнены",3,False,1,1,49200.0,44997.0,1,1,0.0002883402365962997,0.9145731707317073,False,1.922024458454748e-05,exact,2248,0.2871452420701169,2,0,1.0,1.0,0.0,0.0,0.0,44997.0,1.0,0.0,False,False,sample_only,94197.0,2,0.55,1.0
100000003254723100,terminal,0.59,2,0.520043,"Наблюдаемый получатель: входов=1, вход=269850.00 KZT; выход=0; глубина=2; вне выборки операции неизвестны",2,False,1,0,269850.0,0.0,6,0,0.0005300436631859101,0.0,False,0.0,exact,2248,0.0,1,0,1.0,0.0,0.0,0.0,0.0,0.0,0.0,0.0,False,False,sample_only,269850.0,6,0.59,1.0
100000003265158100,peripheral,0.3,7,0.799838,"Роль неоднозначна: входов=3, выходов=2; оборот=300300.40 KZT; FIFO 1–7д=12%; в тот же день=?83%; правила иных ролей не выполнены",1,False,3,2,146100.4,154200.0,3,4,0.0003846709844220265,1.055438588806054,False,0.00017654884458589488,exact,2248,0.8230383973288815,5,2,0.5523598840249582,0.6971465629053177,0.6971465629053177,18600.4,0.12062516212710765,127400.0,0.8261997405966277,0.05317509727626459,False,False,sample_only,300300.4,7,0.3,1.0
100000003265658100,peripheral,0.0,60,0.0,"Связей=0, операций=0; изолирован, данных для роли нет; seed: вход неполон",0,True,0,0,0.0,0.0,0,0,0.0002855692942172909,,False,0.0,exact,2248,0.0,0,0,0.0,0.0,0.0,0.0,0.0,0.0,0.0,0.0,True,False,no_operations;seed_inflows_incomplete,0.0,0,0.0,1.0
100000003270419100,terminal,0.59,12,0.455305,"Наблюдаемый получатель: входов=1, вход=150000.00 KZT; выход=0; глубина=3; вне выборки операции неизвестны",3,False,1,0,150000.0,0.0,1,0,0.0008334814098706033,0.0,False,0.0,exact,2248,0.0,1,0,1.0,0.0,0.0,0.0,0.0,0.0,0.0,0.0,False,False,sample_only,150000.0,1,0.59,1.0
100000003271151100,terminal,0.59,8,0.356382,"Наблюдаемый получатель: входов=1, вход=127294.00 KZT; выход=0; глубина=3; вне выборки операции неизвестны",3,False,1,0,127294.0,0.0,1,0,0.00031146840391586903,0.0,False,0.0,exact,2248,0.0,1,0,1.0,0.0,0.0,0.0,0.0,0.0,0.0,0.0,False,False,sample_only,127294.0,1,0.59,1.0
100000003275398100,peripheral,0.55,34,0.551144,"Мало связей: входов=1, выходов=1; оборот=320000.00 KZT; FIFO 1–7д=0%; в тот же день=?0%; правила иных ролей не выполнены",2,False,1,1,300000.0,20000.0,1,1,0.0004342478092851571,0.06666666666666667,False,0.0,exact,2248,0.0,2,0,1.0,1.0,0.0,0.0,0.0,0.0,0.0,1.0,False,False,sample_only,320000.0,2,0.55,1.0
100000003278020100,terminal,0.59,0,0.394358,"Наблюдаемый получатель: входов=1, вход=190000.00 KZT; выход=0; глубина=2; вне выборки операции неизвестны",2,False,1,0,190000.0,0.0,1,0,0.0003245512930395254,0.0,False,0.0,exact,2248,0.0,1,0,1.0,0.0,0.0,0.0,0.0,0.0,0.0,0.0,False,False,sample_only,190000.0,1,0.59,1.0
100000003284932100,terminal,0.59,2,0.296086,"Наблюдаемый получатель: входов=1, вход=69925.00 KZT; выход=0; глубина=1; вне выборки операции неизвестны",1,False,1,0,69925.0,0.0,1,0,0.000299570826848109,0.0,False,0.0,exact,2248,0.0,1,0,1.0,0.0,0.0,0.0,0.0,0.0,0.0,0.0,False,False,sample_only,69925.0,1,0.59,1.0
100000003286537100,terminal,0.63,4,0.443136,"Наблюдаемый получатель: входов=2, вход=153000.00 KZT; выход=0; глубина=3; вне выборки операции неизвестны",3,False,2,0,153000.0,0.0,2,0,0.0003010947151858364,0.0,False,0.0,exact,2248,0.0,2,0,0.5098039215686274,0.0,0.0,0.0,0.0,0.0,0.0,0.0,False,False,sample_only,153000.0,2,0.63,1.0
100000003289281100,peripheral,0.2,0,0.360061,"Вход=1, 40000.00 KZT; выход=0; глубина=4: обход обрезан, конечная роль неизвестна",4,False,1,0,40000.0,0.0,1,0,0.000596717915072709,0.0,True,0.0,exact,2248,0.0,1,0,1.0,0.0,0.0,0.0,0.0,0.0,0.0,0.0,False,True,depth_outflows_incomplete,40000.0,1,0.2,1.0
100000003289405100,terminal,0.59,2,0.435745,"Наблюдаемый получатель: входов=1, вход=355000.00 KZT; выход=0; глубина=2; вне выборки операции неизвестны",2,False,1,0,355000.0,0.0,1,0,0.00033900466723614563,0.0,False,0.0,exact,2248,0.0,1,0,1.0,0.0,0.0,0.0,0.0,0.0,0.0,0.0,False,False,sample_only,355000.0,1,0.59,1.0
100000003292191100,terminal,0.59,35,0.328499,"Наблюдаемый получатель: входов=1, вход=112000.00 KZT; выход=0; глубина=3; вне выборки операции неизвестны",3,False,1,0,112000.0,0.0,1,0,0.0002996284816997216,0.0,False,0.0,exact,2248,0.0,1,0,1.0,0.0,0.0,0.0,0.0,0.0,0.0,0.0,False,False,sample_only,112000.0,1,0.59,1.0
100000003292979100,terminal,0.59,2,0.312865,"Наблюдаемый получатель: входов=1, вход=48950.00 KZT; выход=0; глубина=2; вне выборки операции неизвестны",2,False,1,0,48950.0,0.0,1,0,0.0003303145122730734,0.0,False,0.0,exact,2248,0.0,1,0,1.0,0.0,0.0,0.0,0.0,0.0,0.0,0.0,False,False,sample_only,48950.0,1,0.59,1.0
100000003293377100,terminal,0.59,10,0.210576,"Наблюдаемый получатель: входов=1, вход=50000.00 KZT; выход=0; глубина=3; вне выборки операции неизвестны",3,False,1,0,50000.0,0.0,1,0,0.000287189752920995,0.0,False,0.0,exact,2248,0.0,1,0,1.0,0.0,0.0,0.0,0.0,0.0,0.0,0.0,False,False,sample_only,50000.0,1,0.59,1.0
100000003299365100,peripheral,0.55,2,0.467979,"Мало связей: входов=1, выходов=1; оборот=400000.00 KZT; FIFO 1–7д=0%; в тот же день=?100%; правила иных ролей не выполнены",1,False,1,1,200000.0,200000.0,1,1,0.0003256165809697203,1.0,False,0.0,exact,2248,0.0,1,0,1.0,1.0,0.0,0.0,0.0,200000.0,1.0,0.0,False,False,sample_only,400000.0,2,0.55,1.0
100000003321423100,terminal,0.59,11,0.462618,"Наблюдаемый получатель: входов=1, вход=100000.00 KZT; выход=0; глубина=2; вне выборки операции неизвестны",2,False,1,0,100000.0,0.0,2,0,0.0006711029646605617,0.0,False,0.0,exact,2248,0.0,1,0,1.0,0.0,0.0,0.0,0.0,0.0,0.0,0.0,False,False,sample_only,100000.0,2,0.59,1.0
100000003321895100,peripheral,0.3,51,0.709155,"Роль неоднозначна: входов=1, выходов=2; оборот=577830.00 KZT; FIFO 1–7д=0%; в тот же день=?0%; правила иных ролей не выполнены",3,False,1,2,24000.0,553830.0,1,3,0.00031125966376989726,23.07625,False,3.962937027741748e-05,exact,2248,0.5884808013355592,3,1,1.0,0.9208601917555929,0.0,0.0,0.0,0.0,0.0,1.0,False,False,sample_only,577830.0,4,0.3,1.0
100000003336565100,terminal,0.59,22,0.162259,"Наблюдаемый получатель: входов=1, вход=16550.00 KZT; выход=0; глубина=2; вне выборки операции неизвестны",2,False,1,0,16550.0,0.0,1,0,0.0002911902917077186,0.0,False,0.0,exact,2248,0.0,1,0,1.0,0.0,0.0,0.0,0.0,0.0,0.0,0.0,False,False,sample_only,16550.0,1,0.59,1.0
100000003338583100,terminal,0.59,34,0.174462,"Наблюдаемый получатель: входов=1, вход=21765.00 KZT; выход=0; глубина=3; вне выборки операции неизвестны",3,False,1,0,21765.0,0.0,1,0,0.00029016016283832526,0.0,False,0.0,exact,2248,0.0,1,0,1.0,0.0,0.0,0.0,0.0,0.0,0.0,0.0,False,False,sample_only,21765.0,1,0.59,1.0
100000003345947100,peripheral,0.2,8,0.441936,"Вход=1, 79500.00 KZT; выход=0; глубина=4: обход обрезан, конечная роль неизвестна",4,False,1,0,79500.0,0.0,6,0,0.000494765923207766,0.0,True,0.0,exact,2248,0.0,1,0,1.0,0.0,0.0,0.0,0.0,0.0,0.0,0.0,False,True,depth_outflows_incomplete,79500.0,6,0.2,1.0
100000003349739100,peripheral,0.0,61,0.0,"Связей=0, операций=0; изолирован, данных для роли нет; seed: вход неполон",0,True,0,0,0.0,0.0,0,0,0.0002855692942172909,,False,0.0,exact,2248,0.0,0,0,0.0,0.0,0.0,0.0,0.0,0.0,0.0,0.0,True,False,no_operations;seed_inflows_incomplete,0.0,0,0.0,1.0
100000003360542100,peripheral,0.3,11,0.670574,"Роль неоднозначна: входов=2, выходов=2; оборот=368800.00 KZT; FIFO 1–7д=33%; в тот же день=?0%; правила иных ролей не выполнены",2,False,2,2,317000.0,51800.0,3,5,0.0014564325480065506,0.16340694006309148,False,9.90734256935437e-07,exact,2248,0.08180300500834725,3,0,0.9684542586750788,0.5888030888030888,0.8783783783783784,17000.0,0.3281853281853282,0.0,0.0,0.6718146718146718,False,False,sample_only,368800.0,8,0.3,1.0
100000003366154100,distributor,0.661442,2,0.72453,"Гипотеза распределения: входов=1, получателей=3; выход=289170.00 KZT; крупнейший выход=66%; источник средств неизвестен",1,False,1,3,125000.0,289170.0,1,3,0.0003105988484375593,2.31336,False,6.146709644545516e-05,exact,2248,0.67779632721202,4,0,1.0,0.657052944634644,0.0,0.0,0.0,125000.0,0.43227167410173944,0.5677283258982605,False,False,sample_only,414170.0,4,0.661442,1.0
100000003366471100,peripheral,0.3,8,0.649613,"Роль неоднозначна: входов=2, выходов=1; оборот=349789.00 KZT; FIFO 1–7д=0%; в тот же день=?100%; правила иных ролей не выполнены",3,False,2,1,329789.0,20000.0,5,1,0.0003604911511540956,0.0606448365470043,False,1.922024458454748e-05,exact,2248,0.2871452420701169,3,1,0.586811567396123,1.0,0.0,0.0,0.0,20000.0,1.0,0.0,False,False,sample_only,349789.0,6,0.3,1.0
100000003370425100,peripheral,0.2,12,0.313358,"Вход=1, 20000.00 KZT; выход=0; глубина=4: обход обрезан, конечная роль неизвестна",4,False,1,0,20000.0,0.0,1,0,0.0006479504805603652,0.0,True,0.0,exact,2248,0.0,1,0,1.0,0.0,0.0,0.0,0.0,0.0,0.0,0.0,False,True,depth_outflows_incomplete,20000.0,1,0.2,1.0
100000003377795100,terminal,0.59,1,0.0881,"Наблюдаемый получатель: входов=1, вход=7000.00 KZT; выход=0; глубина=1; вне выборки операции неизвестны",1,False,1,0,7000.0,0.0,1,0,0.00028597068988854644,0.0,False,0.0,exact,2248,0.0,1,0,1.0,0.0,0.0,0.0,0.0,0.0,0.0,0.0,False,False,sample_only,7000.0,1,0.59,1.0
100000003390036100,peripheral,0.3,11,0.822299,"Роль неоднозначна: входов=2, выходов=2; оборот=293300.00 KZT; FIFO 1–7д=0%; в тот же день=?16%; правила иных ролей не выполнены",2,False,2,2,231300.0,62000.0,4,2,0.001324223937144629,0.2680501513186338,False,7.826800629789953e-05,exact,2248,0.7178631051752922,4,0,0.9079118028534371,0.8387096774193549,0.8387096774193549,0.0,0.0,10000.0,0.16129032258064516,0.8387096774193549,False,False,sample_only,293300.0,6,0.3,1.0
100000003404627100,consolidator,0.827021,42,0.683681,Гипотеза сбора: отправителей=4; вход=877700.00 KZT; выход/вход=0.00; крупнейший вход=53%,1,False,4,0,877700.0,0.0,5,0,0.0013785777125656829,0.0,False,0.0,exact,2248,0.0,4,0,0.529793779195625,0.0,0.0,0.0,0.0,0.0,0.0,0.0,False,False,sample_only,877700.0,5,0.827021,1.0
100000003406094100,peripheral,0.3,16,0.720499,"Роль неоднозначна: входов=1, выходов=3; оборот=117000.00 KZT; FIFO 1–7д=15%; в тот же день=?0%; правила иных ролей не выполнены",3,False,1,3,70000.0,47000.0,4,3,0.0007781507813786751,0.6714285714285714,False,3.883678287186913e-05,exact,2248,0.5684474123539232,3,0,1.0,0.425531914893617,0.14893617021276595,7000.0,0.14893617021276595,0.0,0.0,0.851063829787234,False,False,sample_only,117000.0,7,0.3,1.0
100000003447411100,peripheral,0.2,8,0.44234,"Вход=1, 302000.00 KZT; выход=0; глубина=4: обход обрезан, конечная роль неизвестна",4,False,1,0,302000.0,0.0,3,0,0.000305818442968074,0.0,True,0.0,exact,2248,0.0,1,0,1.0,0.0,0.0,0.0,0.0,0.0,0.0,0.0,False,True,depth_outflows_incomplete,302000.0,3,0.2,1.0
100000003448713100,peripheral,0.2,8,0.385857,"Вход=1, 266750.00 KZT; выход=0; глубина=4: обход обрезан, конечная роль неизвестна",4,False,1,0,266750.0,0.0,1,0,0.00030345492477779225,0.0,True,0.0,exact,2248,0.0,1,0,1.0,0.0,0.0,0.0,0.0,0.0,0.0,0.0,False,True,depth_outflows_incomplete,266750.0,1,0.2,1.0
100000003449074100,terminal,0.59,0,0.106584,"Наблюдаемый получатель: входов=1, вход=10000.00 KZT; выход=0; глубина=1; вне выборки операции неизвестны",1,False,1,0,10000.0,0.0,1,0,0.0002874458184490932,0.0,False,0.0,exact,2248,0.0,1,0,1.0,0.0,0.0,0.0,0.0,0.0,0.0,0.0,False,False,sample_only,10000.0,1,0.59,1.0
100000003457710100,peripheral,0.55,10,0.602675,"Мало связей: входов=1, выходов=1; оборот=1632555.00 KZT; FIFO 1–7д=0%; в тот же день=?25%; правила иных ролей не выполнены",3,False,1,1,326555.0,1306000.0,1,2,0.0002961526720570532,3.999326300316945,False,1.922024458454748e-05,exact,2248,0.2871452420701169,2,0,1.0,1.0,0.0,0.0,0.0,326555.0,0.25004211332312404,0.7499578866768759,False,False,sample_only,1632555.0,3,0.55,1.0
100000003470579100,peripheral,0.2,14,0.523609,"Вход=1, 357000.00 KZT; выход=0; глубина=4: обход обрезан, конечная роль неизвестна",4,False,1,0,357000.0,0.0,2,0,0.0005685326159317399,0.0,True,0.0,exact,2248,0.0,1,0,1.0,0.0,0.0,0.0,0.0,0.0,0.0,0.0,False,True,depth_outflows_incomplete,357000.0,2,0.2,1.0
100000003476560100,terminal,0.59,2,0.262977,"Наблюдаемый получатель: входов=1, вход=50000.00 KZT; выход=0; глубина=1; вне выборки операции неизвестны",1,False,1,0,50000.0,0.0,1,0,0.00029558111590539824,0.0,False,0.0,exact,2248,0.0,1,0,1.0,0.0,0.0,0.0,0.0,0.0,0.0,0.0,False,False,sample_only,50000.0,1,0.59,1.0
100000003481025100,peripheral,0.2,0,0.250684,"Вход=1, 9000.00 KZT; выход=0; глубина=4: обход обрезан, конечная роль неизвестна",4,False,1,0,9000.0,0.0,1,0,0.0005310260909453556,0.0,True,0.0,exact,2248,0.0,1,0,1.0,0.0,0.0,0.0,0.0,0.0,0.0,0.0,False,True,depth_outflows_incomplete,9000.0,1,0.2,1.0
100000003484058100,peripheral,0.55,40,0.525331,"Мало связей: входов=1, выходов=1; оборот=116000.00 KZT; FIFO 1–7д=0%; в тот же день=?0%; правила иных ролей не выполнены",3,False,1,1,110000.0,6000.0,1,1,0.0003166609747422053,0.05454545454545454,False,1.922024458454748e-05,exact,2248,0.2871452420701169,2,0,1.0,1.0,0.0,0.0,0.0,0.0,0.0,1.0,False,False,sample_only,116000.0,2,0.55,1.0
100000003486846100,peripheral,0.2,16,0.353331,"Вход=1, 27000.00 KZT; выход=0; глубина=4: обход обрезан, конечная роль неизвестна",4,False,1,0,27000.0,0.0,2,0,0.0005311359663531782,0.0,True,0.0,exact,2248,0.0,1,0,1.0,0.0,0.0,0.0,0.0,0.0,0.0,0.0,False,True,depth_outflows_incomplete,27000.0,2,0.2,1.0
100000003486970100,terminal,0.59,10,0.304296,"Наблюдаемый получатель: входов=1, вход=150000.00 KZT; выход=0; глубина=3; вне выборки операции неизвестны",3,False,1,0,150000.0,0.0,1,0,0.00029043067032840335,0.0,False,0.0,exact,2248,0.0,1,0,1.0,0.0,0.0,0.0,0.0,0.0,0.0,0.0,False,False,sample_only,150000.0,1,0.59,1.0
100000003497735100,terminal,0.59,43,0.348822,"Наблюдаемый получатель: входов=1, вход=125000.00 KZT; выход=0; глубина=3; вне выборки операции неизвестны",3,False,1,0,125000.0,0.0,1,0,0.0003069462106171275,0.0,False,0.0,exact,2248,0.0,1,0,1.0,0.0,0.0,0.0,0.0,0.0,0.0,0.0,False,False,sample_only,125000.0,1,0.59,1.0
100000003500764100,peripheral,0.2,28,0.298508,"Вход=1, 21000.00 KZT; выход=0; глубина=4: обход обрезан, конечная роль неизвестна",4,False,1,0,21000.0,0.0,1,0,0.0005301918184248245,0.0,True,0.0,exact,2248,0.0,1,0,1.0,0.0,0.0,0.0,0.0,0.0,0.0,0.0,False,True,depth_outflows_incomplete,21000.0,1,0.2,1.0
100000003509750100,peripheral,0.3,1,0.654541,"Роль неоднозначна: входов=3, выходов=3; оборот=160690.00 KZT; FIFO 1–7д=38%; в тот же день=?46%; правила иных ролей не выполнены",2,False,3,3,82290.0,78400.0,4,5,0.001687048026555684,0.9527281565196257,False,1.981468513870874e-06,exact,2248,0.14858096828046743,4,0,0.45813586097946285,0.6173469387755102,0.6173469387755102,29690.0,0.37869897959183674,36410.0,0.4644132653061224,0.1568877551020408,False,False,sample_only,160690.0,9,0.3,1.0
100000003528285100,peripheral,0.3,2,0.833516,"Роль неоднозначна: входов=4, выходов=4; оборот=666870.00 KZT; FIFO 1–7д=11%; в тот же день=?11%; правила иных ролей не выполнены",3,False,4,4,118870.0,548000.0,5,6,0.00040427564554845465,4.6100782367292,False,0.00011504626015844329,exact,2248,0.7579298831385642,8,2,0.5047530916126861,0.43795620437956206,0.7664233576642335,58870.0,0.10742700729927007,60000.0,0.10948905109489052,0.7830839416058394,False,False,sample_only,666870.0,11,0.3,1.0
100000003557488100,peripheral,0.55,36,0.743021,"Мало связей: входов=1, выходов=2; оборот=802992.00 KZT; FIFO 1–7д=14%; в тот же день=?86%; правила иных ролей не выполнены",3,False,1,2,664992.0,138000.0,3,4,0.000580971814726147,0.20752129348924497,False,1.981468513870874e-05,exact,2248,0.4073455759599332,2,0,1.0,0.855072463768116,0.927536231884058,20000.0,0.14492753623188406,118000.0,0.855072463768116,0.0,False,False,sample_only,802992.0,7,0.55,1.0
100000003561031100,peripheral,0.55,8,0.311266,"Мало связей: входов=1, выходов=1; оборот=18300.00 KZT; FIFO 1–7д=0%; в тот же день=?0%; правила иных ролей не выполнены",3,False,1,1,13300.0,5000.0,1,1,0.00028827529889143965,0.37593984962406013,False,1.922024458454748e-05,exact,2248,0.2871452420701169,2,0,1.0,1.0,0.0,0.0,0.0,0.0,0.0,1.0,False,False,sample_only,18300.0,2,0.55,1.0
100000003567087100,terminal,0.59,22,0.287831,"Наблюдаемый получатель: входов=1, вход=62115.00 KZT; выход=0; глубина=1; вне выборки операции неизвестны",1,False,1,0,62115.0,0.0,1,0,0.0002986065051344285,0.0,False,0.0,exact,2248,0.0,1,0,1.0,0.0,0.0,0.0,0.0,0.0,0.0,0.0,False,False,sample_only,62115.0,1,0.59,1.0
100000003568904100,peripheral,0.2,12,0.359365,"Вход=1, 49000.00 KZT; выход=0; глубина=4: обход обрезан, конечная роль неизвестна",4,False,1,0,49000.0,0.0,1,0,0.0005317310119569392,0.0,True,0.0,exact,2248,0.0,1,0,1.0,0.0,0.0,0.0,0.0,0.0,0.0,0.0,False,True,depth_outflows_incomplete,49000.0,1,0.2,1.0
100000003574895100,peripheral,0.55,0,0.371383,"Мало связей: входов=1, выходов=1; оборот=47968.00 KZT; FIFO 1–7д=0%; в тот же день=?100%; правила иных ролей не выполнены",3,False,1,1,27968.0,20000.0,1,1,0.00028714445105582987,0.7151029748283753,False,1.922024458454748e-05,exact,2248,0.2871452420701169,2,0,1.0,1.0,0.0,0.0,0.0,20000.0,1.0,0.0,False,False,sample_only,47968.0,2,0.55,1.0
100000003581109100,terminal,0.59,0,0.201716,"Наблюдаемый получатель: входов=1, вход=42750.00 KZT; выход=0; глубина=3; вне выборки операции неизвестны",3,False,1,0,42750.0,0.0,1,0,0.00028797697280880764,0.0,False,0.0,exact,2248,0.0,1,0,1.0,0.0,0.0,0.0,0.0,0.0,0.0,0.0,False,False,sample_only,42750.0,1,0.59,1.0
100000003582677100,distributor,0.698304,2,0.646141,"Гипотеза распределения: входов=2, получателей=4; выход=56000.00 KZT; крупнейший выход=54%; источник средств неизвестен",3,False,2,4,29756.989999999998,56000.0,2,5,0.00029329270913900144,1.881910771217116,False,0.00017888146244571463,exact,2248,0.8263772954924875,6,3,0.7276273574713035,0.5446428571428571,0.0,0.0,0.0,0.0,0.0,1.0,False,False,sample_only,85756.98999999999,7,0.698304,1.0
100000003589877100,distributor,0.755677,42,0.768484,"Гипотеза распределения: входов=2, получателей=6; выход=416129.00 KZT; крупнейший выход=43%; источник средств неизвестен",1,False,2,6,176000.0,416129.0,2,6,0.0003069751599714215,2.364369318181818,False,9.545724565572936e-05,exact,2248,0.7328881469115192,8,2,0.8522727272727273,0.4288189479704611,0.33945002631395554,0.0,0.0,176000.0,0.4229457692206023,0.5770542307793978,False,False,sample_only,592129.0,8,0.755677,1.0
100000003594472100,terminal,0.59,36,0.190792,"Наблюдаемый получатель: входов=1, вход=20000.00 KZT; выход=0; глубина=3; вне выборки операции неизвестны",3,False,1,0,20000.0,0.0,1,0,0.0002944536874283026,0.0,False,0.0,exact,2248,0.0,1,0,1.0,0.0,0.0,0.0,0.0,0.0,0.0,0.0,False,False,sample_only,20000.0,1,0.59,1.0
100000003603979100,terminal,0.59,34,0.49705,"Наблюдаемый получатель: входов=1, вход=165000.00 KZT; выход=0; глубина=2; вне выборки операции неизвестны",2,False,1,0,165000.0,0.0,3,0,0.0005856463349534348,0.0,False,0.0,exact,2248,0.0,1,0,1.0,0.0,0.0,0.0,0.0,0.0,0.0,0.0,False,False,sample_only,165000.0,3,0.59,1.0
100000003610172100,terminal,0.59,10,0.236709,"Наблюдаемый получатель: входов=1, вход=70000.00 KZT; выход=0; глубина=3; вне выборки операции неизвестны",3,False,1,0,70000.0,0.0,1,0,0.0002878379364024767,0.0,False,0.0,exact,2248,0.0,1,0,1.0,0.0,0.0,0.0,0.0,0.0,0.0,0.0,False,False,sample_only,70000.0,1,0.59,1.0
100000003616818100,peripheral,0.3,34,0.654563,"Роль неоднозначна: входов=3, выходов=3; оборот=318100.00 KZT; FIFO 1–7д=11%; в тот же день=?0%; правила иных ролей не выполнены",1,False,3,3,78000.0,240100.0,4,8,0.0005130034108689025,3.0782051282051284,False,1.981468513870874e-06,exact,2248,0.14858096828046743,4,0,0.44871794871794873,0.6872136609745939,0.18783840066638902,27100.0,0.11286963765097877,0.0,0.0,0.8871303623490212,False,False,sample_only,318100.0,12,0.3,1.0
100000003617552100,terminal,0.59,27,0.3202,"Наблюдаемый получатель: входов=1, вход=25000.00 KZT; выход=0; глубина=2; вне выборки операции неизвестны",2,False,1,0,25000.0,0.0,1,0,0.0005510452542740759,0.0,False,0.0,exact,2248,0.0,1,0,1.0,0.0,0.0,0.0,0.0,0.0,0.0,0.0,False,False,sample_only,25000.0,1,0.59,1.0
100000003622955100,peripheral,0.2,11,0.307728,"Вход=1, 15000.00 KZT; выход=0; глубина=4: обход обрезан, конечная роль неизвестна",4,False,1,0,15000.0,0.0,1,0,0.001334263775828019,0.0,True,0.0,exact,2248,0.0,1,0,1.0,0.0,0.0,0.0,0.0,0.0,0.0,0.0,False,True,depth_outflows_incomplete,15000.0,1,0.2,1.0
100000003626268100,peripheral,0.2,8,0.23718,"Вход=1, 5000.00 KZT; выход=0; глубина=4: обход обрезан, конечная роль неизвестна",4,False,1,0,5000.0,0.0,1,0,0.0005308903791336683,0.0,True,0.0,exact,2248,0.0,1,0,1.0,0.0,0.0,0.0,0.0,0.0,0.0,0.0,False,True,depth_outflows_incomplete,5000.0,1,0.2,1.0
100000003631015100,peripheral,0.2,62,0.411429,"Вход=1, 266000.00 KZT; выход=0; глубина=4: обход обрезан, конечная роль неизвестна",4,False,1,0,266000.0,0.0,1,0,0.00032225093674487795,0.0,True,0.0,exact,2248,0.0,1,0,1.0,0.0,0.0,0.0,0.0,0.0,0.0,0.0,False,True,depth_outflows_incomplete,266000.0,1,0.2,1.0
100000003632533100,peripheral,0.2,10,0.241442,"Вход=1, 10000.00 KZT; выход=0; глубина=4: обход обрезан, конечная роль неизвестна",4,False,1,0,10000.0,0.0,1,0,0.00042894910408558583,0.0,True,0.0,exact,2248,0.0,1,0,1.0,0.0,0.0,0.0,0.0,0.0,0.0,0.0,False,True,depth_outflows_incomplete,10000.0,1,0.2,1.0
100000003635170100,peripheral,0.3,11,0.894926,"Роль неоднозначна: входов=3, выходов=4; оборот=522000.00 KZT; FIFO 1–7д=32%; в тот же день=?35%; правила иных ролей не выполнены",1,False,3,4,268500.0,253500.0,13,10,0.0011481911115018492,0.9441340782122905,False,0.00018804136196634596,exact,2248,0.8313856427378965,5,0,0.8659217877094972,0.5463510848126233,1.0,80500.0,0.3175542406311637,89500.0,0.3530571992110454,0.32938856015779094,False,False,sample_only,522000.0,23,0.3,1.0
100000003635660100,terminal,0.59,0,0.165579,"Наблюдаемый получатель: входов=1, вход=18985.00 KZT; выход=0; глубина=3; вне выборки операции неизвестны",3,False,1,0,18985.0,0.0,1,0,0.0002905219400417891,0.0,False,0.0,exact,2248,0.0,1,0,1.0,0.0,0.0,0.0,0.0,0.0,0.0,0.0,False,False,sample_only,18985.0,1,0.59,1.0
100000003636627100,peripheral,0.55,1,0.496669,"Мало связей: входов=1, выходов=1; оборот=87000.00 KZT; FIFO 1–7д=50%; в тот же день=?0%; правила иных ролей не выполнены",3,False,1,1,77000.0,10000.0,8,1,0.0019763124102948008,0.12987012987012986,False,0.0,exact,2248,0.0,1,0,1.0,1.0,1.0,5000.0,0.5,0.0,0.0,0.5,False,False,sample_only,87000.0,9,0.55,1.0
100000003646145100,peripheral,0.2,41,0.25692,"Вход=1, 5000.00 KZT; выход=0; глубина=4: обход обрезан, конечная роль неизвестна",4,False,1,0,5000.0,0.0,1,0,0.0006536813277109188,0.0,True,0.0,exact,2248,0.0,1,0,1.0,0.0,0.0,0.0,0.0,0.0,0.0,0.0,False,True,depth_outflows_incomplete,5000.0,1,0.2,1.0
100000003647799100,terminal,0.59,10,0.269908,"Наблюдаемый получатель: входов=1, вход=100000.00 KZT; выход=0; глубина=3; вне выборки операции неизвестны",3,False,1,0,100000.0,0.0,1,0,0.00028881021162469923,0.0,False,0.0,exact,2248,0.0,1,0,1.0,0.0,0.0,0.0,0.0,0.0,0.0,0.0,False,False,sample_only,100000.0,1,0.59,1.0
100000003650146100,terminal,0.59,16,0.18644,"Наблюдаемый получатель: входов=1, вход=14400.00 KZT; выход=0; глубина=3; вне выборки операции неизвестны",3,False,1,0,14400.0,0.0,1,0,0.00030012735117663754,0.0,False,0.0,exact,2248,0.0,1,0,1.0,0.0,0.0,0.0,0.0,0.0,0.0,0.0,False,False,sample_only,14400.0,1,0.59,1.0
100000003664994100,peripheral,0.2,63,0.484713,"Вход=1, 338271.00 KZT; выход=0; глубина=4: обход обрезан, конечная роль неизвестна",4,False,1,0,338271.0,0.0,2,0,0.0003911208228878406,0.0,True,0.0,exact,2248,0.0,1,0,1.0,0.0,0.0,0.0,0.0,0.0,0.0,0.0,False,True,depth_outflows_incomplete,338271.0,2,0.2,1.0
100000003671721100,terminal,0.59,18,0.248845,"Наблюдаемый получатель: входов=1, вход=5000.00 KZT; выход=0; глубина=3; вне выборки операции неизвестны",3,False,1,0,5000.0,0.0,1,0,0.000558742155523584,0.0,False,0.0,exact,2248,0.0,1,0,1.0,0.0,0.0,0.0,0.0,0.0,0.0,0.0,False,False,sample_only,5000.0,1,0.59,1.0
100000003677936100,peripheral,0.55,1,0.502518,"Мало связей: входов=1, выходов=1; оборот=84000.00 KZT; FIFO 1–7д=0%; в тот же день=?46%; правила иных ролей не выполнены",3,False,1,1,71000.0,13000.0,1,2,0.000308883638599444,0.18309859154929578,False,1.922024458454748e-05,exact,2248,0.2871452420701169,2,0,1.0,1.0,0.0,0.0,0.0,6000.0,0.46153846153846156,0.5384615384615384,False,False,sample_only,84000.0,3,0.55,1.0
100000003684369100,coordinator,0.894324,2,0.98972,"Гипотеза связующего: соседей=85, внешних сообществ=9; посредничество=0.00230; не доказательство управления; seed: вход неполон",0,True,24,62,3848436.0,8588655.0,58,67,0.002020291208486867,2.2317260830113845,False,0.0023030748381841454,exact,2248,0.9716193656093489,85,9,0.41125797596738,0.08616017292579571,1.0,554971.0,0.06461675314702943,3293465.0,0.38346691070953487,0.5519163361434357,True,False,seed_inflows_incomplete,12437091.0,125,0.894324,1.0
100000003692843100,peripheral,0.2,51,0.527288,"Вход=1, 510000.00 KZT; выход=0; глубина=4: обход обрезан, конечная роль неизвестна",4,False,1,0,510000.0,0.0,2,0,0.0005294957412060607,0.0,True,0.0,exact,2248,0.0,1,0,1.0,0.0,0.0,0.0,0.0,0.0,0.0,0.0,False,True,depth_outflows_incomplete,510000.0,2,0.2,1.0
100000003696422100,peripheral,0.2,36,0.473968,"Вход=1, 118000.00 KZT; выход=0; глубина=4: обход обрезан, конечная роль неизвестна",4,False,1,0,118000.0,0.0,2,0,0.0007085171420194981,0.0,True,0.0,exact,2248,0.0,1,0,1.0,0.0,0.0,0.0,0.0,0.0,0.0,0.0,False,True,depth_outflows_incomplete,118000.0,2,0.2,1.0
100000003701161100,consolidator,0.790058,29,0.929328,Гипотеза сбора: отправителей=4; вход=1527103.00 KZT; выход/вход=0.23; крупнейший вход=56%,1,False,4,3,1527103.0,349000.0,13,7,0.0016488161626324826,0.22853730232996727,False,0.00021300786524111896,exact,2248,0.8414023372287145,5,1,0.5566094755887455,0.6303724928366762,1.0,229000.0,0.6561604584527221,50000.0,0.14326647564469913,0.20057306590257878,False,False,sample_only,1876103.0,20,0.790058,1.0
100000003711830100,terminal,0.59,8,0.26356,"Наблюдаемый получатель: входов=1, вход=50000.00 KZT; выход=0; глубина=3; вне выборки операции неизвестны",3,False,1,0,50000.0,0.0,1,0,0.00029574224412010574,0.0,False,0.0,exact,2248,0.0,1,0,1.0,0.0,0.0,0.0,0.0,0.0,0.0,0.0,False,False,sample_only,50000.0,1,0.59,1.0
100000003713616100,terminal,0.59,16,0.128567,"Наблюдаемый получатель: входов=1, вход=15893.00 KZT; выход=0; глубина=1; вне выборки операции неизвестны",1,False,1,0,15893.0,0.0,1,0,0.00028727807864198997,0.0,False,0.0,exact,2248,0.0,1,0,1.0,0.0,0.0,0.0,0.0,0.0,0.0,0.0,False,False,sample_only,15893.0,1,0.59,1.0
100000003718221100,peripheral,0.3,29,0.83329,"Роль неоднозначна: входов=2, выходов=4; оборот=773500.00 KZT; FIFO 1–7д=28%; в тот же день=?47%; правила иных ролей не выполнены",2,False,2,4,350000.0,423500.0,6,8,0.0010434682866013794,1.21,False,3.923307657464331e-05,exact,2248,0.5801335559265443,4,0,0.6571428571428571,0.4722550177095632,0.8642266824085005,120000.0,0.2833530106257379,200000.0,0.4722550177095632,0.24439197166469895,False,False,sample_only,773500.0,14,0.3,1.0
100000003718715100,peripheral,0.2,12,0.570962,"Вход=1, 915000.00 KZT; выход=0; глубина=4: обход обрезан, конечная роль неизвестна",4,False,1,0,915000.0,0.0,3,0,0.0005755764809645311,0.0,True,0.0,exact,2248,0.0,1,0,1.0,0.0,0.0,0.0,0.0,0.0,0.0,0.0,False,True,depth_outflows_incomplete,915000.0,3,0.2,1.0
100000003724440100,terminal,0.63,2,0.386362,"Наблюдаемый получатель: входов=2, вход=50000.00 KZT; выход=0; глубина=2; вне выборки операции неизвестны",2,False,2,0,50000.0,0.0,2,0,0.00030808789580780914,0.0,False,0.0,exact,2248,0.0,2,1,0.5,0.0,0.0,0.0,0.0,0.0,0.0,0.0,False,False,sample_only,50000.0,2,0.63,1.0
100000003736419100,peripheral,0.55,0,0.381499,"Мало связей: входов=1, выходов=1; оборот=33300.00 KZT; FIFO 1–7д=0%; в тот же день=?100%; правила иных ролей не выполнены",3,False,1,1,23300.0,10000.0,1,1,0.0002916476006545207,0.4291845493562232,False,1.922024458454748e-05,exact,2248,0.2871452420701169,2,0,1.0,1.0,0.0,0.0,0.0,10000.0,1.0,0.0,False,False,sample_only,33300.0,2,0.55,1.0
100000003739818100,terminal,0.59,2,0.279486,"Наблюдаемый получатель: входов=1, вход=57293.00 KZT; выход=0; глубина=1; вне выборки операции неизвестны",1,False,1,0,57293.0,0.0,1,0,0.00029704144021682556,0.0,False,0.0,exact,2248,0.0,1,0,1.0,0.0,0.0,0.0,0.0,0.0,0.0,0.0,False,False,sample_only,57293.0,1,0.59,1.0
100000003741418100,consolidator,0.899895,10,0.786029,Гипотеза сбора: отправителей=9; вход=151900.00 KZT; выход/вход=0.26; крупнейший вход=41%,2,False,9,3,151900.0,39920.0,13,3,0.0006325013799441044,0.2628044766293614,False,5.275485580830812e-05,exact,2248,0.6327212020033389,11,1,0.4068466096115866,0.501002004008016,0.0,0.0,0.0,0.0,0.0,1.0,False,False,sample_only,191820.0,16,0.899895,1.0
100000003747133100,transit,0.770933,54,0.808577,"Гипотеза транзита: вход=237068.00, выход=250000.00 KZT; FIFO 1–7д=65%; в тот же день=?8%; те же деньги не установлены",2,False,5,2,237068.0,250000.0,8,2,0.0003780707341340088,1.0545497494389795,False,9.610122292273739e-05,exact,2248,0.7378964941569283,7,3,0.2655946816947036,0.92,1.0,161504.0,0.646016,19000.0,0.076,0.277984,False,False,sample_only,487068.0,10,0.770933,1.0
100000003760160100,terminal,0.59,10,0.275135,"Наблюдаемый получатель: входов=1, вход=104470.00 KZT; выход=0; глубина=3; вне выборки операции неизвестны",3,False,1,0,104470.0,0.0,1,0,0.00028895508063281035,0.0,False,0.0,exact,2248,0.0,1,0,1.0,0.0,0.0,0.0,0.0,0.0,0.0,0.0,False,False,sample_only,104470.0,1,0.59,1.0
100000003770083100,peripheral,0.0,64,0.0,"Связей=0, операций=0; изолирован, данных для роли нет; seed: вход неполон",0,True,0,0,0.0,0.0,0,0,0.0002855692942172909,,False,0.0,exact,2248,0.0,0,0,0.0,0.0,0.0,0.0,0.0,0.0,0.0,0.0,True,False,no_operations;seed_inflows_incomplete,0.0,0,0.0,1.0
100000003781406100,terminal,0.59,7,0.409096,"Наблюдаемый получатель: входов=1, вход=45000.00 KZT; выход=0; глубина=3; вне выборки операции неизвестны",3,False,1,0,45000.0,0.0,2,0,0.0007228806641155316,0.0,False,0.0,exact,2248,0.0,1,0,1.0,0.0,0.0,0.0,0.0,0.0,0.0,0.0,False,False,sample_only,45000.0,2,0.59,1.0
100000003782913100,peripheral,0.2,40,0.359859,"Вход=1, 200000.00 KZT; выход=0; глубина=4: обход обрезан, конечная роль неизвестна",4,False,1,0,200000.0,0.0,1,0,0.0002993965636065486,0.0,True,0.0,exact,2248,0.0,1,0,1.0,0.0,0.0,0.0,0.0,0.0,0.0,0.0,False,True,depth_outflows_incomplete,200000.0,1,0.2,1.0
100000003786516100,peripheral,0.2,0,0.127714,"Вход=1, 5000.00 KZT; выход=0; глубина=4: обход обрезан, конечная роль неизвестна",4,False,1,0,5000.0,0.0,1,0,0.0002931596479812034,0.0,True,0.0,exact,2248,0.0,1,0,1.0,0.0,0.0,0.0,0.0,0.0,0.0,0.0,False,True,depth_outflows_incomplete,5000.0,1,0.2,1.0
100000003792647100,peripheral,0.2,10,0.228813,"Вход=1, 8000.00 KZT; выход=0; глубина=4: обход обрезан, конечная роль неизвестна",4,False,1,0,8000.0,0.0,1,0,0.00040027314211192686,0.0,True,0.0,exact,2248,0.0,1,0,1.0,0.0,0.0,0.0,0.0,0.0,0.0,0.0,False,True,depth_outflows_incomplete,8000.0,1,0.2,1.0
100000003795588100,terminal,0.59,0,0.465197,"Наблюдаемый получатель: входов=1, вход=400000.00 KZT; выход=0; глубина=3; вне выборки операции неизвестны",3,False,1,0,400000.0,0.0,2,0,0.00032104219550652184,0.0,False,0.0,exact,2248,0.0,1,0,1.0,0.0,0.0,0.0,0.0,0.0,0.0,0.0,False,False,sample_only,400000.0,2,0.59,1.0
100000003796063100,distributor,0.86353,10,0.939076,"Гипотеза распределения: входов=1, получателей=15; выход=959150.00 KZT; крупнейший выход=24%; источник средств неизвестен",3,False,1,15,35000.0,959150.0,1,23,0.0006852648705720575,27.404285714285713,False,0.0011789271739411364,exact,2248,0.9449081803005008,15,6,1.0,0.24313193973830996,0.0,0.0,0.0,35000.0,0.03649064275660741,0.9635093572433926,False,False,sample_only,994150.0,24,0.86353,1.0
100000003798151100,terminal,0.59,16,0.534511,"Наблюдаемый получатель: входов=1, вход=350000.00 KZT; выход=0; глубина=2; вне выборки операции неизвестны",2,False,1,0,350000.0,0.0,3,0,0.0005753929174195443,0.0,False,0.0,exact,2248,0.0,1,0,1.0,0.0,0.0,0.0,0.0,0.0,0.0,0.0,False,False,sample_only,350000.0,3,0.59,1.0
100000003809101100,peripheral,0.3,11,0.755283,"Роль неоднозначна: входов=2, выходов=2; оборот=221250.00 KZT; FIFO 1–7д=36%; в тот же день=?0%; правила иных ролей не выполнены",1,False,2,2,166050.0,55200.0,3,4,0.00036194707754243303,0.3324299909665763,False,0.00013333962119341738,exact,2248,0.7879799666110183,3,1,0.8795543510990665,0.8152173913043478,0.36594202898550726,20000.0,0.36231884057971014,200.0,0.0036231884057971015,0.6340579710144928,False,False,sample_only,221250.0,7,0.3,1.0
100000003814002100,terminal,0.59,10,0.171097,"Наблюдаемый получатель: входов=1, вход=30000.00 KZT; выход=0; глубина=3; вне выборки операции неизвестны",3,False,1,0,30000.0,0.0,1,0,0.00028654156943951336,0.0,False,0.0,exact,2248,0.0,1,0,1.0,0.0,0.0,0.0,0.0,0.0,0.0,0.0,False,False,sample_only,30000.0,1,0.59,1.0
100000003819173100,peripheral,0.2,8,0.325426,"Вход=1, 143777.00 KZT; выход=0; глубина=4: обход обрезан, конечная роль неизвестна",4,False,1,0,143777.0,0.0,1,0,0.0002952095652766993,0.0,True,0.0,exact,2248,0.0,1,0,1.0,0.0,0.0,0.0,0.0,0.0,0.0,0.0,False,True,depth_outflows_incomplete,143777.0,1,0.2,1.0
100000003823811100,distributor,0.698757,47,0.703838,"Гипотеза распределения: входов=1, получателей=3; выход=66130.00 KZT; крупнейший выход=41%; источник средств неизвестен",2,False,1,3,30000.0,66130.0,1,3,0.0003569753080281231,2.2043333333333335,False,0.00012452339757262022,exact,2248,0.7813021702838063,4,1,1.0,0.40828670799939515,0.0,0.0,0.0,0.0,0.0,1.0,False,False,sample_only,96130.0,4,0.698757,1.0
100000003824464100,terminal,0.59,29,0.397409,"Наблюдаемый получатель: входов=1, вход=200000.00 KZT; выход=0; глубина=2; вне выборки операции неизвестны",2,False,1,0,200000.0,0.0,1,0,0.000323247651083571,0.0,False,0.0,exact,2248,0.0,1,0,1.0,0.0,0.0,0.0,0.0,0.0,0.0,0.0,False,False,sample_only,200000.0,1,0.59,1.0
100000003831201100,terminal,0.59,0,0.395166,"Наблюдаемый получатель: входов=1, вход=40500.00 KZT; выход=0; глубина=2; вне выборки операции неизвестны",2,False,1,0,40500.0,0.0,3,0,0.0005343335334517986,0.0,False,0.0,exact,2248,0.0,1,0,1.0,0.0,0.0,0.0,0.0,0.0,0.0,0.0,False,False,sample_only,40500.0,3,0.59,1.0
100000003831324100,terminal,0.63,1,0.503499,"Наблюдаемый получатель: входов=2, вход=300000.00 KZT; выход=0; глубина=1; вне выборки операции неизвестны",1,False,2,0,300000.0,0.0,2,0,0.00031519260326985687,0.0,False,0.0,exact,2248,0.0,2,1,0.6666666666666666,0.0,0.0,0.0,0.0,0.0,0.0,0.0,False,False,sample_only,300000.0,2,0.63,1.0
100000003832231100,terminal,0.59,2,0.224148,"Наблюдаемый получатель: входов=1, вход=35000.00 KZT; выход=0; глубина=1; вне выборки операции неизвестны",1,False,1,0,35000.0,0.0,1,0,0.00029257756939896605,0.0,False,0.0,exact,2248,0.0,1,0,1.0,0.0,0.0,0.0,0.0,0.0,0.0,0.0,False,False,sample_only,35000.0,1,0.59,1.0
100000003834495100,consolidator,0.800668,0,0.702712,Гипотеза сбора: отправителей=3; вход=602441.00 KZT; выход/вход=0.03; крупнейший вход=54%,3,False,3,1,602441.0,20000.0,5,1,0.0006208601664329539,0.0331982716979754,False,2.8717140104600026e-06,exact,2248,0.1636060100166945,4,0,0.5435237641528382,1.0,1.0,20000.0,1.0,0.0,0.0,0.0,False,False,sample_only,622441.0,6,0.800668,1.0
100000003835149100,peripheral,0.3,21,0.704563,"Роль неоднозначна: входов=1, выходов=2; оборот=4848940.00 KZT; FIFO 1–7д=5%; в тот же день=?0%; правила иных ролей не выполнены",1,False,1,2,248500.0,4600440.0,1,13,0.0004889016554646476,18.512837022132796,False,1.7833216624837866e-06,exact,2248,0.14023372287145242,3,0,1.0,0.630530992687656,0.23150285624853276,248500.0,0.05401657232786429,0.0,0.0,0.9459834276721357,False,False,sample_only,4848940.0,14,0.3,1.0
100000003838587100,peripheral,0.2,40,0.253623,"Вход=1, 6000.00 KZT; выход=0; глубина=4: обход обрезан, конечная роль неизвестна",4,False,1,0,6000.0,0.0,1,0,0.0005550324069085224,0.0,True,0.0,exact,2248,0.0,1,0,1.0,0.0,0.0,0.0,0.0,0.0,0.0,0.0,False,True,depth_outflows_incomplete,6000.0,1,0.2,1.0
100000003843844100,peripheral,0.55,12,0.509112,"Мало связей: входов=1, выходов=1; оборот=254680.00 KZT; FIFO 1–7д=0%; в тот же день=?0%; правила иных ролей не выполнены",3,False,1,1,16680.0,238000.0,1,1,0.00029174384813368293,14.268585131894485,False,1.922024458454748e-05,exact,2248,0.2871452420701169,2,0,1.0,1.0,0.0,0.0,0.0,0.0,0.0,1.0,False,False,sample_only,254680.0,2,0.55,1.0
100000003854444100,distributor,0.852215,43,0.920291,"Гипотеза распределения: входов=1, получателей=14; выход=2322909.00 KZT; крупнейший выход=32%; источник средств неизвестен",2,False,1,14,210000.0,2322909.0,4,14,0.00046676162714719263,11.061471428571428,False,0.001075259811904019,exact,2248,0.9382303839732888,15,2,1.0,0.318566073832423,0.9677128979223896,122985.0,0.052944389986865605,60000.0,0.025829681662088357,0.921225928351046,False,False,sample_only,2532909.0,18,0.852215,1.0
100000003865939100,terminal,0.59,65,0.388885,"Наблюдаемый получатель: входов=1, вход=81465.00 KZT; выход=0; глубина=1; вне выборки операции неизвестны",1,False,1,0,81465.0,0.0,1,0,0.0005285862410602083,0.0,False,0.0,exact,2248,0.0,1,0,1.0,0.0,0.0,0.0,0.0,0.0,0.0,0.0,False,False,sample_only,81465.0,1,0.59,1.0
100000003873332100,distributor,0.66986,43,0.727034,"Гипотеза распределения: входов=1, получателей=4; выход=286000.00 KZT; крупнейший выход=73%; источник средств неизвестен",1,False,1,4,23468.0,286000.0,1,8,0.0002899731212844846,12.186807567751833,False,0.0008935591491820594,exact,2248,0.9315525876460768,5,1,1.0,0.7342657342657343,0.24475524475524477,23468.0,0.08205594405594406,0.0,0.0,0.9179440559440559,False,False,sample_only,309468.0,9,0.66986,1.0
100000003877908100,terminal,0.59,2,0.237091,"Наблюдаемый получатель: входов=1, вход=40000.00 KZT; выход=0; глубина=1; вне выборки операции неизвестны",1,False,1,0,40000.0,0.0,1,0,0.0002935787515677768,0.0,False,0.0,exact,2248,0.0,1,0,1.0,0.0,0.0,0.0,0.0,0.0,0.0,0.0,False,False,sample_only,40000.0,1,0.59,1.0
100000003880331100,distributor,0.877029,8,0.861229,"Гипотеза распределения: входов=1, получателей=16; выход=3904908.00 KZT; крупнейший выход=15%; источник средств неизвестен",3,False,1,16,100000.0,3904908.0,1,31,0.0003076581045462558,39.04908,False,0.0006596540844331799,exact,2248,0.9148580968280468,16,5,1.0,0.15314061176345256,0.30628147961488467,0.0,0.0,100000.0,0.02560879795375461,0.9743912020462454,False,False,sample_only,4004908.0,32,0.877029,1.0
100000003886323100,peripheral,0.55,16,0.623424,"Мало связей: входов=2, выходов=1; оборот=85818.00 KZT; FIFO 1–7д=100%; в тот же день=?0%; правила иных ролей не выполнены",1,False,2,1,78168.0,7650.0,6,1,0.0018048414724057059,0.09786613447958244,False,1.922024458454748e-05,exact,2248,0.2871452420701169,2,0,0.900304472418381,1.0,1.0,7650.0,1.0,0.0,0.0,0.0,False,False,sample_only,85818.0,7,0.55,1.0
100000003888197100,terminal,0.59,10,0.249742,"Наблюдаемый получатель: входов=1, вход=83167.00 KZT; выход=0; глубина=3; вне выборки операции неизвестны",3,False,1,0,83167.0,0.0,1,0,0.00028826466799751016,0.0,False,0.0,exact,2248,0.0,1,0,1.0,0.0,0.0,0.0,0.0,0.0,0.0,0.0,False,False,sample_only,83167.0,1,0.59,1.0
100000003888271100,peripheral,0.55,23,0.346214,"Мало связей: входов=1, выходов=2; оборот=37767.00 KZT; FIFO 1–7д=48%; в тот же день=?0%; правила иных ролей не выполнены",1,False,1,2,12177.0,25590.0,2,3,0.0002913863210858299,2.10150283321015,False,3.962937027741748e-07,exact,2248,0.030884808013355594,2,0,1.0,0.7299726455646737,0.6678389996092223,12177.0,0.47584994138335285,0.0,0.0,0.5241500586166471,False,False,sample_only,37767.0,5,0.55,1.0
100000003888527100,terminal,0.59,63,0.296893,"Наблюдаемый получатель: входов=1, вход=30000.00 KZT; выход=0; глубина=3; вне выборки операции неизвестны",3,False,1,0,30000.0,0.0,1,0,0.0003666748083508476,0.0,False,0.0,exact,2248,0.0,1,0,1.0,0.0,0.0,0.0,0.0,0.0,0.0,0.0,False,False,sample_only,30000.0,1,0.59,1.0
100000003896956100,peripheral,0.55,16,0.376295,"Мало связей: входов=1, выходов=1; оборот=37000.00 KZT; FIFO 1–7д=37%; в тот же день=?0%; правила иных ролей не выполнены",3,False,1,1,10000.0,27000.0,1,2,0.0002885646095495065,2.7,False,1.922024458454748e-05,exact,2248,0.2871452420701169,2,0,1.0,1.0,1.0,10000.0,0.37037037037037035,0.0,0.0,0.6296296296296297,False,False,sample_only,37000.0,3,0.55,1.0
100000003899325100,terminal,0.59,8,0.268764,"Наблюдаемый получатель: входов=1, вход=50120.00 KZT; выход=0; глубина=3; вне выборки операции неизвестны",3,False,1,0,50120.0,0.0,1,0,0.0002966402059541681,0.0,False,0.0,exact,2248,0.0,1,0,1.0,0.0,0.0,0.0,0.0,0.0,0.0,0.0,False,False,sample_only,50120.0,1,0.59,1.0
100000003899899100,peripheral,0.3,16,0.698064,"Роль неоднозначна: входов=2, выходов=1; оборот=228500.00 KZT; FIFO 1–7д=100%; в тот же день=?0%; правила иных ролей не выполнены",3,False,2,1,218500.0,10000.0,5,1,0.0006539846029635868,0.04576659038901602,False,1.9418391435934565e-05,exact,2248,0.3614357262103506,3,0,0.977116704805492,1.0,1.0,10000.0,1.0,0.0,0.0,0.0,False,False,sample_only,228500.0,6,0.3,1.0
100000003900547100,terminal,0.59,16,0.161631,"Наблюдаемый получатель: входов=1, вход=23700.00 KZT; выход=0; глубина=1; вне выборки операции неизвестны",1,False,1,0,23700.0,0.0,1,0,0.00028811747208587257,0.0,False,0.0,exact,2248,0.0,1,0,1.0,0.0,0.0,0.0,0.0,0.0,0.0,0.0,False,False,sample_only,23700.0,1,0.59,1.0
100000003904497100,peripheral,0.2,4,0.216947,"Вход=1, 10000.00 KZT; выход=0; глубина=4: обход обрезан, конечная роль неизвестна",4,False,1,0,10000.0,0.0,1,0,0.0003412568244192844,0.0,True,0.0,exact,2248,0.0,1,0,1.0,0.0,0.0,0.0,0.0,0.0,0.0,0.0,False,True,depth_outflows_incomplete,10000.0,1,0.2,1.0
100000003917461100,peripheral,0.55,7,0.634054,"Мало связей: входов=1, выходов=2; оборот=150000.00 KZT; FIFO 1–7д=0%; в тот же день=?7%; правила иных ролей не выполнены",3,False,1,2,10000.0,140000.0,1,5,0.00039913166986850154,14.0,False,2.0210978841482916e-05,exact,2248,0.4273789649415693,2,0,1.0,0.9285714285714286,0.0,0.0,0.0,10000.0,0.07142857142857142,0.9285714285714286,False,False,sample_only,150000.0,6,0.55,1.0
100000003920950100,terminal,0.59,1,0.449383,"Наблюдаемый получатель: входов=1, вход=323290.00 KZT; выход=0; глубина=3; вне выборки операции неизвестны",3,False,1,0,323290.0,0.0,1,0,0.0003917283702075202,0.0,False,0.0,exact,2248,0.0,1,0,1.0,0.0,0.0,0.0,0.0,0.0,0.0,0.0,False,False,sample_only,323290.0,1,0.59,1.0
100000003922499100,terminal,0.59,7,0.365444,"Наблюдаемый получатель: входов=1, вход=50000.00 KZT; выход=0; глубина=2; вне выборки операции неизвестны",2,False,1,0,50000.0,0.0,1,0,0.0005352399237782651,0.0,False,0.0,exact,2248,0.0,1,0,1.0,0.0,0.0,0.0,0.0,0.0,0.0,0.0,False,False,sample_only,50000.0,1,0.59,1.0
100000003923946100,distributor,0.709778,1,0.671163,"Гипотеза распределения: входов=1, получателей=4; выход=675000.00 KZT; крупнейший выход=47%; источник средств неизвестен",1,False,1,4,282000.0,675000.0,3,4,0.00038941748481374446,2.393617021276596,False,1.981468513870874e-06,exact,2248,0.14858096828046743,4,0,1.0,0.46814814814814815,0.8859259259259259,0.0,0.0,202000.0,0.2992592592592593,0.7007407407407408,False,False,sample_only,957000.0,7,0.709778,1.0
100000003927792100,terminal,0.59,3,0.138257,"Наблюдаемый получатель: входов=1, вход=13067.00 KZT; выход=0; глубина=2; вне выборки операции неизвестны",2,False,1,0,13067.0,0.0,1,0,0.00028972644169034,0.0,False,0.0,exact,2248,0.0,1,0,1.0,0.0,0.0,0.0,0.0,0.0,0.0,0.0,False,False,sample_only,13067.0,1,0.59,1.0
100000003934614100,transit,0.867647,59,0.388921,"Гипотеза транзита: вход=17000.00, выход=11500.00 KZT; FIFO 1–7д=100%; в тот же день=?0%; те же деньги не установлены",3,False,2,1,17000.0,11500.0,2,2,0.0003134906893691794,0.6764705882352942,False,6.604895046236247e-08,exact,2248,0.001669449081803005,3,0,0.5882352941176471,1.0,1.0,11500.0,1.0,0.0,0.0,0.0,False,False,sample_only,28500.0,4,0.867647,1.0
100000003942602100,peripheral,0.55,22,0.294,"Мало связей: входов=1, выходов=1; оборот=60000.00 KZT; FIFO 1–7д=0%; в тот же день=?100%; правила иных ролей не выполнены",1,False,1,1,30000.0,30000.0,1,1,0.0002918659428128657,1.0,False,0.0,exact,2248,0.0,1,0,1.0,1.0,0.0,0.0,0.0,30000.0,1.0,0.0,False,False,sample_only,60000.0,2,0.55,1.0
100000003943247100,terminal,0.59,0,0.197387,"Наблюдаемый получатель: входов=1, вход=40000.00 KZT; выход=0; глубина=3; вне выборки операции неизвестны",3,False,1,0,40000.0,0.0,1,0,0.0002878220928994118,0.0,False,0.0,exact,2248,0.0,1,0,1.0,0.0,0.0,0.0,0.0,0.0,0.0,0.0,False,False,sample_only,40000.0,1,0.59,1.0
100000003943483100,terminal,0.59,7,0.209679,"Наблюдаемый получатель: входов=1, вход=10000.00 KZT; выход=0; глубина=2; вне выборки операции неизвестны",2,False,1,0,10000.0,0.0,1,0,0.0003289649862338494,0.0,False,0.0,exact,2248,0.0,1,0,1.0,0.0,0.0,0.0,0.0,0.0,0.0,0.0,False,False,sample_only,10000.0,1,0.59,1.0
100000003946524100,peripheral,0.3,2,0.736969,"Роль неоднозначна: входов=2, выходов=2; оборот=278507.00 KZT; FIFO 1–7д=14%; в тот же день=?0%; правила иных ролей не выполнены",1,False,2,2,133757.0,144750.0,2,2,0.0003260605758889203,1.0821863528637754,False,0.0001194825513864137,exact,2248,0.7729549248747913,3,0,0.8504751153210673,0.8290155440414507,0.8290155440414507,20000.0,0.1381692573402418,0.0,0.0,0.8618307426597582,False,False,sample_only,278507.0,4,0.3,1.0
100000003950749100,peripheral,0.2,16,0.221792,"Вход=1, 7000.00 KZT; выход=0; глубина=4: обход обрезан, конечная роль неизвестна",4,False,1,0,7000.0,0.0,1,0,0.00038424128954841564,0.0,True,0.0,exact,2248,0.0,1,0,1.0,0.0,0.0,0.0,0.0,0.0,0.0,0.0,False,True,depth_outflows_incomplete,7000.0,1,0.2,1.0
100000003951827100,peripheral,0.3,0,0.305762,"Роль неоднозначна: входов=1, выходов=2; оборот=26000.00 KZT; FIFO 1–7д=41%; в тот же день=?0%; правила иных ролей не выполнены",3,False,1,2,9000.0,17000.0,1,2,0.0002860761739207681,1.8888888888888888,False,1.3265244417163453e-06,exact,2248,0.10851419031719532,3,1,1.0,0.5882352941176471,0.4117647058823529,7000.0,0.4117647058823529,0.0,0.0,0.5882352941176471,False,False,sample_only,26000.0,3,0.3,1.0
100000003962994100,terminal,0.59,19,0.248172,"Наблюдаемый получатель: входов=1, вход=10000.00 KZT; выход=0; глубина=3; вне выборки операции неизвестны",3,False,1,0,10000.0,0.0,1,0,0.0004812298257349217,0.0,False,0.0,exact,2248,0.0,1,0,1.0,0.0,0.0,0.0,0.0,0.0,0.0,0.0,False,False,sample_only,10000.0,1,0.59,1.0
100000003964910100,terminal,0.63,28,0.60231,"Наблюдаемый получатель: входов=2, вход=1000000.00 KZT; выход=0; глубина=3; вне выборки операции неизвестны",3,False,2,0,1000000.0,0.0,2,0,0.0005093616966720359,0.0,False,0.0,exact,2248,0.0,2,0,0.549,0.0,0.0,0.0,0.0,0.0,0.0,0.0,False,False,sample_only,1000000.0,2,0.63,1.0
100000003968044100,distributor,0.665949,8,0.690672,"Гипотеза распределения: входов=1, получателей=3; выход=311000.00 KZT; крупнейший выход=63%; источник средств неизвестен",3,False,1,3,40000.0,311000.0,1,4,0.000296004155053737,7.775,False,6.561503152343142e-05,exact,2248,0.6878130217028381,4,2,1.0,0.6270096463022508,0.21221864951768488,40000.0,0.12861736334405144,0.0,0.0,0.8713826366559485,False,False,sample_only,351000.0,5,0.665949,1.0
100000003970394100,terminal,0.59,7,0.30867,"Наблюдаемый получатель: входов=1, вход=85000.00 KZT; выход=0; глубина=1; вне выборки операции неизвестны",1,False,1,0,85000.0,0.0,1,0,0.00029967547378974946,0.0,False,0.0,exact,2248,0.0,1,0,1.0,0.0,0.0,0.0,0.0,0.0,0.0,0.0,False,False,sample_only,85000.0,1,0.59,1.0
100000003971049100,terminal,0.59,0,0.328634,"Наблюдаемый получатель: входов=1, вход=55900.00 KZT; выход=0; глубина=2; вне выборки операции неизвестны",2,False,1,0,55900.0,0.0,7,0,0.00029426514402485876,0.0,False,0.0,exact,2248,0.0,1,0,1.0,0.0,0.0,0.0,0.0,0.0,0.0,0.0,False,False,sample_only,55900.0,7,0.59,1.0
100000003975102100,peripheral,0.3,16,0.549717,"Роль неоднозначна: входов=1, выходов=2; оборот=114150.00 KZT; FIFO 1–7д=29%; в тот же день=?0%; правила иных ролей не выполнены; seed: вход неполон",0,True,1,2,25650.0,88500.0,1,2,0.0003454652180169808,3.4502923976608186,False,5.914683513904559e-06,exact,2248,0.19532554257095158,3,1,1.0,0.6384180790960452,0.3615819209039548,25650.0,0.28983050847457625,0.0,0.0,0.7101694915254237,True,False,seed_inflows_incomplete,114150.0,3,0.3,1.0
100000003977183100,distributor,0.65,1,0.648451,"Гипотеза распределения: входов=2, получателей=4; выход=766000.00 KZT; крупнейший выход=37%; источник средств неизвестен; seed: вход неполон",0,True,2,4,123800.0,766000.0,2,6,0.000331460381699444,6.187399030694669,False,1.5851748110966993e-06,exact,2248,0.1293823038397329,5,0,0.6623586429725363,0.3681462140992167,0.0,0.0,0.0,82000.0,0.10704960835509138,0.8929503916449086,True,False,seed_inflows_incomplete,889800.0,8,0.724778,0.65
100000003980083100,terminal,0.59,58,0.323273,"Наблюдаемый получатель: входов=1, вход=30000.00 KZT; выход=0; глубина=1; вне выборки операции неизвестны",1,False,1,0,30000.0,0.0,1,0,0.0005285862410602083,0.0,False,0.0,exact,2248,0.0,1,0,1.0,0.0,0.0,0.0,0.0,0.0,0.0,0.0,False,False,sample_only,30000.0,1,0.59,1.0
100000003985389100,peripheral,0.2,8,0.545794,"Вход=1, 422698.00 KZT; выход=0; глубина=4: обход обрезан, конечная роль неизвестна",4,False,1,0,422698.0,0.0,16,0,0.0004903551059552773,0.0,True,0.0,exact,2248,0.0,1,0,1.0,0.0,0.0,0.0,0.0,0.0,0.0,0.0,False,True,depth_outflows_incomplete,422698.0,16,0.2,1.0
100000003986141100,terminal,0.59,28,0.087158,"Наблюдаемый получатель: входов=1, вход=5286.32 KZT; выход=0; глубина=3; вне выборки операции неизвестны",3,False,1,0,5286.32,0.0,1,0,0.0002868461256435469,0.0,False,0.0,exact,2248,0.0,1,0,1.0,0.0,0.0,0.0,0.0,0.0,0.0,0.0,False,False,sample_only,5286.32,1,0.59,1.0
100000003988112100,transit,0.705503,47,0.488885,"Гипотеза транзита: вход=92000.00, выход=64000.00 KZT; FIFO 1–7д=53%; в тот же день=?16%; те же деньги не установлены",2,False,1,1,92000.0,64000.0,2,5,0.0005045477365705099,0.6956521739130435,False,0.0,exact,2248,0.0,1,0,1.0,1.0,0.53125,34000.0,0.53125,10000.0,0.15625,0.3125,False,False,sample_only,156000.0,7,0.705503,1.0
100000003989033100,peripheral,0.2,18,0.561025,"Вход=1, 373400.00 KZT; выход=0; глубина=4: обход обрезан, конечная роль неизвестна",4,False,1,0,373400.0,0.0,13,0,0.0005989171063455112,0.0,True,0.0,exact,2248,0.0,1,0,1.0,0.0,0.0,0.0,0.0,0.0,0.0,0.0,False,True,depth_outflows_incomplete,373400.0,13,0.2,1.0
100000003996562100,terminal,0.59,0,0.200639,"Наблюдаемый получатель: входов=1, вход=7700.00 KZT; выход=0; глубина=3; вне выборки операции неизвестны",3,False,1,0,7700.0,0.0,1,0,0.0003281736881837659,0.0,False,0.0,exact,2248,0.0,1,0,1.0,0.0,0.0,0.0,0.0,0.0,0.0,0.0,False,False,sample_only,7700.0,1,0.59,1.0
100000004004621100,consolidator,0.82636,12,0.426996,Гипотеза сбора: отправителей=3; вход=75389.00 KZT; выход/вход=0.00; крупнейший вход=34%,1,False,3,0,75389.0,0.0,3,0,0.00030077440313347714,0.0,False,0.0,exact,2248,0.0,3,2,0.3364018623406598,0.0,0.0,0.0,0.0,0.0,0.0,0.0,False,False,sample_only,75389.0,3,0.82636,1.0
100000004005964100,transit,0.717989,34,0.582612,"Гипотеза транзита: вход=97900.00, выход=72000.00 KZT; FIFO 1–7д=56%; в тот же день=?7%; те же деньги не установлены",1,False,3,3,97900.0,72000.0,9,5,0.0004045246914881722,0.7354443309499489,False,4.953671284677185e-07,exact,2248,0.045075125208681135,4,0,0.48927477017364657,0.4861111111111111,1.0,40000.0,0.5555555555555556,5000.0,0.06944444444444445,0.375,False,False,sample_only,169900.0,14,0.717989,1.0
100000004006327100,peripheral,0.2,42,0.524529,"Вход=1, 300000.00 KZT; выход=0; глубина=4: обход обрезан, конечная роль неизвестна",4,False,1,0,300000.0,0.0,3,0,0.0005549673062458664,0.0,True,0.0,exact,2248,0.0,1,0,1.0,0.0,0.0,0.0,0.0,0.0,0.0,0.0,False,True,depth_outflows_incomplete,300000.0,3,0.2,1.0
100000004007116100,consolidator,0.65,34,0.69738,Гипотеза сбора: отправителей=3; вход=764704.00 KZT; выход/вход=0.19; крупнейший вход=70%; seed: вход неполон,0,True,3,4,764704.0,148000.0,24,6,0.000627776957324843,0.19353893794200108,False,3.962937027741748e-07,exact,2248,0.030884808013355594,5,0,0.7005900322216178,0.7635135135135135,0.9324324324324325,108000.0,0.7297297297297297,0.0,0.0,0.2702702702702703,True,False,seed_inflows_incomplete,912704.0,30,0.76091,0.65
100000004007197100,terminal,0.59,34,0.11273,"Наблюдаемый получатель: входов=1, вход=10048.00 KZT; выход=0; глубина=3; вне выборки операции неизвестны",3,False,1,0,10048.0,0.0,1,0,0.00028768870831810195,0.0,False,0.0,exact,2248,0.0,1,0,1.0,0.0,0.0,0.0,0.0,0.0,0.0,0.0,False,False,sample_only,10048.0,1,0.59,1.0
100000004013952100,peripheral,0.2,0,0.243506,"Вход=1, 5500.00 KZT; выход=0; глубина=4: обход обрезан, конечная роль неизвестна",4,False,1,0,5500.0,0.0,1,0,0.0005331412160251214,0.0,True,0.0,exact,2248,0.0,1,0,1.0,0.0,0.0,0.0,0.0,0.0,0.0,0.0,False,True,depth_outflows_incomplete,5500.0,1,0.2,1.0
100000004015047100,consolidator,0.939942,1,0.838714,Гипотеза сбора: отправителей=9; вход=919104.00 KZT; выход/вход=0.08; крупнейший вход=29%,1,False,9,1,919104.0,69195.0,18,7,0.0022785971106508733,0.07528527783580531,False,2.2885961335208597e-05,exact,2248,0.48580968280467446,9,4,0.2876540630875287,1.0,0.6541079557771515,30229.0,0.4368668256376906,32089.0,0.46374738059108317,0.09938579377122625,False,False,sample_only,988299.0,25,0.939942,1.0
100000004017410100,peripheral,0.3,59,0.860219,"Роль неоднозначна: входов=2, выходов=5; оборот=1524565.00 KZT; FIFO 1–7д=8%; в тот же день=?3%; правила иных ролей не выполнены",3,False,2,5,193650.0,1330915.0,6,11,0.0011315419625793077,6.872785954040795,False,4.0587080059121736e-05,exact,2248,0.5993322203672788,5,0,0.7281177381874516,0.8264990626749267,0.24043609095997867,101000.0,0.07588764120924327,42650.0,0.03204562274825966,0.8920667360424971,False,False,sample_only,1524565.0,17,0.3,1.0
100000004019056100,peripheral,0.2,12,0.368226,"Вход=1, 50000.00 KZT; выход=0; глубина=4: обход обрезан, конечная роль неизвестна",4,False,1,0,50000.0,0.0,1,0,0.0005409213827074575,0.0,True,0.0,exact,2248,0.0,1,0,1.0,0.0,0.0,0.0,0.0,0.0,0.0,0.0,False,True,depth_outflows_incomplete,50000.0,1,0.2,1.0
100000004019124100,consolidator,0.65,16,0.599406,Гипотеза сбора: отправителей=3; вход=193000.00 KZT; выход/вход=0.00; крупнейший вход=51%; seed: вход неполон,0,True,3,0,193000.0,0.0,3,0,0.0012028680902033705,0.0,False,0.0,exact,2248,0.0,3,0,0.5129533678756477,0.0,0.0,0.0,0.0,0.0,0.0,0.0,True,False,seed_inflows_incomplete,193000.0,3,0.808705,0.65
100000004021459100,peripheral,0.0,66,0.0,"Связей=0, операций=0; изолирован, данных для роли нет; seed: вход неполон",0,True,0,0,0.0,0.0,0,0,0.0002855692942172909,,False,0.0,exact,2248,0.0,0,0,0.0,0.0,0.0,0.0,0.0,0.0,0.0,0.0,True,False,no_operations;seed_inflows_incomplete,0.0,0,0.0,1.0
100000004030553100,peripheral,0.2,8,0.383322,"Вход=1, 70000.00 KZT; выход=0; глубина=4: обход обрезан, конечная роль неизвестна",4,False,1,0,70000.0,0.0,1,0,0.0005308297210537953,0.0,True,0.0,exact,2248,0.0,1,0,1.0,0.0,0.0,0.0,0.0,0.0,0.0,0.0,False,True,depth_outflows_incomplete,70000.0,1,0.2,1.0
100000004035925100,peripheral,0.2,67,0.538773,"Вход=1, 1111588.00 KZT; выход=0; глубина=4: обход обрезан, конечная роль неизвестна",4,False,1,0,1111588.0,0.0,2,0,0.0004624126239356535,0.0,True,0.0,exact,2248,0.0,1,0,1.0,0.0,0.0,0.0,0.0,0.0,0.0,0.0,False,True,depth_outflows_incomplete,1111588.0,2,0.2,1.0
100000004041163100,peripheral,0.55,47,0.790883,"Мало связей: входов=1, выходов=2; оборот=916000.00 KZT; FIFO 1–7д=0%; в тот же день=?6%; правила иных ролей не выполнены; seed: вход неполон",0,True,1,2,50000.0,866000.0,1,6,0.0020847480556725217,17.32,False,2.3381328463676314e-05,exact,2248,0.48914858096828046,2,0,1.0,0.8083140877598153,0.0,0.0,0.0,48000.0,0.05542725173210162,0.9445727482678984,True,False,seed_inflows_incomplete,916000.0,7,0.55,1.0
100000004041294100,peripheral,0.2,13,0.238414,"Вход=1, 17800.00 KZT; выход=0; глубина=4: обход обрезан, конечная роль неизвестна",4,False,1,0,17800.0,0.0,2,0,0.0003008542855735774,0.0,True,0.0,exact,2248,0.0,1,0,1.0,0.0,0.0,0.0,0.0,0.0,0.0,0.0,False,True,depth_outflows_incomplete,17800.0,2,0.2,1.0
100000004047887100,peripheral,0.2,30,0.179621,"Вход=1, 30000.00 KZT; выход=0; глубина=4: обход обрезан, конечная роль неизвестна",4,False,1,0,30000.0,0.0,1,0,0.00028801399269163874,0.0,True,0.0,exact,2248,0.0,1,0,1.0,0.0,0.0,0.0,0.0,0.0,0.0,0.0,False,True,depth_outflows_incomplete,30000.0,1,0.2,1.0
100000004049912100,peripheral,0.2,43,0.207167,"Вход=1, 10000.00 KZT; выход=0; глубина=4: обход обрезан, конечная роль неизвестна",4,False,1,0,10000.0,0.0,1,0,0.0003245564257590689,0.0,True,0.0,exact,2248,0.0,1,0,1.0,0.0,0.0,0.0,0.0,0.0,0.0,0.0,False,True,depth_outflows_incomplete,10000.0,1,0.2,1.0
100000004058740100,terminal,0.59,22,0.209365,"Наблюдаемый получатель: входов=1, вход=30000.00 KZT; выход=0; глубина=1; вне выборки операции неизвестны",1,False,1,0,30000.0,0.0,1,0,0.0002918659428128657,0.0,False,0.0,exact,2248,0.0,1,0,1.0,0.0,0.0,0.0,0.0,0.0,0.0,0.0,False,False,sample_only,30000.0,1,0.59,1.0
100000004064431100,peripheral,0.55,34,0.33142,"Мало связей: входов=1, выходов=1; оборот=36000.00 KZT; FIFO 1–7д=100%; в тот же день=?0%; правила иных ролей не выполнены",3,False,1,1,26000.0,10000.0,1,1,0.0002910534469463005,0.38461538461538464,False,9.90734256935437e-07,exact,2248,0.08180300500834725,2,0,1.0,1.0,1.0,10000.0,1.0,0.0,0.0,0.0,False,False,sample_only,36000.0,2,0.55,1.0
100000004066370100,peripheral,0.2,26,0.429127,"Вход=1, 65000.00 KZT; выход=0; глубина=4: обход обрезан, конечная роль неизвестна",4,False,1,0,65000.0,0.0,2,0,0.0005893461583954324,0.0,True,0.0,exact,2248,0.0,1,0,1.0,0.0,0.0,0.0,0.0,0.0,0.0,0.0,False,True,depth_outflows_incomplete,65000.0,2,0.2,1.0
100000004066647100,terminal,0.59,43,0.261115,"Наблюдаемый получатель: входов=1, вход=51000.00 KZT; выход=0; глубина=3; вне выборки операции неизвестны",3,False,1,0,51000.0,0.0,1,0,0.0002942910761084242,0.0,False,0.0,exact,2248,0.0,1,0,1.0,0.0,0.0,0.0,0.0,0.0,0.0,0.0,False,False,sample_only,51000.0,1,0.59,1.0
100000004070318100,coordinator,0.893656,0,0.859847,"Гипотеза связующего: соседей=21, внешних сообществ=8; посредничество=0.00207; не доказательство управления",1,False,4,19,207246.55,551860.0,6,37,0.00031412234761755547,2.662818753798314,False,0.002073265129736242,exact,2248,0.9682804674457429,21,8,0.43426537136565124,0.1540245714492806,0.7933098974377559,46521.55,0.08429955061066212,160725.0,0.29124234407277205,0.6244581053165658,False,False,sample_only,759106.55,43,0.893656,1.0
100000004070530100,peripheral,0.2,30,0.142968,"Вход=1, 20000.00 KZT; выход=0; глубина=4: обход обрезан, конечная роль неизвестна",4,False,1,0,20000.0,0.0,1,0,0.00028719909320018945,0.0,True,0.0,exact,2248,0.0,1,0,1.0,0.0,0.0,0.0,0.0,0.0,0.0,0.0,False,True,depth_outflows_incomplete,20000.0,1,0.2,1.0
100000004071070100,peripheral,0.55,0,0.505294,"Мало связей: входов=2, выходов=1; оборот=47000.00 KZT; FIFO 1–7д=100%; в тот же день=?0%; правила иных ролей не выполнены",2,False,2,1,41000.0,6000.0,5,1,0.0011875923340219302,0.14634146341463414,False,0.0,exact,2248,0.0,2,0,0.8780487804878049,1.0,1.0,6000.0,1.0,0.0,0.0,0.0,False,False,sample_only,47000.0,6,0.55,1.0
100000004071080100,consolidator,0.922687,0,0.793451,Гипотеза сбора: отправителей=9; вход=238600.00 KZT; выход/вход=0.19; крупнейший вход=28%,1,False,9,2,238600.0,46500.0,16,5,0.0013690045738923454,0.19488683989941324,False,2.813685289696641e-05,exact,2248,0.5125208681135225,10,3,0.2808046940486169,0.7741935483870968,1.0,46500.0,1.0,0.0,0.0,0.0,False,False,sample_only,285100.0,21,0.922687,1.0
100000004071444100,peripheral,0.55,0,0.569409,"Мало связей: входов=1, выходов=1; оборот=347350.00 KZT; FIFO 1–7д=0%; в тот же день=?0%; правила иных ролей не выполнены",3,False,1,1,247350.0,100000.0,1,1,0.0003075048495520191,0.40428542551041036,False,1.922024458454748e-05,exact,2248,0.2871452420701169,2,0,1.0,1.0,0.0,0.0,0.0,0.0,0.0,1.0,False,False,sample_only,347350.0,2,0.55,1.0
100000004076740100,peripheral,0.3,59,0.860496,"Роль неоднозначна: входов=3, выходов=6; оборот=218250.00 KZT; FIFO 1–7д=40%; в тот же день=?0%; правила иных ролей не выполнены",1,False,3,6,93250.0,125000.0,5,10,0.0007414546780411359,1.3404825737265416,False,0.00043516040067393183,exact,2248,0.8964941569282137,7,2,0.4959785522788204,0.256,0.544,50000.0,0.4,0.0,0.0,0.6,False,False,sample_only,218250.0,15,0.3,1.0
100000004077081100,distributor,0.719024,2,0.719743,"Гипотеза распределения: входов=1, получателей=4; выход=615000.00 KZT; крупнейший выход=41%; источник средств неизвестен",3,False,1,4,140000.0,615000.0,1,6,0.0002901065785876625,4.392857142857143,False,0.00011599154155885528,exact,2248,0.7662771285475793,5,2,1.0,0.4065040650406504,0.16260162601626016,0.0,0.0,140000.0,0.22764227642276422,0.7723577235772358,False,False,sample_only,755000.0,7,0.719024,1.0
100000004094958100,peripheral,0.55,68,0.463518,"Мало связей: входов=1, выходов=1; оборот=79000.00 KZT; FIFO 1–7д=0%; в тот же день=?98%; правила иных ролей не выполнены",1,False,1,1,39000.0,40000.0,1,1,0.00039146494703152303,1.0256410256410255,False,1.981468513870874e-07,exact,2248,0.01001669449081803,2,0,1.0,1.0,0.0,0.0,0.0,39000.0,0.975,0.025,False,False,sample_only,79000.0,2,0.55,1.0
100000004096559100,terminal,0.59,1,0.383389,"Наблюдаемый получатель: входов=1, вход=46200.00 KZT; выход=0; глубина=3; вне выборки операции неизвестны",3,False,1,0,46200.0,0.0,1,0,0.0009765877187482858,0.0,False,0.0,exact,2248,0.0,1,0,1.0,0.0,0.0,0.0,0.0,0.0,0.0,0.0,False,False,sample_only,46200.0,1,0.59,1.0
100000004097972100,peripheral,0.3,0,0.622619,"Роль неоднозначна: входов=1, выходов=2; оборот=128878.00 KZT; FIFO 1–7д=0%; в тот же день=?50%; правила иных ролей не выполнены",3,False,1,2,118878.0,10000.0,1,2,0.0003165811788801667,0.0841198539679335,False,3.844048916909496e-05,exact,2248,0.5450751252086812,3,0,1.0,0.5,0.0,0.0,0.0,5000.0,0.5,0.5,False,False,sample_only,128878.0,3,0.3,1.0
100000004099450100,terminal,0.59,0,0.232156,"Наблюдаемый получатель: входов=1, вход=31000.00 KZT; выход=0; глубина=3; вне выборки операции неизвестны",3,False,1,0,31000.0,0.0,1,0,0.00029616586394753193,0.0,False,0.0,exact,2248,0.0,1,0,1.0,0.0,0.0,0.0,0.0,0.0,0.0,0.0,False,False,sample_only,31000.0,1,0.59,1.0
100000004105288100,terminal,0.63,2,0.533513,"Наблюдаемый получатель: входов=2, вход=215000.00 KZT; выход=0; глубина=1; вне выборки операции неизвестны",1,False,2,0,215000.0,0.0,2,0,0.0004630401380988289,0.0,False,0.0,exact,2248,0.0,2,1,0.8837209302325582,0.0,0.0,0.0,0.0,0.0,0.0,0.0,False,False,sample_only,215000.0,2,0.63,1.0
100000004107228100,peripheral,0.2,2,0.098374,"Вход=1, 5000.00 KZT; выход=0; глубина=4: обход обрезан, конечная роль неизвестна",4,False,1,0,5000.0,0.0,1,0,0.0002887085719064815,0.0,True,0.0,exact,2248,0.0,1,0,1.0,0.0,0.0,0.0,0.0,0.0,0.0,0.0,False,True,depth_outflows_incomplete,5000.0,1,0.2,1.0
100000004114962100,terminal,0.63,10,0.552019,"Наблюдаемый получатель: входов=2, вход=165000.00 KZT; выход=0; глубина=3; вне выборки операции неизвестны",3,False,2,0,165000.0,0.0,2,0,0.0007112908662345295,0.0,False,0.0,exact,2248,0.0,2,1,0.8484848484848485,0.0,0.0,0.0,0.0,0.0,0.0,0.0,False,False,sample_only,165000.0,2,0.63,1.0
100000004130144100,terminal,0.59,1,0.353443,"Наблюдаемый получатель: входов=1, вход=200000.00 KZT; выход=0; глубина=1; вне выборки операции неизвестны",1,False,1,0,200000.0,0.0,1,0,0.0002970377419674501,0.0,False,0.0,exact,2248,0.0,1,0,1.0,0.0,0.0,0.0,0.0,0.0,0.0,0.0,False,False,sample_only,200000.0,1,0.59,1.0
100000004134060100,terminal,0.59,35,0.350594,"Наблюдаемый получатель: входов=1, вход=88179.00 KZT; выход=0; глубина=2; вне выборки операции неизвестны",2,False,1,0,88179.0,0.0,1,0,0.0003280105841798639,0.0,False,0.0,exact,2248,0.0,1,0,1.0,0.0,0.0,0.0,0.0,0.0,0.0,0.0,False,False,sample_only,88179.0,1,0.59,1.0
100000004135268100,peripheral,0.3,55,0.724008,"Роль неоднозначна: входов=2, выходов=3; оборот=2239200.00 KZT; FIFO 1–7д=5%; в тот же день=?80%; правила иных ролей не выполнены",1,False,2,3,1239000.0,1000200.0,3,4,0.001740527342257778,0.8072639225181598,False,1.1888811083225246e-06,exact,2248,0.09849749582637729,3,0,0.8587570621468926,0.6998600279944012,0.6998600279944012,50000.0,0.04999000199960008,800000.0,0.7998400319936013,0.15016996600679863,False,False,sample_only,2239200.0,7,0.3,1.0
100000004140487100,distributor,0.871439,2,0.721186,"Гипотеза распределения: входов=1, получателей=10; выход=262600.00 KZT; крупнейший выход=19%; источник средств неизвестен",3,False,1,10,24510.0,262600.0,1,19,0.000289427144859754,10.713994288045695,False,0.0003253704385731911,exact,2248,0.8814691151919867,11,5,1.0,0.19040365575019041,0.7307692307692307,0.0,0.0,24510.0,0.09333587204874333,0.9066641279512566,False,False,sample_only,287110.0,20,0.871439,1.0
100000004140994100,terminal,0.59,22,0.148217,"Наблюдаемый получатель: входов=1, вход=18650.00 KZT; выход=0; глубина=3; вне выборки операции неизвестны",3,False,1,0,18650.0,0.0,1,0,0.00028848014479905114,0.0,False,0.0,exact,2248,0.0,1,0,1.0,0.0,0.0,0.0,0.0,0.0,0.0,0.0,False,False,sample_only,18650.0,1,0.59,1.0
100000004144536100,consolidator,0.812738,34,0.609836,Гипотеза сбора: отправителей=4; вход=168000.00 KZT; выход/вход=0.00; крупнейший вход=67%,1,False,4,0,168000.0,0.0,6,0,0.0009685966718954048,0.0,False,0.0,exact,2248,0.0,4,0,0.6726190476190477,0.0,0.0,0.0,0.0,0.0,0.0,0.0,False,False,sample_only,168000.0,6,0.812738,1.0
100000004150593100,distributor,0.858504,16,0.817993,"Гипотеза распределения: входов=1, получателей=11; выход=871165.00 KZT; крупнейший выход=28%; источник средств неизвестен",2,False,1,11,57000.0,871165.0,2,16,0.0003066265725556523,15.28359649122807,False,0.00022164097899513528,exact,2248,0.8447412353923205,12,2,1.0,0.27664104962894515,0.35263124666395,0.0,0.0,57000.0,0.0654296258458501,0.9345703741541499,False,False,sample_only,928165.0,18,0.858504,1.0
100000004156082100,coordinator,0.855822,3,0.970825,"Гипотеза связующего: соседей=30, внешних сообществ=3; посредничество=0.00204; не доказательство управления",1,False,5,26,377366.11,2319556.0,7,29,0.0008669668928480435,6.146699288921308,False,0.0020400351394137825,exact,2248,0.9666110183639399,30,3,0.7257305379118437,0.22038700509925174,0.8816687331541037,0.0,0.0,377366.11,0.1626889413318756,0.8373110586681244,False,False,sample_only,2696922.11,36,0.855822,1.0
100000004158362100,terminal,0.59,0,0.145794,"Наблюдаемый получатель: входов=1, вход=12000.00 KZT; выход=0; глубина=2; вне выборки операции неизвестны",2,False,1,0,12000.0,0.0,1,0,0.0002913822339326508,0.0,False,0.0,exact,2248,0.0,1,0,1.0,0.0,0.0,0.0,0.0,0.0,0.0,0.0,False,False,sample_only,12000.0,1,0.59,1.0
100000004159526100,consolidator,0.790528,40,0.84458,Гипотеза сбора: отправителей=4; вход=275037.00 KZT; выход/вход=0.25; крупнейший вход=52%,1,False,4,4,275037.0,68000.0,4,6,0.0008532026216190938,0.24723946232688693,False,9.788454458522118e-05,exact,2248,0.7462437395659433,7,2,0.5238640619262136,0.4411764705882353,0.7058823529411765,38000.0,0.5588235294117647,20000.0,0.29411764705882354,0.14705882352941177,False,False,sample_only,343037.0,10,0.790528,1.0
100000004160650100,distributor,0.844587,34,0.710536,"Гипотеза распределения: входов=2, получателей=10; выход=1489827.00 KZT; крупнейший выход=37%; источник средств неизвестен",2,False,2,10,75100.0,1489827.0,4,40,0.0003692276667102103,19.83790945406125,False,5.34996498745136e-06,exact,2248,0.19198664440734559,10,0,0.5326231691078562,0.36941873116811547,0.6873663854930807,28000.0,0.018794128445785988,47100.0,0.031614408921304286,0.9495914626329097,False,False,sample_only,1564927.0,44,0.844587,1.0
100000004167082100,peripheral,0.2,12,0.244067,"Вход=1, 13300.00 KZT; выход=0; глубина=4: обход обрезан, конечная роль неизвестна",4,False,1,0,13300.0,0.0,1,0,0.00038491480925942914,0.0,True,0.0,exact,2248,0.0,1,0,1.0,0.0,0.0,0.0,0.0,0.0,0.0,0.0,False,True,depth_outflows_incomplete,13300.0,1,0.2,1.0
100000004174835100,peripheral,0.0,69,0.0,"Связей=0, операций=0; изолирован, данных для роли нет; seed: вход неполон",0,True,0,0,0.0,0.0,0,0,0.0002855692942172909,,False,0.0,exact,2248,0.0,0,0,0.0,0.0,0.0,0.0,0.0,0.0,0.0,0.0,True,False,no_operations;seed_inflows_incomplete,0.0,0,0.0,1.0
100000004177936100,peripheral,0.2,8,0.214166,"Вход=1, 10000.00 KZT; выход=0; глубина=4: обход обрезан, конечная роль неизвестна",4,False,1,0,10000.0,0.0,1,0,0.00033700711990315843,0.0,True,0.0,exact,2248,0.0,1,0,1.0,0.0,0.0,0.0,0.0,0.0,0.0,0.0,False,True,depth_outflows_incomplete,10000.0,1,0.2,1.0
100000004180097100,peripheral,0.3,0,0.827323,"Роль неоднозначна: входов=3, выходов=3; оборот=152654.00 KZT; FIFO 1–7д=65%; в тот же день=?21%; правила иных ролей не выполнены",1,False,3,3,104854.0,47800.0,5,7,0.0008565318930578582,0.4558719743643542,False,0.0003136664657457594,exact,2248,0.8747913188647746,4,1,0.7329620233848971,0.7531380753138075,0.6485355648535565,31000.0,0.6485355648535565,10000.0,0.20920502092050208,0.14225941422594143,False,False,sample_only,152654.0,12,0.3,1.0
100000004183610100,peripheral,0.55,12,0.679611,"Мало связей: входов=1, выходов=1; оборот=937000.00 KZT; FIFO 1–7д=2%; в тот же день=?0%; правила иных ролей не выполнены",3,False,1,1,22000.0,915000.0,1,3,0.0003407627226653414,41.59090909090909,False,1.9616538287321655e-05,exact,2248,0.3831385642737897,2,0,1.0,1.0,0.01639344262295082,15000.0,0.01639344262295082,0.0,0.0,0.9836065573770492,False,False,sample_only,937000.0,4,0.55,1.0
100000004184158100,terminal,0.59,0,0.373161,"Наблюдаемый получатель: входов=1, вход=203805.00 KZT; выход=0; глубина=3; вне выборки операции неизвестны",3,False,1,0,203805.0,0.0,1,0,0.0003036431808354202,0.0,False,0.0,exact,2248,0.0,1,0,1.0,0.0,0.0,0.0,0.0,0.0,0.0,0.0,False,False,sample_only,203805.0,1,0.59,1.0
100000004185681100,terminal,0.59,2,0.259747,"Наблюдаемый получатель: входов=1, вход=10000.00 KZT; выход=0; глубина=3; вне выборки операции неизвестны",3,False,1,0,10000.0,0.0,1,0,0.0005352962052822023,0.0,False,0.0,exact,2248,0.0,1,0,1.0,0.0,0.0,0.0,0.0,0.0,0.0,0.0,False,False,sample_only,10000.0,1,0.59,1.0
100000004186824100,peripheral,0.3,16,0.639875,"Роль неоднозначна: входов=2, выходов=1; оборот=458700.00 KZT; FIFO 1–7д=100%; в тот же день=?0%; правила иных ролей не выполнены",1,False,2,1,451700.0,7000.0,7,1,0.00038192715477474077,0.015497011290679655,False,2.1796153652579613e-06,exact,2248,0.15191986644407346,3,0,0.9682311268541067,1.0,1.0,7000.0,1.0,0.0,0.0,0.0,False,False,sample_only,458700.0,8,0.3,1.0
100000004188160100,coordinator,0.819992,16,0.758432,"Гипотеза связующего: соседей=6, внешних сообществ=2; посредничество=0.00246; не доказательство управления",1,False,2,5,87862.0,133846.0,5,6,0.0002968274021349181,1.5233661878855478,False,0.0024601048266471638,exact,2248,0.9749582637729549,6,2,0.9021192324326786,0.6134662223749683,0.955172362267083,25872.0,0.19329677390433783,15294.0,0.11426564858120526,0.6924375775144569,False,False,sample_only,221708.0,11,0.819992,1.0
100000004192107100,terminal,0.59,2,0.223116,"Наблюдаемый получатель: входов=1, вход=25000.00 KZT; выход=0; глубина=2; вне выборки операции неизвестны",2,False,1,0,25000.0,0.0,1,0,0.0002993001243079831,0.0,False,0.0,exact,2248,0.0,1,0,1.0,0.0,0.0,0.0,0.0,0.0,0.0,0.0,False,False,sample_only,25000.0,1,0.59,1.0
100000004192865100,terminal,0.59,27,0.392227,"Наблюдаемый получатель: входов=1, вход=66666.00 KZT; выход=0; глубина=2; вне выборки операции неизвестны",2,False,1,0,66666.0,0.0,1,0,0.0005558092873800479,0.0,False,0.0,exact,2248,0.0,1,0,1.0,0.0,0.0,0.0,0.0,0.0,0.0,0.0,False,False,sample_only,66666.0,1,0.59,1.0
100000004193835100,peripheral,0.55,16,0.500294,"Мало связей: входов=1, выходов=1; оборот=52000.00 KZT; FIFO 1–7д=0%; в тот же день=?100%; правила иных ролей не выполнены; seed: вход неполон",0,True,1,1,47000.0,5000.0,1,1,0.0004699301396955852,0.10638297872340426,False,6.6775488917448465e-06,exact,2248,0.1986644407345576,2,1,1.0,1.0,0.0,0.0,0.0,5000.0,1.0,0.0,True,False,seed_inflows_incomplete,52000.0,2,0.55,1.0
100000004200745100,peripheral,0.2,7,0.490186,"Вход=1, 130000.00 KZT; выход=0; глубина=4: обход обрезан, конечная роль неизвестна",4,False,1,0,130000.0,0.0,4,0,0.0006010148962169087,0.0,True,0.0,exact,2248,0.0,1,0,1.0,0.0,0.0,0.0,0.0,0.0,0.0,0.0,False,True,depth_outflows_incomplete,130000.0,4,0.2,1.0
100000004206046100,terminal,0.59,16,0.108917,"Наблюдаемый получатель: входов=1, вход=11075.00 KZT; выход=0; глубина=1; вне выборки операции неизвестны",1,False,1,0,11075.0,0.0,1,0,0.00028676005666009854,0.0,False,0.0,exact,2248,0.0,1,0,1.0,0.0,0.0,0.0,0.0,0.0,0.0,0.0,False,False,sample_only,11075.0,1,0.59,1.0
100000004209339100,peripheral,0.55,11,0.743903,"Мало связей: входов=1, выходов=2; оборот=377000.00 KZT; FIFO 1–7д=35%; в тот же день=?0%; правила иных ролей не выполнены",2,False,1,2,138500.0,238500.0,6,11,0.0008195334277812209,1.7220216606498195,False,2.1003566247031264e-05,exact,2248,0.44407345575959933,2,0,1.0,0.9748427672955975,0.34591194968553457,82500.0,0.34591194968553457,0.0,0.0,0.6540880503144654,False,False,sample_only,377000.0,17,0.55,1.0
100000004213658100,terminal,0.59,22,0.191555,"Наблюдаемый получатель: входов=1, вход=25347.00 KZT; выход=0; глубина=1; вне выборки операции неизвестны",1,False,1,0,25347.0,0.0,1,0,0.00029088933261569206,0.0,False,0.0,exact,2248,0.0,1,0,1.0,0.0,0.0,0.0,0.0,0.0,0.0,0.0,False,False,sample_only,25347.0,1,0.59,1.0
100000004217419100,peripheral,0.3,8,0.653874,"Роль неоднозначна: входов=2, выходов=1; оборот=125900.00 KZT; FIFO 1–7д=100%; в тот же день=?0%; правила иных ролей не выполнены",3,False,2,1,118200.0,7700.0,3,1,0.0005841829530235464,0.06514382402707276,False,1.9418391435934565e-05,exact,2248,0.3614357262103506,3,1,0.676818950930626,1.0,1.0,7700.0,1.0,0.0,0.0,0.0,False,False,sample_only,125900.0,4,0.3,1.0
100000004218576100,terminal,0.59,22,0.194134,"Наблюдаемый получатель: входов=1, вход=26144.00 KZT; выход=0; глубина=1; вне выборки операции неизвестны",1,False,1,0,26144.0,0.0,1,0,0.0002910566135800478,0.0,False,0.0,exact,2248,0.0,1,0,1.0,0.0,0.0,0.0,0.0,0.0,0.0,0.0,False,False,sample_only,26144.0,1,0.59,1.0
100000004221668100,peripheral,0.3,46,0.769138,"Роль неоднозначна: входов=4, выходов=3; оборот=1859740.00 KZT; FIFO 1–7д=15%; в тот же день=?85%; правила иных ролей не выполнены",2,False,4,3,1128300.0,731440.0,8,10,0.0030901749053247364,0.6482673047948241,False,4.5573775819030105e-06,exact,2248,0.18781302170283806,5,1,0.6058672338916955,0.9441649349228919,1.0,112140.0,0.15331401071858253,619300.0,0.8466859892814175,0.0,False,False,sample_only,1859740.0,18,0.3,1.0
100000004222274100,peripheral,0.2,0,0.284062,"Вход=1, 15500.00 KZT; выход=0; глубина=4: обход обрезан, конечная роль неизвестна",4,False,1,0,15500.0,0.0,1,0,0.0005454170226679215,0.0,True,0.0,exact,2248,0.0,1,0,1.0,0.0,0.0,0.0,0.0,0.0,0.0,0.0,False,True,depth_outflows_incomplete,15500.0,1,0.2,1.0
100000004225615100,terminal,0.59,4,0.328477,"Наблюдаемый получатель: входов=1, вход=90000.00 KZT; выход=0; глубина=2; вне выборки операции неизвестны",2,False,1,0,90000.0,0.0,2,0,0.0002940382625762384,0.0,False,0.0,exact,2248,0.0,1,0,1.0,0.0,0.0,0.0,0.0,0.0,0.0,0.0,False,False,sample_only,90000.0,2,0.59,1.0
100000004226848100,terminal,0.59,2,0.432021,"Наблюдаемый получатель: входов=1, вход=301866.00 KZT; выход=0; глубина=1; вне выборки операции неизвестны",1,False,1,0,301866.0,0.0,1,0,0.0003460138655313352,0.0,False,0.0,exact,2248,0.0,1,0,1.0,0.0,0.0,0.0,0.0,0.0,0.0,0.0,False,False,sample_only,301866.0,1,0.59,1.0
100000004232712100,peripheral,0.2,10,0.264098,"Вход=1, 12500.00 KZT; выход=0; глубина=4: обход обрезан, конечная роль неизвестна",4,False,1,0,12500.0,0.0,1,0,0.0005292762077277109,0.0,True,0.0,exact,2248,0.0,1,0,1.0,0.0,0.0,0.0,0.0,0.0,0.0,0.0,False,True,depth_outflows_incomplete,12500.0,1,0.2,1.0
100000004235471100,peripheral,0.2,10,0.404699,"Вход=1, 180000.00 KZT; выход=0; глубина=4: обход обрезан, конечная роль неизвестна",4,False,1,0,180000.0,0.0,1,0,0.00034861353029746133,0.0,True,0.0,exact,2248,0.0,1,0,1.0,0.0,0.0,0.0,0.0,0.0,0.0,0.0,False,True,depth_outflows_incomplete,180000.0,1,0.2,1.0
100000004241142100,peripheral,0.2,0,0.318248,"Вход=1, 27102.00 KZT; выход=0; глубина=4: обход обрезан, конечная роль неизвестна",4,False,1,0,27102.0,0.0,1,0,0.0005301329725055738,0.0,True,0.0,exact,2248,0.0,1,0,1.0,0.0,0.0,0.0,0.0,0.0,0.0,0.0,False,True,depth_outflows_incomplete,27102.0,1,0.2,1.0
100000004254434100,terminal,0.59,22,0.282873,"Наблюдаемый получатель: входов=1, вход=44445.00 KZT; выход=0; глубина=1; вне выборки операции неизвестны",1,False,1,0,44445.0,0.0,2,0,0.00029489777911163493,0.0,False,0.0,exact,2248,0.0,1,0,1.0,0.0,0.0,0.0,0.0,0.0,0.0,0.0,False,False,sample_only,44445.0,2,0.59,1.0
100000004257714100,terminal,0.59,22,0.260509,"Наблюдаемый получатель: входов=1, вход=52220.00 KZT; выход=0; глубина=3; вне выборки операции неизвестны",3,False,1,0,52220.0,0.0,1,0,0.0002937196758462196,0.0,False,0.0,exact,2248,0.0,1,0,1.0,0.0,0.0,0.0,0.0,0.0,0.0,0.0,False,False,sample_only,52220.0,1,0.59,1.0
100000004260869100,peripheral,0.2,16,0.282716,"Вход=1, 10000.00 KZT; выход=0; глубина=4: обход обрезан, конечная роль неизвестна",4,False,1,0,10000.0,0.0,1,0,0.0008422084803364151,0.0,True,0.0,exact,2248,0.0,1,0,1.0,0.0,0.0,0.0,0.0,0.0,0.0,0.0,False,True,depth_outflows_incomplete,10000.0,1,0.2,1.0
100000004261340100,peripheral,0.2,0,0.373856,"Вход=1, 48500.00 KZT; выход=0; глубина=4: обход обрезан, конечная роль неизвестна",4,False,1,0,48500.0,0.0,4,0,0.0003473850492015366,0.0,True,0.0,exact,2248,0.0,1,0,1.0,0.0,0.0,0.0,0.0,0.0,0.0,0.0,False,True,depth_outflows_incomplete,48500.0,4,0.2,1.0
100000004263867100,peripheral,0.2,18,0.125112,"Вход=1, 9000.00 KZT; выход=0; глубина=4: обход обрезан, конечная роль неизвестна",4,False,1,0,9000.0,0.0,1,0,0.00029038564076541934,0.0,True,0.0,exact,2248,0.0,1,0,1.0,0.0,0.0,0.0,0.0,0.0,0.0,0.0,False,True,depth_outflows_incomplete,9000.0,1,0.2,1.0
100000004265639100,peripheral,0.2,8,0.266027,"Вход=1, 10000.00 KZT; выход=0; глубина=4: обход обрезан, конечная роль неизвестна",4,False,1,0,10000.0,0.0,1,0,0.0005523205956514877,0.0,True,0.0,exact,2248,0.0,1,0,1.0,0.0,0.0,0.0,0.0,0.0,0.0,0.0,False,True,depth_outflows_incomplete,10000.0,1,0.2,1.0
100000004268036100,peripheral,0.2,18,0.100572,"Вход=1, 5500.00 KZT; выход=0; глубина=4: обход обрезан, конечная роль неизвестна",4,False,1,0,5500.0,0.0,1,0,0.00028851261710781384,0.0,True,0.0,exact,2248,0.0,1,0,1.0,0.0,0.0,0.0,0.0,0.0,0.0,0.0,False,True,depth_outflows_incomplete,5500.0,1,0.2,1.0
100000004269433100,peripheral,0.55,70,0.432829,"Мало связей: входов=0, выходов=1; оборот=1372000.00 KZT; FIFO 1–7д=0%; в тот же день=?0%; правила иных ролей не выполнены; seed: вход неполон",0,True,0,1,0.0,1372000.0,0,67,0.0002855692942172909,,False,0.0,exact,2248,0.0,1,0,0.0,1.0,0.0,0.0,0.0,0.0,0.0,1.0,True,False,seed_inflows_incomplete,1372000.0,67,0.55,1.0
100000004272302100,peripheral,0.2,54,0.108647,"Вход=1, 10000.00 KZT; выход=0; глубина=4: обход обрезан, конечная роль неизвестна",4,False,1,0,10000.0,0.0,1,0,0.00028773614997434693,0.0,True,0.0,exact,2248,0.0,1,0,1.0,0.0,0.0,0.0,0.0,0.0,0.0,0.0,False,True,depth_outflows_incomplete,10000.0,1,0.2,1.0
100000004278574100,peripheral,0.55,10,0.350117,"Мало связей: входов=1, выходов=1; оборот=37500.00 KZT; FIFO 1–7д=0%; в тот же день=?0%; правила иных ролей не выполнены",3,False,1,1,25000.0,12500.0,1,1,0.000286379523569143,0.5,False,1.922024458454748e-05,exact,2248,0.2871452420701169,2,0,1.0,1.0,0.0,0.0,0.0,0.0,0.0,1.0,False,False,sample_only,37500.0,2,0.55,1.0
100000004285800100,peripheral,0.55,0,0.349529,"Мало связей: входов=1, выходов=1; оборот=20000.00 KZT; FIFO 1–7д=0%; в тот же день=?0%; правила иных ролей не выполнены",2,False,1,1,5000.0,15000.0,1,1,0.0003442181347833002,3.0,False,0.0,exact,2248,0.0,2,0,1.0,1.0,0.0,0.0,0.0,0.0,0.0,1.0,False,False,sample_only,20000.0,2,0.55,1.0
100000004286573100,terminal,0.59,7,0.139872,"Наблюдаемый получатель: входов=1, вход=16590.00 KZT; выход=0; глубина=1; вне выборки операции неизвестны",1,False,1,0,16590.0,0.0,1,0,0.0002883224885597272,0.0,False,0.0,exact,2248,0.0,1,0,1.0,0.0,0.0,0.0,0.0,0.0,0.0,0.0,False,False,sample_only,16590.0,1,0.59,1.0
100000004291560100,terminal,0.59,0,0.212169,"Наблюдаемый получатель: входов=1, вход=47190.00 KZT; выход=0; глубина=3; вне выборки операции неизвестны",3,False,1,0,47190.0,0.0,1,0,0.00028822703346252307,0.0,False,0.0,exact,2248,0.0,1,0,1.0,0.0,0.0,0.0,0.0,0.0,0.0,0.0,False,False,sample_only,47190.0,1,0.59,1.0
100000004291663100,peripheral,0.2,0,0.246175,"Вход=1, 25000.00 KZT; выход=0; глубина=4: обход обрезан, конечная роль неизвестна",4,False,1,0,25000.0,0.0,1,0,0.00031117073486638236,0.0,True,0.0,exact,2248,0.0,1,0,1.0,0.0,0.0,0.0,0.0,0.0,0.0,0.0,False,True,depth_outflows_incomplete,25000.0,1,0.2,1.0
100000004292885100,terminal,0.59,22,0.337898,"Наблюдаемый получатель: входов=1, вход=112700.00 KZT; выход=0; глубина=3; вне выборки операции неизвестны",3,False,1,0,112700.0,0.0,1,0,0.00030315925993119875,0.0,False,0.0,exact,2248,0.0,1,0,1.0,0.0,0.0,0.0,0.0,0.0,0.0,0.0,False,False,sample_only,112700.0,1,0.59,1.0
100000004299488100,consolidator,0.855821,0,0.836897,Гипотеза сбора: отправителей=6; вход=1749000.00 KZT; выход/вход=0.20; крупнейший вход=35%,1,False,6,2,1749000.0,344999.0,22,14,0.0014621185934412485,0.19725500285877645,False,2.0805419395644178e-05,exact,2248,0.43906510851419034,7,1,0.34591194968553457,0.5942017223238328,0.7971008611619164,274999.0,0.7971008611619164,70000.0,0.20289913883808358,0.0,False,False,sample_only,2093999.0,36,0.855821,1.0
100000004315838100,peripheral,0.3,2,0.509443,"Роль неоднозначна: входов=2, выходов=1; оборот=68000.00 KZT; FIFO 1–7д=0%; в тот же день=?0%; правила иных ролей не выполнены",1,False,2,1,50000.0,18000.0,2,1,0.0002913854344131966,0.36,False,2.377762216645049e-05,exact,2248,0.49165275459098495,3,1,0.5,1.0,0.0,0.0,0.0,0.0,0.0,1.0,False,False,sample_only,68000.0,3,0.3,1.0
100000004318918100,terminal,0.59,11,0.293753,"Наблюдаемый получатель: входов=1, вход=75600.00 KZT; выход=0; глубина=1; вне выборки операции неизвестны",1,False,1,0,75600.0,0.0,1,0,0.0002970355594933984,0.0,False,0.0,exact,2248,0.0,1,0,1.0,0.0,0.0,0.0,0.0,0.0,0.0,0.0,False,False,sample_only,75600.0,1,0.59,1.0
100000004321983100,peripheral,0.3,46,0.463466,"Роль неоднозначна: входов=1, выходов=2; оборот=47040.00 KZT; FIFO 1–7д=30%; в тот же день=?0%; правила иных ролей не выполнены",3,False,1,2,10840.0,36200.0,1,3,0.0003237813951694772,3.339483394833948,False,1.387027959709612e-06,exact,2248,0.11519198664440734,3,0,1.0,0.8287292817679558,0.8287292817679558,10840.0,0.2994475138121547,0.0,0.0,0.7005524861878453,False,False,sample_only,47040.0,4,0.3,1.0
100000004325327100,transit,0.786206,0,0.591619,"Гипотеза транзита: вход=70817.00, выход=70000.00 KZT; FIFO 1–7д=68%; в тот же день=?0%; те же деньги не установлены",1,False,2,1,70817.0,70000.0,3,1,0.0002957923196813558,0.988463222107686,False,3.844048916909496e-05,exact,2248,0.5450751252086812,3,0,0.6703475154270867,1.0,1.0,47472.0,0.6781714285714285,0.0,0.0,0.3218285714285714,False,False,sample_only,140817.0,4,0.786206,1.0
100000004326224100,peripheral,0.2,10,0.379262,"Вход=1, 60000.00 KZT; выход=0; глубина=4: обход обрезан, конечная роль неизвестна",4,False,1,0,60000.0,0.0,1,0,0.000534877909107831,0.0,True,0.0,exact,2248,0.0,1,0,1.0,0.0,0.0,0.0,0.0,0.0,0.0,0.0,False,True,depth_outflows_incomplete,60000.0,1,0.2,1.0
100000004330371100,peripheral,0.55,16,0.859282,"Мало связей: входов=2, выходов=2; оборот=354852.00 KZT; FIFO 1–7д=68%; в тот же день=?9%; правила иных ролей не выполнены",1,False,2,2,264171.0,90681.0,12,6,0.00125427193015661,0.3432662934235779,False,0.00033467003199279065,exact,2248,0.8864774624373957,2,0,0.634058999663097,0.7906838257187283,0.9051620515874329,61926.0,0.6828993945810038,8600.0,0.09483794841256712,0.22226265700642914,False,False,sample_only,354852.0,18,0.55,1.0
100000004331458100,terminal,0.63,68,0.586272,"Наблюдаемый получатель: входов=2, вход=250000.00 KZT; выход=0; глубина=2; вне выборки операции неизвестны",2,False,2,0,250000.0,0.0,2,0,0.0013234381164598692,0.0,False,0.0,exact,2248,0.0,2,0,0.84,0.0,0.0,0.0,0.0,0.0,0.0,0.0,False,False,sample_only,250000.0,2,0.63,1.0
100000004336228100,terminal,0.59,8,0.302882,"Наблюдаемый получатель: входов=1, вход=51407.00 KZT; выход=0; глубина=3; вне выборки операции неизвестны",3,False,1,0,51407.0,0.0,2,0,0.0002960285109303709,0.0,False,0.0,exact,2248,0.0,1,0,1.0,0.0,0.0,0.0,0.0,0.0,0.0,0.0,False,False,sample_only,51407.0,2,0.59,1.0
100000004336312100,transit,0.783999,59,0.736604,"Гипотеза транзита: вход=90415.00, выход=72650.00 KZT; FIFO 1–7д=72%; в тот же день=?0%; те же деньги не установлены",2,False,3,2,90415.0,72650.0,7,3,0.0006960070275624514,0.8035171155228668,False,3.37840381614984e-05,exact,2248,0.5242070116861436,4,0,0.6516064812254604,0.7247075017205781,0.7247075017205781,52650.0,0.7247075017205781,0.0,0.0,0.27529249827942187,False,False,sample_only,163065.0,10,0.783999,1.0
100000004340038100,peripheral,0.55,12,0.4066,"Мало связей: входов=1, выходов=1; оборот=58978.00 KZT; FIFO 1–7д=0%; в тот же день=?0%; правила иных ролей не выполнены",3,False,1,1,9978.0,49000.0,1,1,0.0002892629212543268,4.910803768290238,False,1.922024458454748e-05,exact,2248,0.2871452420701169,2,0,1.0,1.0,0.0,0.0,0.0,0.0,0.0,1.0,False,False,sample_only,58978.0,2,0.55,1.0
100000004350094100,peripheral,0.2,43,0.322869,"Вход=1, 20000.00 KZT; выход=0; глубина=4: обход обрезан, конечная роль неизвестна",4,False,1,0,20000.0,0.0,1,0,0.0008939457051040856,0.0,True,0.0,exact,2248,0.0,1,0,1.0,0.0,0.0,0.0,0.0,0.0,0.0,0.0,False,True,depth_outflows_incomplete,20000.0,1,0.2,1.0
100000004351795100,coordinator,0.894658,0,0.877721,"Гипотеза связующего: соседей=16, внешних сообществ=5; посредничество=0.00243; не доказательство управления",1,False,3,14,118333.0,1715161.0,3,37,0.0003135156057452154,14.494359139039828,False,0.002428521604147366,exact,2248,0.9732888146911519,16,5,0.5611621441187158,0.31600531961722544,0.3190726701458347,72319.0,0.04216455481438769,46014.0,0.02682780217134135,0.931007643014271,False,False,sample_only,1833494.0,40,0.894658,1.0
100000004356593100,peripheral,0.55,2,0.433653,"Мало связей: входов=1, выходов=1; оборот=60000.00 KZT; FIFO 1–7д=100%; в тот же день=?0%; правила иных ролей не выполнены",2,False,1,1,50000.0,10000.0,1,1,0.00029345166926508727,0.2,False,1.922024458454748e-05,exact,2248,0.2871452420701169,2,0,1.0,1.0,1.0,10000.0,1.0,0.0,0.0,0.0,False,False,sample_only,60000.0,2,0.55,1.0
100000004358004100,distributor,0.65,2,0.518742,"Гипотеза распределения: входов=0, получателей=11; выход=980850.00 KZT; крупнейший выход=24%; источник средств неизвестен; seed: вход неполон",0,True,0,11,0.0,980850.0,0,17,0.0002855692942172909,,False,0.0,exact,2248,0.0,11,4,0.0,0.23754906458683794,0.0,0.0,0.0,0.0,0.0,1.0,True,False,seed_inflows_incomplete,980850.0,17,0.864368,0.65
100000004360785100,terminal,0.59,16,0.304744,"Наблюдаемый получатель: входов=1, вход=94705.00 KZT; выход=0; глубина=1; вне выборки операции неизвестны",1,False,1,0,94705.0,0.0,1,0,0.00029575179147653256,0.0,False,0.0,exact,2248,0.0,1,0,1.0,0.0,0.0,0.0,0.0,0.0,0.0,0.0,False,False,sample_only,94705.0,1,0.59,1.0
100000004368189100,peripheral,0.3,24,0.569995,"Роль неоднозначна: входов=1, выходов=2; оборот=412800.00 KZT; FIFO 1–7д=77%; в тот же день=?0%; правила иных ролей не выполнены",3,False,1,2,384600.0,28200.0,1,2,0.0003038885030129052,0.07332293291731669,False,2.774055919419224e-06,exact,2248,0.15943238731218698,3,0,1.0,0.7695035460992907,0.7695035460992907,21700.0,0.7695035460992907,0.0,0.0,0.23049645390070922,False,False,sample_only,412800.0,3,0.3,1.0
100000004377043100,peripheral,0.2,15,0.211878,"Вход=1, 5700.00 KZT; выход=0; глубина=4: обход обрезан, конечная роль неизвестна",4,False,1,0,5700.0,0.0,1,0,0.0003635495256865643,0.0,True,0.0,exact,2248,0.0,1,0,1.0,0.0,0.0,0.0,0.0,0.0,0.0,0.0,False,True,depth_outflows_incomplete,5700.0,1,0.2,1.0
100000004379306100,peripheral,0.2,8,0.275516,"Вход=1, 15000.00 KZT; выход=0; глубина=4: обход обрезан, конечная роль неизвестна",4,False,1,0,15000.0,0.0,1,0,0.0005320511103436068,0.0,True,0.0,exact,2248,0.0,1,0,1.0,0.0,0.0,0.0,0.0,0.0,0.0,0.0,False,True,depth_outflows_incomplete,15000.0,1,0.2,1.0
100000004386258100,peripheral,0.3,7,0.749365,"Роль неоднозначна: входов=3, выходов=3; оборот=101700.00 KZT; FIFO 1–7д=0%; в тот же день=?75%; правила иных ролей не выполнены",2,False,3,3,61700.0,40000.0,3,3,0.0005336690126056149,0.6482982171799028,False,0.00012047328564334914,exact,2248,0.7746243739565943,4,0,0.7568881685575365,0.5,0.0,0.0,0.0,30000.0,0.75,0.25,False,False,sample_only,101700.0,6,0.3,1.0
100000004386286100,peripheral,0.2,7,0.281685,"Вход=1, 12500.00 KZT; выход=0; глубина=4: обход обрезан, конечная роль неизвестна",4,False,1,0,12500.0,0.0,1,0,0.0005972866869113222,0.0,True,0.0,exact,2248,0.0,1,0,1.0,0.0,0.0,0.0,0.0,0.0,0.0,0.0,False,True,depth_outflows_incomplete,12500.0,1,0.2,1.0
100000004386331100,peripheral,0.55,7,0.548904,"Мало связей: входов=1, выходов=2; оборот=37500.00 KZT; FIFO 1–7д=0%; в тот же день=?0%; правила иных ролей не выполнены",3,False,1,2,20000.0,17500.0,1,2,0.0005126940455197122,0.875,False,2.0210978841482916e-05,exact,2248,0.4273789649415693,2,0,1.0,0.7142857142857143,0.0,0.0,0.0,0.0,0.0,1.0,False,False,sample_only,37500.0,3,0.55,1.0
100000004388209100,terminal,0.59,22,0.117665,"Наблюдаемый получатель: входов=1, вход=11800.00 KZT; выход=0; глубина=1; вне выборки операции неизвестны",1,False,1,0,11800.0,0.0,1,0,0.000288045975998217,0.0,False,0.0,exact,2248,0.0,1,0,1.0,0.0,0.0,0.0,0.0,0.0,0.0,0.0,False,False,sample_only,11800.0,1,0.59,1.0
100000004388353100,terminal,0.63,11,0.432481,"Наблюдаемый получатель: входов=2, вход=62960.00 KZT; выход=0; глубина=1; вне выборки операции неизвестны",1,False,2,0,62960.0,0.0,2,0,0.00034075907407916386,0.0,False,0.0,exact,2248,0.0,2,1,0.5552731893265566,0.0,0.0,0.0,0.0,0.0,0.0,0.0,False,False,sample_only,62960.0,2,0.63,1.0
100000004388983100,peripheral,0.55,71,0.458905,"Мало связей: входов=0, выходов=2; оборот=450816.00 KZT; FIFO 1–7д=0%; в тот же день=?0%; правила иных ролей не выполнены; seed: вход неполон",0,True,0,2,0.0,450816.0,0,23,0.0002855692942172909,,False,0.0,exact,2248,0.0,2,0,0.0,0.5741056218057922,0.0,0.0,0.0,0.0,0.0,1.0,True,False,seed_inflows_incomplete,450816.0,23,0.55,1.0
100000004390333100,distributor,0.850385,0,0.766414,"Гипотеза распределения: входов=2, получателей=9; выход=506500.00 KZT; крупнейший выход=20%; источник средств неизвестен",1,False,2,9,64558.0,506500.0,2,14,0.00029521378985057596,7.845658167849066,False,0.00015841501981922766,exact,2248,0.8146911519198664,10,2,0.7086805663124632,0.19743336623889438,0.21717670286278382,45751.0,0.09032773938795656,18807.0,0.03713129318854887,0.8725409674234945,False,False,sample_only,571058.0,16,0.850385,1.0
100000004394765100,consolidator,0.764671,16,0.804542,Гипотеза сбора: отправителей=3; вход=603844.00 KZT; выход/вход=0.14; крупнейший вход=75%,1,False,3,2,603844.0,82500.0,10,2,0.0003802754591116205,0.13662469114539516,False,6.516389452616682e-05,exact,2248,0.6844741235392321,5,1,0.7483522234219434,0.5696969696969697,0.4303030303030303,35500.0,0.4303030303030303,0.0,0.0,0.5696969696969697,False,False,sample_only,686344.0,12,0.764671,1.0
100000004398811100,distributor,0.689156,2,0.655737,"Гипотеза распределения: входов=1, получателей=3; выход=1040672.00 KZT; крупнейший выход=47%; источник средств неизвестен",2,False,1,3,426000.0,1040672.0,1,4,0.00034969174183991655,2.4428920187793426,False,1.4861013854031556e-06,exact,2248,0.12186978297161936,4,1,1.0,0.47229098121213986,0.1327719012330494,15000.0,0.01441376341440915,411000.0,0.39493711755481076,0.5906491190307801,False,False,sample_only,1466672.0,5,0.689156,1.0
100000004399686100,terminal,0.59,21,0.554789,"Наблюдаемый получатель: входов=1, вход=806000.00 KZT; выход=0; глубина=3; вне выборки операции неизвестны",3,False,1,0,806000.0,0.0,2,0,0.0005708068229548233,0.0,False,0.0,exact,2248,0.0,1,0,1.0,0.0,0.0,0.0,0.0,0.0,0.0,0.0,False,False,sample_only,806000.0,2,0.59,1.0
100000004400305100,coordinator,0.896327,0,0.930245,"Гипотеза связующего: соседей=87, внешних сообществ=9; посредничество=0.00261; не доказательство управления",2,False,7,82,222800.0,5830181.0,9,101,0.00038581745349325076,26.167778276481148,False,0.002609149922720262,exact,2248,0.9816360601001669,87,9,0.47127468581687615,0.07718456768323316,0.9025160625373381,0.0,0.0,222800.0,0.03821493706627633,0.9617850629337237,False,False,sample_only,6052981.0,110,0.896327,1.0
100000004400361100,terminal,0.59,16,0.105238,"Наблюдаемый получатель: входов=1, вход=10000.00 KZT; выход=0; глубина=2; вне выборки операции неизвестны",2,False,1,0,10000.0,0.0,1,0,0.0002872256288669924,0.0,False,0.0,exact,2248,0.0,1,0,1.0,0.0,0.0,0.0,0.0,0.0,0.0,0.0,False,False,sample_only,10000.0,1,0.59,1.0
100000004400480100,peripheral,0.2,24,0.293214,"Вход=1, 21700.00 KZT; выход=0; глубина=4: обход обрезан, конечная роль неизвестна",4,False,1,0,21700.0,0.0,1,0,0.0004845728560785352,0.0,True,0.0,exact,2248,0.0,1,0,1.0,0.0,0.0,0.0,0.0,0.0,0.0,0.0,False,True,depth_outflows_incomplete,21700.0,1,0.2,1.0
100000004403548100,peripheral,0.2,8,0.208917,"Вход=1, 5000.00 KZT; выход=0; глубина=4: обход обрезан, конечная роль неизвестна",4,False,1,0,5000.0,0.0,1,0,0.00036786566472081733,0.0,True,0.0,exact,2248,0.0,1,0,1.0,0.0,0.0,0.0,0.0,0.0,0.0,0.0,False,True,depth_outflows_incomplete,5000.0,1,0.2,1.0
100000004403641100,peripheral,0.2,24,0.355485,"Вход=1, 171500.00 KZT; выход=0; глубина=4: обход обрезан, конечная роль неизвестна",4,False,1,0,171500.0,0.0,1,0,0.0003005494163305608,0.0,True,0.0,exact,2248,0.0,1,0,1.0,0.0,0.0,0.0,0.0,0.0,0.0,0.0,False,True,depth_outflows_incomplete,171500.0,1,0.2,1.0
100000004403675100,coordinator,0.896661,47,0.918258,"Гипотеза связующего: соседей=8, внешних сообществ=4; посредничество=0.00279; не доказательство управления",1,False,4,5,182980.0,264699.0,8,6,0.0007400733271266655,1.4466007213903158,False,0.0027876735137262014,exact,2248,0.9833055091819699,8,4,0.34976500163952345,0.3475645922349537,1.0,138980.0,0.5250492068349333,31000.0,0.11711415607916917,0.3578366370858976,False,False,sample_only,447679.0,14,0.896661,1.0
100000004407753100,peripheral,0.55,15,0.558625,"Мало связей: входов=1, выходов=1; оборот=350000.00 KZT; FIFO 1–7д=100%; в тот же день=?0%; правила иных ролей не выполнены",3,False,1,1,250000.0,100000.0,4,1,0.0008785641580238728,0.4,False,0.0,exact,2248,0.0,1,0,1.0,1.0,1.0,100000.0,1.0,0.0,0.0,0.0,False,False,sample_only,350000.0,5,0.55,1.0
100000004408683100,terminal,0.63,16,0.496882,"Наблюдаемый получатель: входов=2, вход=112919.68 KZT; выход=0; глубина=1; вне выборки операции неизвестны",1,False,2,0,112919.68,0.0,3,0,0.00038531432958819066,0.0,False,0.0,exact,2248,0.0,2,0,0.7186346968039584,0.0,0.0,0.0,0.0,0.0,0.0,0.0,False,False,sample_only,112919.68,3,0.63,1.0
100000004410489100,terminal,0.59,2,0.310352,"Наблюдаемый получатель: входов=1, вход=54000.00 KZT; выход=0; глубина=2; вне выборки операции неизвестны",2,False,1,0,54000.0,0.0,1,0,0.0003142199106141309,0.0,False,0.0,exact,2248,0.0,1,0,1.0,0.0,0.0,0.0,0.0,0.0,0.0,0.0,False,False,sample_only,54000.0,1,0.59,1.0
100000004417753100,terminal,0.63,2,0.516599,"Наблюдаемый получатель: входов=2, вход=192099.00 KZT; выход=0; глубина=3; вне выборки операции неизвестны",3,False,2,0,192099.0,0.0,2,0,0.0003931467756499767,0.0,False,0.0,exact,2248,0.0,2,1,0.5205649170479805,0.0,0.0,0.0,0.0,0.0,0.0,0.0,False,False,sample_only,192099.0,2,0.63,1.0
100000004418967100,peripheral,0.2,42,0.396467,"Вход=1, 100000.00 KZT; выход=0; глубина=4: обход обрезан, конечная роль неизвестна",4,False,1,0,100000.0,0.0,1,0,0.00045347480895255716,0.0,True,0.0,exact,2248,0.0,1,0,1.0,0.0,0.0,0.0,0.0,0.0,0.0,0.0,False,True,depth_outflows_incomplete,100000.0,1,0.2,1.0
100000004420041100,distributor,0.793976,7,0.781896,"Гипотеза распределения: входов=1, получателей=7; выход=651830.00 KZT; крупнейший выход=31%; источник средств неизвестен",3,False,1,7,69638.0,651830.0,1,11,0.00029973777192393526,9.360263074758034,False,0.00015424862618236015,exact,2248,0.8096828046744574,8,1,1.0,0.30682846754521886,0.0,0.0,0.0,0.0,0.0,1.0,False,False,sample_only,721468.0,12,0.793976,1.0
100000004424023100,peripheral,0.55,1,0.660616,"Мало связей: входов=1, выходов=1; оборот=150000.00 KZT; FIFO 1–7д=0%; в тот же день=?0%; правила иных ролей не выполнены",2,False,1,1,50000.0,100000.0,1,1,0.0009717143911529614,2.0,False,2.0409125692870002e-05,exact,2248,0.4332220367278798,2,0,1.0,1.0,0.0,0.0,0.0,0.0,0.0,1.0,False,False,sample_only,150000.0,2,0.55,1.0
100000004433250100,peripheral,0.2,0,0.176593,"Вход=1, 8000.00 KZT; выход=0; глубина=4: обход обрезан, конечная роль неизвестна",4,False,1,0,8000.0,0.0,1,0,0.0003065701457455701,0.0,True,0.0,exact,2248,0.0,1,0,1.0,0.0,0.0,0.0,0.0,0.0,0.0,0.0,False,True,depth_outflows_incomplete,8000.0,1,0.2,1.0
100000004435304100,terminal,0.59,22,0.213336,"Наблюдаемый получатель: входов=1, вход=26200.00 KZT; выход=0; глубина=2; вне выборки операции неизвестны",2,False,1,0,26200.0,0.0,1,0,0.0002944677917550073,0.0,False,0.0,exact,2248,0.0,1,0,1.0,0.0,0.0,0.0,0.0,0.0,0.0,0.0,False,False,sample_only,26200.0,1,0.59,1.0
100000004441291100,terminal,0.59,2,0.30295,"Наблюдаемый получатель: входов=1, вход=20000.00 KZT; выход=0; глубина=2; вне выборки операции неизвестны",2,False,1,0,20000.0,0.0,1,0,0.000548843069567571,0.0,False,0.0,exact,2248,0.0,1,0,1.0,0.0,0.0,0.0,0.0,0.0,0.0,0.0,False,False,sample_only,20000.0,1,0.59,1.0
100000004445291100,terminal,0.59,13,0.271389,"Наблюдаемый получатель: входов=1, вход=19500.00 KZT; выход=0; глубина=3; вне выборки операции неизвестны",3,False,1,0,19500.0,0.0,2,0,0.0003192394235172127,0.0,False,0.0,exact,2248,0.0,1,0,1.0,0.0,0.0,0.0,0.0,0.0,0.0,0.0,False,False,sample_only,19500.0,2,0.59,1.0
100000004449824100,peripheral,0.2,18,0.125112,"Вход=1, 9000.00 KZT; выход=0; глубина=4: обход обрезан, конечная роль неизвестна",4,False,1,0,9000.0,0.0,1,0,0.00029038564076541934,0.0,True,0.0,exact,2248,0.0,1,0,1.0,0.0,0.0,0.0,0.0,0.0,0.0,0.0,False,True,depth_outflows_incomplete,9000.0,1,0.2,1.0
100000004450649100,peripheral,0.3,10,0.70375,"Роль неоднозначна: входов=2, выходов=2; оборот=239055.00 KZT; FIFO 1–7д=11%; в тот же день=?0%; правила иных ролей не выполнены",3,False,2,2,192528.0,46527.0,2,2,0.0002989552239324566,0.24166355023684866,False,0.00013874903023628483,exact,2248,0.7979966611018364,4,2,0.7322051857392171,0.8876566294839555,0.11234337051604444,5227.0,0.11234337051604444,0.0,0.0,0.8876566294839555,False,False,sample_only,239055.0,4,0.3,1.0
100000004451012100,peripheral,0.3,43,0.650232,"Роль неоднозначна: входов=1, выходов=3; оборот=156985.00 KZT; FIFO 1–7д=0%; в тот же день=?0%; правила иных ролей не выполнены",3,False,1,3,91245.0,65740.0,1,3,0.0003011735881125156,0.7204778344018851,False,5.7660733753642434e-05,exact,2248,0.6469115191986644,4,0,1.0,0.6366291451171281,0.0,0.0,0.0,0.0,0.0,1.0,False,False,sample_only,156985.0,4,0.3,1.0
100000004456564100,terminal,0.59,40,0.268697,"Наблюдаемый получатель: входов=1, вход=10000.00 KZT; выход=0; глубина=2; вне выборки операции неизвестны",2,False,1,0,10000.0,0.0,2,0,0.00039238727982301855,0.0,False,0.0,exact,2248,0.0,1,0,1.0,0.0,0.0,0.0,0.0,0.0,0.0,0.0,False,False,sample_only,10000.0,2,0.59,1.0
100000004463277100,terminal,0.59,27,0.35784,"Наблюдаемый получатель: входов=1, вход=35000.00 KZT; выход=0; глубина=2; вне выборки операции неизвестны",2,False,1,0,35000.0,0.0,1,0,0.000691924518979246,0.0,False,0.0,exact,2248,0.0,1,0,1.0,0.0,0.0,0.0,0.0,0.0,0.0,0.0,False,False,sample_only,35000.0,1,0.59,1.0
100000004467157100,peripheral,0.55,59,0.347207,"Мало связей: входов=1, выходов=1; оборот=27000.00 KZT; FIFO 1–7д=0%; в тот же день=?0%; правила иных ролей не выполнены",2,False,1,1,20000.0,7000.0,3,1,0.0003865607584834249,0.35,False,0.0,exact,2248,0.0,1,0,1.0,1.0,0.0,0.0,0.0,0.0,0.0,1.0,False,False,sample_only,27000.0,4,0.55,1.0
100000004472936100,peripheral,0.2,12,0.238167,"Вход=1, 5000.00 KZT; выход=0; глубина=4: обход обрезан, конечная роль неизвестна",4,False,1,0,5000.0,0.0,1,0,0.0005318955309395101,0.0,True,0.0,exact,2248,0.0,1,0,1.0,0.0,0.0,0.0,0.0,0.0,0.0,0.0,False,True,depth_outflows_incomplete,5000.0,1,0.2,1.0
100000004475818100,distributor,0.694081,10,0.615563,"Гипотеза распределения: входов=1, получателей=3; выход=53989.00 KZT; крупнейший выход=44%; источник средств неизвестен",3,False,1,3,13000.0,53989.0,1,3,0.0003098079503095039,4.153,False,6.940183893991107e-05,exact,2248,0.6894824707846411,3,1,1.0,0.439459889977588,0.7820852395858415,1235.0,0.022875030098723815,11765.0,0.21791476041415844,0.7592102094871177,False,False,sample_only,66989.0,4,0.694081,1.0
100000004479404100,peripheral,0.55,49,0.858655,"Мало связей: входов=2, выходов=1; оборот=1792000.00 KZT; FIFO 1–7д=0%; в тот же день=?0%; правила иных ролей не выполнены",2,False,2,1,1492000.0,300000.0,8,2,0.0008667096306509939,0.20107238605898123,False,9.610122292273739e-05,exact,2248,0.7378964941569283,2,1,0.9919571045576407,1.0,0.0,0.0,0.0,0.0,0.0,1.0,False,False,sample_only,1792000.0,10,0.55,1.0
100000004480280100,peripheral,0.3,2,0.69725,"Роль неоднозначна: входов=1, выходов=2; оборот=442544.00 KZT; FIFO 1–7д=50%; в тот же день=?0%; правила иных ролей не выполнены",1,False,1,2,146694.0,295850.0,1,7,0.0003149427776315953,2.0167832358515003,False,3.571762118628406e-05,exact,2248,0.5258764607679466,3,1,1.0,0.9121176271759337,0.7718438397836742,146694.0,0.4958391076559067,0.0,0.0,0.5041608923440933,False,False,sample_only,442544.0,8,0.3,1.0
100000004486525100,transit,0.854321,0,0.741882,"Гипотеза транзита: вход=360924.00, выход=271045.00 KZT; FIFO 1–7д=94%; в тот же день=?6%; те же деньги не установлены",2,False,8,2,360924.0,271045.0,21,3,0.0008057988481996705,0.7509752745730403,False,4.755524433290098e-06,exact,2248,0.19031719532554256,10,2,0.540410169453957,0.9406371635706248,0.9406371635706248,254955.0,0.9406371635706248,16090.0,0.0593628364293752,0.0,False,False,sample_only,631969.0,24,0.854321,1.0
100000004488265100,terminal,0.59,8,0.234175,"Наблюдаемый получатель: входов=1, вход=38740.00 KZT; выход=0; глубина=3; вне выборки операции неизвестны",3,False,1,0,38740.0,0.0,1,0,0.0002934512958019918,0.0,False,0.0,exact,2248,0.0,1,0,1.0,0.0,0.0,0.0,0.0,0.0,0.0,0.0,False,False,sample_only,38740.0,1,0.59,1.0
100000004491749100,terminal,0.59,1,0.326503,"Наблюдаемый получатель: входов=1, вход=50000.00 KZT; выход=0; глубина=3; вне выборки операции неизвестны",3,False,1,0,50000.0,0.0,1,0,0.00035079485925835666,0.0,False,0.0,exact,2248,0.0,1,0,1.0,0.0,0.0,0.0,0.0,0.0,0.0,0.0,False,False,sample_only,50000.0,1,0.59,1.0
100000004491881100,terminal,0.59,22,0.148688,"Наблюдаемый получатель: входов=1, вход=17144.00 KZT; выход=0; глубина=1; вне выборки операции неизвестны",1,False,1,0,17144.0,0.0,1,0,0.0002891676190013754,0.0,False,0.0,exact,2248,0.0,1,0,1.0,0.0,0.0,0.0,0.0,0.0,0.0,0.0,False,False,sample_only,17144.0,1,0.59,1.0
100000004493586100,terminal,0.59,0,0.107593,"Наблюдаемый получатель: входов=1, вход=7500.00 KZT; выход=0; глубина=3; вне выборки операции неизвестны",3,False,1,0,7500.0,0.0,1,0,0.00028863973665071367,0.0,False,0.0,exact,2248,0.0,1,0,1.0,0.0,0.0,0.0,0.0,0.0,0.0,0.0,False,False,sample_only,7500.0,1,0.59,1.0
100000004494983100,terminal,0.59,22,0.225583,"Наблюдаемый получатель: входов=1, вход=35000.00 KZT; выход=0; глубина=1; вне выборки операции неизвестны",1,False,1,0,35000.0,0.0,1,0,0.0002929153842454615,0.0,False,0.0,exact,2248,0.0,1,0,1.0,0.0,0.0,0.0,0.0,0.0,0.0,0.0,False,False,sample_only,35000.0,1,0.59,1.0
100000004497606100,terminal,0.59,22,0.139939,"Наблюдаемый получатель: входов=1, вход=15534.00 KZT; выход=0; глубина=1; вне выборки операции неизвестны",1,False,1,0,15534.0,0.0,1,0,0.0002888296988600795,0.0,False,0.0,exact,2248,0.0,1,0,1.0,0.0,0.0,0.0,0.0,0.0,0.0,0.0,False,False,sample_only,15534.0,1,0.59,1.0
100000004500444100,peripheral,0.3,40,0.681846,"Роль неоднозначна: входов=2, выходов=1; оборот=254000.00 KZT; FIFO 1–7д=69%; в тот же день=?31%; правила иных ролей не выполнены",3,False,2,1,180000.0,74000.0,7,5,0.0004643947559108734,0.4111111111111111,False,1.9418391435934565e-05,exact,2248,0.3614357262103506,3,0,0.5555555555555556,1.0,1.0,51000.0,0.6891891891891891,23000.0,0.3108108108108108,0.0,False,False,sample_only,254000.0,12,0.3,1.0
100000004500781100,peripheral,0.2,40,0.463515,"Вход=1, 74000.00 KZT; выход=0; глубина=4: обход обрезан, конечная роль неизвестна",4,False,1,0,74000.0,0.0,5,0,0.0006807503625850069,0.0,True,0.0,exact,2248,0.0,1,0,1.0,0.0,0.0,0.0,0.0,0.0,0.0,0.0,False,True,depth_outflows_incomplete,74000.0,5,0.2,1.0
100000004502048100,peripheral,0.2,43,0.22897,"Вход=1, 13888.00 KZT; выход=0; глубина=4: обход обрезан, конечная роль неизвестна",4,False,1,0,13888.0,0.0,1,0,0.00033971462250251223,0.0,True,0.0,exact,2248,0.0,1,0,1.0,0.0,0.0,0.0,0.0,0.0,0.0,0.0,False,True,depth_outflows_incomplete,13888.0,1,0.2,1.0
100000004508696100,distributor,0.685676,19,0.678311,"Гипотеза распределения: входов=1, получателей=3; выход=111000.00 KZT; крупнейший выход=50%; источник средств неизвестен",3,False,1,3,7000.0,111000.0,1,4,0.00042253166627963246,15.857142857142858,False,3.923307657464331e-05,exact,2248,0.5801335559265443,3,0,1.0,0.4954954954954955,0.06306306306306306,0.0,0.0,7000.0,0.06306306306306306,0.9369369369369369,False,False,sample_only,118000.0,5,0.685676,1.0
100000004509286100,terminal,0.59,2,0.237091,"Наблюдаемый получатель: входов=1, вход=40000.00 KZT; выход=0; глубина=1; вне выборки операции неизвестны",1,False,1,0,40000.0,0.0,1,0,0.0002935787515677768,0.0,False,0.0,exact,2248,0.0,1,0,1.0,0.0,0.0,0.0,0.0,0.0,0.0,0.0,False,False,sample_only,40000.0,1,0.59,1.0
100000004526651100,peripheral,0.2,4,0.204565,"Вход=1, 33000.00 KZT; выход=0; глубина=4: обход обрезан, конечная роль неизвестна",4,False,1,0,33000.0,0.0,1,0,0.00028991069887926234,0.0,True,0.0,exact,2248,0.0,1,0,1.0,0.0,0.0,0.0,0.0,0.0,0.0,0.0,False,True,depth_outflows_incomplete,33000.0,1,0.2,1.0
100000004527381100,peripheral,0.55,3,0.767998,"Мало связей: входов=1, выходов=1; оборот=393199.28 KZT; FIFO 1–7д=0%; в тот же день=?44%; правила иных ролей не выполнены",2,False,1,1,119333.17,273866.11,1,1,0.00037549896425589766,2.2949705433954364,False,0.00032139419294985577,exact,2248,0.8797996661101837,2,0,1.0,1.0,0.0,0.0,0.0,119333.17,0.4357354402120073,0.5642645597879927,False,False,sample_only,393199.27999999997,2,0.55,1.0
100000004539443100,terminal,0.63,2,0.500583,"Наблюдаемый получатель: входов=2, вход=61990.00 KZT; выход=0; глубина=3; вне выборки операции неизвестны",3,False,2,0,61990.0,0.0,2,0,0.0009561831780302799,0.0,False,0.0,exact,2248,0.0,2,0,0.6420390385546055,0.0,0.0,0.0,0.0,0.0,0.0,0.0,False,False,sample_only,61990.0,2,0.63,1.0
100000004544958100,peripheral,0.55,11,0.701601,"Мало связей: входов=1, выходов=2; оборот=191200.00 KZT; FIFO 1–7д=87%; в тот же день=?0%; правила иных ролей не выполнены",2,False,1,2,168000.0,23200.0,3,2,0.0012146075088910171,0.1380952380952381,False,2.0805419395644178e-05,exact,2248,0.43906510851419034,2,0,1.0,0.7758620689655172,1.0,20200.0,0.8706896551724138,0.0,0.0,0.12931034482758622,False,False,sample_only,191200.0,5,0.55,1.0
100000004549591100,peripheral,0.2,19,0.346445,"Вход=1, 49000.00 KZT; выход=0; глубина=4: обход обрезан, конечная роль неизвестна",4,False,1,0,49000.0,0.0,1,0,0.000444321168333405,0.0,True,0.0,exact,2248,0.0,1,0,1.0,0.0,0.0,0.0,0.0,0.0,0.0,0.0,False,True,depth_outflows_incomplete,49000.0,1,0.2,1.0
100000004552204100,peripheral,0.55,41,0.577975,"Мало связей: входов=1, выходов=2; оборот=32500.00 KZT; FIFO 1–7д=0%; в тот же день=?0%; правила иных ролей не выполнены",3,False,1,2,22500.0,10000.0,2,2,0.0008646978335399403,0.4444444444444444,False,2.0210978841482916e-05,exact,2248,0.4273789649415693,2,0,1.0,0.5,0.0,0.0,0.0,0.0,0.0,1.0,False,False,sample_only,32500.0,4,0.55,1.0
100000004553349100,terminal,0.59,10,0.162438,"Наблюдаемый получатель: входов=1, вход=7755.00 KZT; выход=0; глубина=3; вне выборки операции неизвестны",3,False,1,0,7755.0,0.0,1,0,0.0003000285848322995,0.0,False,0.0,exact,2248,0.0,1,0,1.0,0.0,0.0,0.0,0.0,0.0,0.0,0.0,False,False,sample_only,7755.0,1,0.59,1.0
100000004559194100,terminal,0.59,16,0.465624,"Наблюдаемый получатель: входов=1, вход=282145.00 KZT; выход=0; глубина=1; вне выборки операции неизвестны",1,False,1,0,282145.0,0.0,6,0,0.0003159049754295684,0.0,False,0.0,exact,2248,0.0,1,0,1.0,0.0,0.0,0.0,0.0,0.0,0.0,0.0,False,False,sample_only,282145.0,6,0.59,1.0
100000004564736100,terminal,0.59,29,0.282627,"Наблюдаемый получатель: входов=1, вход=15000.00 KZT; выход=0; глубина=3; вне выборки операции неизвестны",3,False,1,0,15000.0,0.0,2,0,0.00037675536447064306,0.0,False,0.0,exact,2248,0.0,1,0,1.0,0.0,0.0,0.0,0.0,0.0,0.0,0.0,False,False,sample_only,15000.0,2,0.59,1.0
100000004569484100,distributor,0.730962,18,0.798027,"Гипотеза распределения: входов=2, получателей=4; выход=156000.00 KZT; крупнейший выход=33%; источник средств неизвестен",3,False,2,4,98312.0,156000.0,3,4,0.00031938100409198596,1.586784929611848,False,0.002793401699161767,exact,2248,0.9849749582637729,4,2,0.6683314346163235,0.3269230769230769,0.5769230769230769,32607.0,0.20901923076923076,0.0,0.0,0.7909807692307692,False,False,sample_only,254312.0,7,0.730962,1.0
100000004569637100,peripheral,0.2,8,0.251492,"Вход=1, 5500.00 KZT; выход=0; глубина=4: обход обрезан, конечная роль неизвестна",4,False,1,0,5500.0,0.0,1,0,0.0005531603067223193,0.0,True,0.0,exact,2248,0.0,1,0,1.0,0.0,0.0,0.0,0.0,0.0,0.0,0.0,False,True,depth_outflows_incomplete,5500.0,1,0.2,1.0
100000004571634100,peripheral,0.2,11,0.267328,"Вход=1, 20000.00 KZT; выход=0; глубина=4: обход обрезан, конечная роль неизвестна",4,False,1,0,20000.0,0.0,1,0,0.0003741773489468036,0.0,True,0.0,exact,2248,0.0,1,0,1.0,0.0,0.0,0.0,0.0,0.0,0.0,0.0,False,True,depth_outflows_incomplete,20000.0,1,0.2,1.0
100000004573782100,terminal,0.59,1,0.207593,"Наблюдаемый получатель: входов=1, вход=15000.00 KZT; выход=0; глубина=2; вне выборки операции неизвестны",2,False,1,0,15000.0,0.0,1,0,0.0003098970169286297,0.0,False,0.0,exact,2248,0.0,1,0,1.0,0.0,0.0,0.0,0.0,0.0,0.0,0.0,False,False,sample_only,15000.0,1,0.59,1.0
100000004580202100,distributor,0.693333,29,0.627221,"Гипотеза распределения: входов=1, получателей=3; выход=45000.00 KZT; крупнейший выход=44%; источник средств неизвестен",2,False,1,3,9000.0,45000.0,1,4,0.0003216232832281157,5.0,False,5.9444055416126226e-05,exact,2248,0.669449081803005,4,0,1.0,0.4444444444444444,0.5555555555555556,9000.0,0.2,0.0,0.0,0.8,False,False,sample_only,54000.0,5,0.693333,1.0
100000004580254100,terminal,0.63,28,0.350381,"Наблюдаемый получатель: входов=2, вход=27940.00 KZT; выход=0; глубина=3; вне выборки операции неизвестны",3,False,2,0,27940.0,0.0,2,0,0.0003122789899791896,0.0,False,0.0,exact,2248,0.0,2,1,0.5322118826055834,0.0,0.0,0.0,0.0,0.0,0.0,0.0,False,False,sample_only,27940.0,2,0.63,1.0
100000004584730100,peripheral,0.2,49,0.279643,"Вход=1, 47000.00 KZT; выход=0; глубина=4: обход обрезан, конечная роль неизвестна",4,False,1,0,47000.0,0.0,1,0,0.00030383982641037343,0.0,True,0.0,exact,2248,0.0,1,0,1.0,0.0,0.0,0.0,0.0,0.0,0.0,0.0,False,True,depth_outflows_incomplete,47000.0,1,0.2,1.0
100000004586598100,peripheral,0.2,25,0.56338,"Вход=1, 761255.00 KZT; выход=0; глубина=4: обход обрезан, конечная роль неизвестна",4,False,1,0,761255.0,0.0,4,0,0.0005392658410384634,0.0,True,0.0,exact,2248,0.0,1,0,1.0,0.0,0.0,0.0,0.0,0.0,0.0,0.0,False,True,depth_outflows_incomplete,761255.0,4,0.2,1.0
100000004587414100,terminal,0.63,10,0.531808,"Наблюдаемый получатель: входов=2, вход=533603.00 KZT; выход=0; глубина=3; вне выборки операции неизвестны",3,False,2,0,533603.0,0.0,2,0,0.0003148717706403767,0.0,False,0.0,exact,2248,0.0,2,1,0.6000715888029116,0.0,0.0,0.0,0.0,0.0,0.0,0.0,False,False,sample_only,533603.0,2,0.63,1.0
100000004588479100,terminal,0.59,16,0.399518,"Наблюдаемый получатель: входов=1, вход=177633.00 KZT; выход=0; глубина=1; вне выборки операции неизвестны",1,False,1,0,177633.0,0.0,2,0,0.0003046680486193908,0.0,False,0.0,exact,2248,0.0,1,0,1.0,0.0,0.0,0.0,0.0,0.0,0.0,0.0,False,False,sample_only,177633.0,2,0.59,1.0
100000004591973100,peripheral,0.55,7,0.595834,"Мало связей: входов=1, выходов=1; оборот=110000.00 KZT; FIFO 1–7д=0%; в тот же день=?0%; правила иных ролей не выполнены",3,False,1,1,10000.0,100000.0,1,1,0.00039913166986850154,10.0,False,2.0409125692870002e-05,exact,2248,0.4332220367278798,2,0,1.0,1.0,0.0,0.0,0.0,0.0,0.0,1.0,False,False,sample_only,110000.0,2,0.55,1.0
100000004592467100,terminal,0.59,2,0.091869,"Наблюдаемый получатель: входов=1, вход=7000.00 KZT; выход=0; глубина=2; вне выборки операции неизвестны",2,False,1,0,7000.0,0.0,1,0,0.0002866229494599162,0.0,False,0.0,exact,2248,0.0,1,0,1.0,0.0,0.0,0.0,0.0,0.0,0.0,0.0,False,False,sample_only,7000.0,1,0.59,1.0
100000004596284100,peripheral,0.2,16,0.340769,"Вход=1, 30000.00 KZT; выход=0; глубина=4: обход обрезан, конечная роль неизвестна",4,False,1,0,30000.0,0.0,1,0,0.0005914888430857143,0.0,True,0.0,exact,2248,0.0,1,0,1.0,0.0,0.0,0.0,0.0,0.0,0.0,0.0,False,True,depth_outflows_incomplete,30000.0,1,0.2,1.0
100000004601193100,peripheral,0.2,11,0.456135,"Вход=1, 84000.00 KZT; выход=0; глубина=4: обход обрезан, конечная роль неизвестна",4,False,1,0,84000.0,0.0,3,0,0.0006034150427286834,0.0,True,0.0,exact,2248,0.0,1,0,1.0,0.0,0.0,0.0,0.0,0.0,0.0,0.0,False,True,depth_outflows_incomplete,84000.0,3,0.2,1.0
100000004603109100,peripheral,0.3,21,0.73378,"Роль неоднозначна: входов=3, выходов=2; оборот=3130000.00 KZT; FIFO 1–7д=100%; в тот же день=?0%; правила иных ролей не выполнены",3,False,3,2,2730000.0,400000.0,8,2,0.0031783652796316926,0.14652014652014653,False,6.93513979854806e-07,exact,2248,0.06176961602671119,4,0,0.945054945054945,0.75,1.0,400000.0,1.0,0.0,0.0,0.0,False,False,sample_only,3130000.0,10,0.3,1.0
100000004610802100,peripheral,0.2,53,0.517777,"Вход=1, 241000.00 KZT; выход=0; глубина=4: обход обрезан, конечная роль неизвестна",4,False,1,0,241000.0,0.0,18,0,0.0004739522248641124,0.0,True,0.0,exact,2248,0.0,1,0,1.0,0.0,0.0,0.0,0.0,0.0,0.0,0.0,False,True,depth_outflows_incomplete,241000.0,18,0.2,1.0
100000004611571100,terminal,0.59,0,0.149249,"Наблюдаемый получатель: входов=1, вход=22550.00 KZT; выход=0; глубина=3; вне выборки операции неизвестны",3,False,1,0,22550.0,0.0,1,0,0.00028683930947433656,0.0,False,0.0,exact,2248,0.0,1,0,1.0,0.0,0.0,0.0,0.0,0.0,0.0,0.0,False,False,sample_only,22550.0,1,0.59,1.0
100000004613582100,peripheral,0.55,1,0.383159,"Мало связей: входов=1, выходов=1; оборот=14500.00 KZT; FIFO 1–7д=0%; в тот же день=?0%; правила иных ролей не выполнены",3,False,1,1,5000.0,9500.0,1,1,0.0005534434661680618,1.9,False,3.962937027741748e-07,exact,2248,0.030884808013355594,2,0,1.0,1.0,0.0,0.0,0.0,0.0,0.0,1.0,False,False,sample_only,14500.0,2,0.55,1.0
100000004616845100,peripheral,0.2,44,0.194605,"Вход=1, 20200.00 KZT; выход=0; глубина=4: обход обрезан, конечная роль неизвестна",4,False,1,0,20200.0,0.0,2,0,0.000288817668252161,0.0,True,0.0,exact,2248,0.0,1,0,1.0,0.0,0.0,0.0,0.0,0.0,0.0,0.0,False,True,depth_outflows_incomplete,20200.0,2,0.2,1.0
100000004622227100,transit,0.747263,0,0.516109,"Гипотеза транзита: вход=24931.00, выход=19000.00 KZT; FIFO 1–7д=63%; в тот же день=?0%; те же деньги не установлены",1,False,1,3,24931.0,19000.0,1,3,0.0002902476567795973,0.762103405398901,False,4.784182744080598e-05,exact,2248,0.6243739565943238,4,2,1.0,0.3684210526315789,0.631578947368421,12000.0,0.631578947368421,0.0,0.0,0.3684210526315789,False,False,sample_only,43931.0,4,0.747263,1.0
100000004629688100,peripheral,0.55,3,0.316992,"Мало связей: входов=1, выходов=1; оборот=20000.00 KZT; FIFO 1–7д=33%; в тот же день=?0%; правила иных ролей не выполнены",3,False,1,1,5000.0,15000.0,1,2,0.00038797258449924294,3.0,False,0.0,exact,2248,0.0,1,0,1.0,1.0,0.6666666666666666,5000.0,0.3333333333333333,0.0,0.0,0.6666666666666666,False,False,sample_only,20000.0,3,0.55,1.0
100000004634420100,terminal,0.59,22,0.185139,"Наблюдаемый получатель: входов=1, вход=26150.00 KZT; выход=0; глубина=3; вне выборки операции неизвестны",3,False,1,0,26150.0,0.0,1,0,0.0002896507281429226,0.0,False,0.0,exact,2248,0.0,1,0,1.0,0.0,0.0,0.0,0.0,0.0,0.0,0.0,False,False,sample_only,26150.0,1,0.59,1.0
100000004635886100,terminal,0.59,16,0.190725,"Наблюдаемый получатель: входов=1, вход=23000.00 KZT; выход=0; глубина=3; вне выборки операции неизвестны",3,False,1,0,23000.0,0.0,1,0,0.00029245851948138683,0.0,False,0.0,exact,2248,0.0,1,0,1.0,0.0,0.0,0.0,0.0,0.0,0.0,0.0,False,False,sample_only,23000.0,1,0.59,1.0
100000004644615100,peripheral,0.3,18,0.626699,"Роль неоднозначна: входов=1, выходов=2; оборот=430475.00 KZT; FIFO 1–7д=9%; в тот же день=?5%; правила иных ролей не выполнены",3,False,1,2,50810.0,379665.0,1,14,0.00037436756021008163,7.472249557173785,False,1.1888811083225246e-06,exact,2248,0.09849749582637729,3,0,1.0,0.9834986106172546,0.16409202849880816,33410.0,0.08799863037151173,17400.0,0.045829876338350915,0.8661714932901373,False,False,sample_only,430475.0,15,0.3,1.0
100000004652395100,peripheral,0.2,0,0.499563,"Вход=3, 101528.00 KZT; выход=0; глубина=4: обход обрезан, конечная роль неизвестна",4,False,3,0,101528.0,0.0,5,0,0.00033570670989277517,0.0,True,0.0,exact,2248,0.0,3,1,0.7389882593964227,0.0,0.0,0.0,0.0,0.0,0.0,0.0,False,True,depth_outflows_incomplete,101528.0,5,0.2,1.0
100000004655046100,peripheral,0.2,18,0.318652,"Вход=1, 24000.00 KZT; выход=0; глубина=4: обход обрезан, конечная роль неизвестна",4,False,1,0,24000.0,0.0,1,0,0.0005575082914139779,0.0,True,0.0,exact,2248,0.0,1,0,1.0,0.0,0.0,0.0,0.0,0.0,0.0,0.0,False,True,depth_outflows_incomplete,24000.0,1,0.2,1.0
100000004657034100,terminal,0.59,10,0.298867,"Наблюдаемый получатель: входов=1, вход=141250.00 KZT; выход=0; глубина=3; вне выборки операции неизвестны",3,False,1,0,141250.0,0.0,1,0,0.0002901470900552552,0.0,False,0.0,exact,2248,0.0,1,0,1.0,0.0,0.0,0.0,0.0,0.0,0.0,0.0,False,False,sample_only,141250.0,1,0.59,1.0
100000004659919100,peripheral,0.55,45,0.681685,"Мало связей: входов=1, выходов=1; оборот=149000.00 KZT; FIFO 1–7д=0%; в тот же день=?0%; правила иных ролей не выполнены",3,False,1,1,110000.0,39000.0,2,1,0.0007249529791849307,0.35454545454545455,False,2.4173915869224665e-05,exact,2248,0.5,2,0,1.0,1.0,0.0,0.0,0.0,0.0,0.0,1.0,False,False,sample_only,149000.0,3,0.55,1.0
100000004662806100,peripheral,0.3,7,0.645892,"Роль неоднозначна: входов=2, выходов=2; оборот=166485.00 KZT; FIFO 1–7д=98%; в тот же день=?0%; правила иных ролей не выполнены",1,False,2,2,106585.0,59900.0,2,3,0.00030544976624820286,0.5619927757189098,False,3.883678287186913e-05,exact,2248,0.5684474123539232,4,1,0.9155134399774828,0.8330550918196995,1.0,58905.0,0.9833889816360601,0.0,0.0,0.0166110183639399,False,False,sample_only,166485.0,5,0.3,1.0
100000004664515100,terminal,0.59,0,0.22924,"Наблюдаемый получатель: входов=1, вход=37691.00 KZT; выход=0; глубина=1; вне выборки операции неизвестны",1,False,1,0,37691.0,0.0,1,0,0.0002926421016993771,0.0,False,0.0,exact,2248,0.0,1,0,1.0,0.0,0.0,0.0,0.0,0.0,0.0,0.0,False,False,sample_only,37691.0,1,0.59,1.0
100000004664905100,terminal,0.63,16,0.566196,"Наблюдаемый получатель: входов=2, вход=329020.00 KZT; выход=0; глубина=1; вне выборки операции неизвестны",1,False,2,0,329020.0,0.0,4,0,0.00041184396684263276,0.0,False,0.0,exact,2248,0.0,2,0,0.7130873503130509,0.0,0.0,0.0,0.0,0.0,0.0,0.0,False,False,sample_only,329020.0,4,0.63,1.0
100000004666651100,terminal,0.59,72,0.473609,"Наблюдаемый получатель: входов=1, вход=429250.00 KZT; выход=0; глубина=2; вне выборки операции неизвестны",2,False,1,0,429250.0,0.0,1,0,0.00045753888989794294,0.0,False,0.0,exact,2248,0.0,1,0,1.0,0.0,0.0,0.0,0.0,0.0,0.0,0.0,False,False,sample_only,429250.0,1,0.59,1.0
100000004670388100,peripheral,0.55,6,0.717229,"Мало связей: входов=1, выходов=2; оборот=880354.00 KZT; FIFO 1–7д=0%; в тот же день=?22%; правила иных ролей не выполнены",3,False,1,2,160354.0,720000.0,1,4,0.0005140172616899978,4.490065729573319,False,1.9616538287321655e-05,exact,2248,0.3831385642737897,2,0,1.0,0.5277777777777778,0.20833333333333334,0.0,0.0,160354.0,0.22271388888888888,0.7772861111111111,False,False,sample_only,880354.0,5,0.55,1.0
100000004671609100,terminal,0.59,24,0.323161,"Наблюдаемый получатель: входов=1, вход=100000.00 KZT; выход=0; глубина=3; вне выборки операции неизвестны",3,False,1,0,100000.0,0.0,1,0,0.00030024211151879094,0.0,False,0.0,exact,2248,0.0,1,0,1.0,0.0,0.0,0.0,0.0,0.0,0.0,0.0,False,False,sample_only,100000.0,1,0.59,1.0
100000004673335100,peripheral,0.2,33,0.383591,"Вход=1, 80000.00 KZT; выход=0; глубина=4: обход обрезан, конечная роль неизвестна",4,False,1,0,80000.0,0.0,1,0,0.0004940906043598346,0.0,True,0.0,exact,2248,0.0,1,0,1.0,0.0,0.0,0.0,0.0,0.0,0.0,0.0,False,True,depth_outflows_incomplete,80000.0,1,0.2,1.0
100000004674178100,peripheral,0.2,13,0.216005,"Вход=1, 20000.00 KZT; выход=0; глубина=4: обход обрезан, конечная роль неизвестна",4,False,1,0,20000.0,0.0,1,0,0.00030274344180862404,0.0,True,0.0,exact,2248,0.0,1,0,1.0,0.0,0.0,0.0,0.0,0.0,0.0,0.0,False,True,depth_outflows_incomplete,20000.0,1,0.2,1.0
100000004674389100,peripheral,0.2,11,0.239446,"Вход=1, 15000.00 KZT; выход=0; глубина=4: обход обрезан, конечная роль неизвестна",4,False,1,0,15000.0,0.0,1,0,0.0003520253352644254,0.0,True,0.0,exact,2248,0.0,1,0,1.0,0.0,0.0,0.0,0.0,0.0,0.0,0.0,False,True,depth_outflows_incomplete,15000.0,1,0.2,1.0
100000004674412100,peripheral,0.2,11,0.346489,"Вход=1, 46000.00 KZT; выход=0; глубина=4: обход обрезан, конечная роль неизвестна",4,False,1,0,46000.0,0.0,1,0,0.0004893678200951702,0.0,True,0.0,exact,2248,0.0,1,0,1.0,0.0,0.0,0.0,0.0,0.0,0.0,0.0,False,True,depth_outflows_incomplete,46000.0,1,0.2,1.0
100000004674799100,terminal,0.59,0,0.505395,"Наблюдаемый получатель: входов=1, вход=140000.00 KZT; выход=0; глубина=2; вне выборки операции неизвестны",2,False,1,0,140000.0,0.0,5,0,0.0007906731933061705,0.0,False,0.0,exact,2248,0.0,1,0,1.0,0.0,0.0,0.0,0.0,0.0,0.0,0.0,False,False,sample_only,140000.0,5,0.59,1.0
100000004676985100,transit,0.884011,0,0.39036,"Гипотеза транзита: вход=32260.00, выход=27102.00 KZT; FIFO 1–7д=100%; в тот же день=?0%; те же деньги не установлены",3,False,1,1,32260.0,27102.0,1,1,0.0002873861763544214,0.8401115933044018,False,1.922024458454748e-05,exact,2248,0.2871452420701169,2,0,1.0,1.0,1.0,27102.0,1.0,0.0,0.0,0.0,False,False,sample_only,59362.0,2,0.884011,1.0
100000004677680100,peripheral,0.55,11,0.75152,"Мало связей: входов=2, выходов=1; оборот=231000.00 KZT; FIFO 1–7д=20%; в тот же день=?0%; правила иных ролей не выполнены",1,False,2,1,63000.0,168000.0,2,3,0.0010928341745650807,2.6666666666666665,False,4.1214545088514184e-05,exact,2248,0.6026711185308848,2,0,0.7142857142857143,1.0,1.0,33000.0,0.19642857142857142,0.0,0.0,0.8035714285714286,False,False,sample_only,231000.0,5,0.55,1.0
100000004679953100,consolidator,0.79744,8,0.808726,Гипотеза сбора: отправителей=3; вход=343538.00 KZT; выход/вход=0.10; крупнейший вход=48%,1,False,3,3,343538.0,34100.0,3,3,0.0003342675529915222,0.09926121709970949,False,0.00035421582992023286,exact,2248,0.8898163606010017,6,4,0.47670708917208576,0.46920821114369504,1.0,34100.0,1.0,0.0,0.0,0.0,False,False,sample_only,377638.0,6,0.79744,1.0
100000004687099100,terminal,0.59,1,0.282268,"Наблюдаемый получатель: входов=1, вход=30000.00 KZT; выход=0; глубина=2; вне выборки операции неизвестны",2,False,1,0,30000.0,0.0,1,0,0.0003342247396399686,0.0,False,0.0,exact,2248,0.0,1,0,1.0,0.0,0.0,0.0,0.0,0.0,0.0,0.0,False,False,sample_only,30000.0,1,0.59,1.0
100000004687282100,terminal,0.59,16,0.249921,"Наблюдаемый получатель: входов=1, вход=20000.00 KZT; выход=0; глубина=2; вне выборки операции неизвестны",2,False,1,0,20000.0,0.0,1,0,0.0003322717689149048,0.0,False,0.0,exact,2248,0.0,1,0,1.0,0.0,0.0,0.0,0.0,0.0,0.0,0.0,False,False,sample_only,20000.0,1,0.59,1.0
100000004689658100,peripheral,0.55,8,0.631275,"Мало связей: входов=1, выходов=1; оборот=463192.00 KZT; FIFO 1–7д=0%; в тот же день=?0%; правила иных ролей не выполнены",3,False,1,1,456100.0,7092.0,1,1,0.0003863163581277,0.015549221661916246,False,1.922024458454748e-05,exact,2248,0.2871452420701169,2,0,1.0,1.0,0.0,0.0,0.0,0.0,0.0,1.0,False,False,sample_only,463192.0,2,0.55,1.0
100000004691350100,peripheral,0.2,6,0.296198,"Вход=1, 13300.00 KZT; выход=0; глубина=4: обход обрезан, конечная роль неизвестна",4,False,1,0,13300.0,0.0,1,0,0.0008870591048616337,0.0,True,0.0,exact,2248,0.0,1,0,1.0,0.0,0.0,0.0,0.0,0.0,0.0,0.0,False,True,depth_outflows_incomplete,13300.0,1,0.2,1.0
100000004692798100,peripheral,0.55,7,0.617331,"Мало связей: входов=2, выходов=1; оборот=255305.00 KZT; FIFO 1–7д=0%; в тот же день=?33%; правила иных ролей не выполнены",1,False,2,1,240305.0,15000.0,4,2,0.0019106511787003878,0.06242067372713843,False,1.981468513870874e-07,exact,2248,0.01001669449081803,2,0,0.7919310875762052,1.0,0.0,0.0,0.0,5000.0,0.3333333333333333,0.6666666666666666,False,False,sample_only,255305.0,6,0.55,1.0
100000004697956100,transit,0.9,1,0.318495,"Гипотеза транзита: вход=10000.00, выход=10000.00 KZT; FIFO 1–7д=100%; в тот же день=?0%; те же деньги не установлены",3,False,1,1,10000.0,10000.0,1,1,0.0004681160760661781,1.0,False,0.0,exact,2248,0.0,1,0,1.0,1.0,1.0,10000.0,1.0,0.0,0.0,0.0,False,False,sample_only,20000.0,2,0.9,1.0
100000004698193100,peripheral,0.3,1,0.674214,"Роль неоднозначна: входов=2, выходов=3; оборот=260700.00 KZT; FIFO 1–7д=100%; в тот же день=?0%; правила иных ролей не выполнены",2,False,2,3,222700.0,38000.0,15,5,0.0008254145941905158,0.17063313875168387,False,1.5851748110966993e-06,exact,2248,0.1293823038397329,4,0,0.6856757970363718,0.47368421052631576,1.0,38000.0,1.0,0.0,0.0,0.0,False,False,sample_only,260700.0,20,0.3,1.0
100000004707703100,peripheral,0.3,16,0.853459,"Роль неоднозначна: входов=2, выходов=5; оборот=470950.00 KZT; FIFO 1–7д=14%; в тот же день=?47%; правила иных ролей не выполнены",1,False,2,5,239300.0,231650.0,3,6,0.000635562438434635,0.9680317592979524,False,0.00010710478506958704,exact,2248,0.7512520868113522,7,1,0.970748015043878,0.604360025901144,0.509389164688107,32000.0,0.13813943449169006,108000.0,0.46622059140945393,0.39563997409885604,False,False,sample_only,470950.0,9,0.3,1.0
100000004713684100,terminal,0.59,0,0.192856,"Наблюдаемый получатель: входов=1, вход=37500.00 KZT; выход=0; глубина=3; вне выборки операции неизвестны",3,False,1,0,37500.0,0.0,1,0,0.00028768129298177927,0.0,False,0.0,exact,2248,0.0,1,0,1.0,0.0,0.0,0.0,0.0,0.0,0.0,0.0,False,False,sample_only,37500.0,1,0.59,1.0
100000004714705100,peripheral,0.55,47,0.179621,"Мало связей: входов=0, выходов=1; оборот=36550.00 KZT; FIFO 1–7д=0%; в тот же день=?0%; правила иных ролей не выполнены; seed: вход неполон",0,True,0,1,0.0,36550.0,0,1,0.0002855692942172909,,False,0.0,exact,2248,0.0,1,0,0.0,1.0,0.0,0.0,0.0,0.0,0.0,1.0,True,False,seed_inflows_incomplete,36550.0,1,0.55,1.0
100000004715209100,distributor,0.715059,48,0.663956,"Гипотеза распределения: входов=1, получателей=5; выход=350450.00 KZT; крупнейший выход=57%; источник средств неизвестен",3,False,1,5,5000.0,350450.0,1,17,0.0002875439757603291,70.09,False,7.767356574373826e-05,exact,2248,0.7111853088480802,5,1,1.0,0.5662719360821801,0.16250535026394636,0.0,0.0,5000.0,0.014267370523612499,0.9857326294763875,False,False,sample_only,355450.0,18,0.715059,1.0
100000004717647100,distributor,0.700893,49,0.891659,"Гипотеза распределения: входов=1, получателей=5; выход=2240000.00 KZT; крупнейший выход=66%; источник средств неизвестен",3,False,1,5,300000.0,2240000.0,2,10,0.0010233609552644499,7.466666666666667,False,7.767356574373826e-05,exact,2248,0.7111853088480802,5,0,1.0,0.6607142857142857,0.020982142857142855,47000.0,0.020982142857142855,0.0,0.0,0.9790178571428572,False,False,sample_only,2540000.0,12,0.700893,1.0
100000004722630100,peripheral,0.2,6,0.50111,"Вход=1, 340000.00 KZT; выход=0; глубина=4: обход обрезан, конечная роль неизвестна",4,False,1,0,340000.0,0.0,2,0,0.0004921869960127064,0.0,True,0.0,exact,2248,0.0,1,0,1.0,0.0,0.0,0.0,0.0,0.0,0.0,0.0,False,True,depth_outflows_incomplete,340000.0,2,0.2,1.0
100000004722765100,peripheral,0.3,54,0.855293,"Роль неоднозначна: входов=1, выходов=3; оборот=2514500.00 KZT; FIFO 1–7д=0%; в тот же день=?7%; правила иных ролей не выполнены",3,False,1,3,230000.0,2284500.0,1,9,0.0005815882668655412,9.932608695652174,False,5.8255174307803695e-05,exact,2248,0.6569282136894825,4,0,1.0,0.9743926460932371,0.004377325454147516,10000.0,0.004377325454147516,165000.0,0.07222586999343401,0.9233968045524185,False,False,sample_only,2514500.0,10,0.3,1.0
100000004723755100,peripheral,0.55,2,0.300572,"Мало связей: входов=0, выходов=1; оборот=95000.00 KZT; FIFO 1–7д=0%; в тот же день=?0%; правила иных ролей не выполнены; seed: вход неполон",0,True,0,1,0.0,95000.0,0,5,0.0002855692942172909,,False,0.0,exact,2248,0.0,1,0,0.0,1.0,0.0,0.0,0.0,0.0,0.0,1.0,True,False,seed_inflows_incomplete,95000.0,5,0.55,1.0
100000004726132100,peripheral,0.55,0,0.598592,"Мало связей: входов=1, выходов=1; оборот=373000.00 KZT; FIFO 1–7д=100%; в тот же день=?0%; правила иных ролей не выполнены",3,False,1,1,349000.0,24000.0,1,2,0.00031651940059214493,0.06876790830945559,False,1.922024458454748e-05,exact,2248,0.2871452420701169,2,0,1.0,1.0,1.0,24000.0,1.0,0.0,0.0,0.0,False,False,sample_only,373000.0,3,0.55,1.0
100000004732589100,terminal,0.59,18,0.431707,"Наблюдаемый получатель: входов=1, вход=227520.00 KZT; выход=0; глубина=2; вне выборки операции неизвестны",2,False,1,0,227520.0,0.0,1,0,0.0003939729265831237,0.0,False,0.0,exact,2248,0.0,1,0,1.0,0.0,0.0,0.0,0.0,0.0,0.0,0.0,False,False,sample_only,227520.0,1,0.59,1.0
100000004737477100,transit,0.708817,0,0.492771,"Гипотеза транзита: вход=49598.00, выход=40500.00 KZT; FIFO 1–7д=51%; в тот же день=?0%; те же деньги не установлены",1,False,2,1,49598.0,40500.0,3,3,0.00029231930484893123,0.8165651840800032,False,1.922024458454748e-05,exact,2248,0.2871452420701169,3,0,0.6074236864389693,1.0,0.5061728395061729,20500.0,0.5061728395061729,0.0,0.0,0.49382716049382713,False,False,sample_only,90098.0,6,0.708817,1.0
100000004737764100,terminal,0.59,2,0.520917,"Наблюдаемый получатель: входов=1, вход=600000.00 KZT; выход=0; глубина=3; вне выборки операции неизвестны",3,False,1,0,600000.0,0.0,1,0,0.0006766224227546179,0.0,False,0.0,exact,2248,0.0,1,0,1.0,0.0,0.0,0.0,0.0,0.0,0.0,0.0,False,False,sample_only,600000.0,1,0.59,1.0
100000004739664100,peripheral,0.55,22,0.278663,"Мало связей: входов=1, выходов=1; оборот=22000.00 KZT; FIFO 1–7д=0%; в тот же день=?0%; правила иных ролей не выполнены",1,False,1,1,12000.0,10000.0,1,1,0.00028808795365552084,0.8333333333333334,False,1.387027959709612e-06,exact,2248,0.11519198664440734,2,0,1.0,1.0,0.0,0.0,0.0,0.0,0.0,1.0,False,False,sample_only,22000.0,2,0.55,1.0
100000004741837100,terminal,0.59,16,0.171546,"Наблюдаемый получатель: входов=1, вход=25596.00 KZT; выход=0; глубина=1; вне выборки операции неизвестны",1,False,1,0,25596.0,0.0,1,0,0.0002883213263153591,0.0,False,0.0,exact,2248,0.0,1,0,1.0,0.0,0.0,0.0,0.0,0.0,0.0,0.0,False,False,sample_only,25596.0,1,0.59,1.0
100000004744306100,transit,0.7875,47,0.697153,"Гипотеза транзита: вход=69000.00, выход=92000.00 KZT; FIFO 1–7д=75%; в тот же день=?0%; те же деньги не установлены",1,False,1,2,69000.0,92000.0,1,3,0.0004607769966825421,1.3333333333333333,False,3.923307657464331e-05,exact,2248,0.5801335559265443,3,0,1.0,0.6304347826086957,0.7934782608695652,69000.0,0.75,0.0,0.0,0.25,False,False,sample_only,161000.0,4,0.7875,1.0
100000004746397100,peripheral,0.55,10,0.66426,"Мало связей: входов=1, выходов=1; оборот=227020.00 KZT; FIFO 1–7д=0%; в тот же день=?0%; правила иных ролей не выполнены",3,False,1,1,219520.0,7500.0,1,1,0.00029268375611003365,0.03416545189504373,False,0.0006677699345145905,exact,2248,0.9165275459098498,2,1,1.0,1.0,0.0,0.0,0.0,0.0,0.0,1.0,False,False,sample_only,227020.0,2,0.55,1.0
100000004747154100,peripheral,0.2,48,0.337629,"Вход=1, 67000.00 KZT; выход=0; глубина=4: обход обрезан, конечная роль неизвестна",4,False,1,0,67000.0,0.0,1,0,0.00033235132069391824,0.0,True,0.0,exact,2248,0.0,1,0,1.0,0.0,0.0,0.0,0.0,0.0,0.0,0.0,False,True,depth_outflows_incomplete,67000.0,1,0.2,1.0
100000004750321100,terminal,0.63,18,0.395065,"Наблюдаемый получатель: входов=2, вход=50185.00 KZT; выход=0; глубина=3; вне выборки операции неизвестны",3,False,2,0,50185.0,0.0,2,0,0.00031253610038112624,0.0,False,0.0,exact,2248,0.0,2,1,0.890604762379197,0.0,0.0,0.0,0.0,0.0,0.0,0.0,False,False,sample_only,50185.0,2,0.63,1.0
100000004750897100,terminal,0.59,3,0.249607,"Наблюдаемый получатель: входов=1, вход=10000.00 KZT; выход=0; глубина=3; вне выборки операции неизвестны",3,False,1,0,10000.0,0.0,1,0,0.000490375874781195,0.0,False,0.0,exact,2248,0.0,1,0,1.0,0.0,0.0,0.0,0.0,0.0,0.0,0.0,False,False,sample_only,10000.0,1,0.59,1.0
100000004756901100,terminal,0.59,16,0.366521,"Наблюдаемый получатель: входов=1, вход=153248.00 KZT; выход=0; глубина=2; вне выборки операции неизвестны",2,False,1,0,153248.0,0.0,1,0,0.0003109522914570363,0.0,False,0.0,exact,2248,0.0,1,0,1.0,0.0,0.0,0.0,0.0,0.0,0.0,0.0,False,False,sample_only,153248.0,1,0.59,1.0
100000004759121100,peripheral,0.3,0,0.885829,"Роль неоднозначна: входов=6, выходов=2; оборот=1022000.00 KZT; FIFO 1–7д=30%; в тот же день=?4%; правила иных ролей не выполнены",1,False,6,2,710000.0,312000.0,10,6,0.0014151796822407352,0.4394366197183099,False,7.7079125189577e-05,exact,2248,0.7045075125208681,7,1,0.30985915492957744,0.9038461538461539,0.4807692307692308,93000.0,0.2980769230769231,12000.0,0.038461538461538464,0.6634615384615384,False,False,sample_only,1022000.0,16,0.3,1.0
100000004765639100,peripheral,0.55,0,0.354823,"Мало связей: входов=1, выходов=2; оборот=16000.00 KZT; FIFO 1–7д=0%; в тот же день=?45%; правила иных ролей не выполнены",2,False,1,2,5000.0,11000.0,1,2,0.00036185625061452016,2.2,False,0.0,exact,2248,0.0,2,0,1.0,0.5454545454545454,0.0,0.0,0.0,5000.0,0.45454545454545453,0.5454545454545454,False,False,sample_only,16000.0,3,0.55,1.0
100000004770073100,peripheral,0.55,0,0.279996,"Мало связей: входов=1, выходов=1; оборот=10929.37 KZT; FIFO 1–7д=0%; в тот же день=?100%; правила иных ролей не выполнены",3,False,1,1,5462.4,5466.97,1,1,0.0002878055588504013,1.0008366285881665,False,1.922024458454748e-05,exact,2248,0.2871452420701169,2,0,1.0,1.0,0.0,0.0,0.0,5462.4,0.9991640707741217,0.0008359292258783202,False,False,sample_only,10929.369999999999,2,0.55,1.0
100000004777215100,peripheral,0.2,32,0.365534,"Вход=1, 60000.00 KZT; выход=0; глубина=4: обход обрезан, конечная роль неизвестна",4,False,1,0,60000.0,0.0,1,0,0.0004651548637455438,0.0,True,0.0,exact,2248,0.0,1,0,1.0,0.0,0.0,0.0,0.0,0.0,0.0,0.0,False,True,depth_outflows_incomplete,60000.0,1,0.2,1.0
100000004779204100,peripheral,0.55,0,0.391459,"Мало связей: входов=1, выходов=1; оборот=50450.00 KZT; FIFO 1–7д=0%; в тот же день=?50%; правила иных ролей не выполнены",3,False,1,1,30450.0,20000.0,1,2,0.0002872842372140555,0.6568144499178982,False,1.922024458454748e-05,exact,2248,0.2871452420701169,2,0,1.0,1.0,0.0,0.0,0.0,10000.0,0.5,0.5,False,False,sample_only,50450.0,3,0.55,1.0
100000004780083100,peripheral,0.2,53,0.143865,"Вход=1, 9999.00 KZT; выход=0; глубина=4: обход обрезан, конечная роль неизвестна",4,False,1,0,9999.0,0.0,1,0,0.00029338523165935545,0.0,True,0.0,exact,2248,0.0,1,0,1.0,0.0,0.0,0.0,0.0,0.0,0.0,0.0,False,True,depth_outflows_incomplete,9999.0,1,0.2,1.0
100000004780327100,peripheral,0.2,18,0.148396,"Вход=1, 12000.00 KZT; выход=0; глубина=4: обход обрезан, конечная роль неизвестна",4,False,1,0,12000.0,0.0,1,0,0.00029199108961479553,0.0,True,0.0,exact,2248,0.0,1,0,1.0,0.0,0.0,0.0,0.0,0.0,0.0,0.0,False,True,depth_outflows_incomplete,12000.0,1,0.2,1.0
100000004783447100,terminal,0.59,22,0.195749,"Наблюдаемый получатель: входов=1, вход=26200.00 KZT; выход=0; глубина=1; вне выборки операции неизвестны",1,False,1,0,26200.0,0.0,1,0,0.0002910683673240929,0.0,False,0.0,exact,2248,0.0,1,0,1.0,0.0,0.0,0.0,0.0,0.0,0.0,0.0,False,False,sample_only,26200.0,1,0.59,1.0
100000004784224100,peripheral,0.55,21,0.452953,"Мало связей: входов=1, выходов=1; оборот=123500.00 KZT; FIFO 1–7д=24%; в тот же день=?0%; правила иных ролей не выполнены",1,False,1,1,23500.0,100000.0,2,1,0.0003047979078563769,4.25531914893617,False,1.981468513870874e-07,exact,2248,0.01001669449081803,2,0,1.0,1.0,1.0,23500.0,0.235,0.0,0.0,0.765,False,False,sample_only,123500.0,3,0.55,1.0
100000004788983100,peripheral,0.2,0,0.29068,"Вход=1, 27000.00 KZT; выход=0; глубина=4: обход обрезан, конечная роль неизвестна",4,False,1,0,27000.0,0.0,1,0,0.000369468518346216,0.0,True,0.0,exact,2248,0.0,1,0,1.0,0.0,0.0,0.0,0.0,0.0,0.0,0.0,False,True,depth_outflows_incomplete,27000.0,1,0.2,1.0
100000004790991100,terminal,0.59,16,0.444583,"Наблюдаемый получатель: входов=1, вход=239413.00 KZT; выход=0; глубина=1; вне выборки операции неизвестны",1,False,1,0,239413.0,0.0,4,0,0.0003113105139662674,0.0,False,0.0,exact,2248,0.0,1,0,1.0,0.0,0.0,0.0,0.0,0.0,0.0,0.0,False,False,sample_only,239413.0,4,0.59,1.0
100000004791226100,peripheral,0.2,0,0.300707,"Вход=1, 20000.00 KZT; выход=0; глубина=4: обход обрезан, конечная роль неизвестна",4,False,1,0,20000.0,0.0,1,0,0.0005414836607379305,0.0,True,0.0,exact,2248,0.0,1,0,1.0,0.0,0.0,0.0,0.0,0.0,0.0,0.0,False,True,depth_outflows_incomplete,20000.0,1,0.2,1.0
100000004792397100,terminal,0.59,22,0.304206,"Наблюдаемый получатель: входов=1, вход=73520.00 KZT; выход=0; глубина=1; вне выборки операции неизвестны",1,False,1,0,73520.0,0.0,1,0,0.0003010002810421795,0.0,False,0.0,exact,2248,0.0,1,0,1.0,0.0,0.0,0.0,0.0,0.0,0.0,0.0,False,False,sample_only,73520.0,1,0.59,1.0
100000004797167100,peripheral,0.2,8,0.338302,"Вход=1, 31000.00 KZT; выход=0; глубина=4: обход обрезан, конечная роль неизвестна",4,False,1,0,31000.0,0.0,1,0,0.0005516247027029544,0.0,True,0.0,exact,2248,0.0,1,0,1.0,0.0,0.0,0.0,0.0,0.0,0.0,0.0,False,True,depth_outflows_incomplete,31000.0,1,0.2,1.0
100000004798515100,peripheral,0.2,7,0.451761,"Вход=1, 200000.00 KZT; выход=0; глубина=4: обход обрезан, конечная роль неизвестна",4,False,1,0,200000.0,0.0,2,0,0.0003638354909866272,0.0,True,0.0,exact,2248,0.0,1,0,1.0,0.0,0.0,0.0,0.0,0.0,0.0,0.0,False,True,depth_outflows_incomplete,200000.0,2,0.2,1.0
100000004800452100,peripheral,0.2,10,0.261541,"Вход=1, 6544.53 KZT; выход=0; глубина=4: обход обрезан, конечная роль неизвестна",4,False,1,0,6544.53,0.0,1,0,0.000607979765974599,0.0,True,0.0,exact,2248,0.0,1,0,1.0,0.0,0.0,0.0,0.0,0.0,0.0,0.0,False,True,depth_outflows_incomplete,6544.53,1,0.2,1.0
100000004800648100,peripheral,0.2,7,0.37989,"Вход=1, 131000.00 KZT; выход=0; глубина=4: обход обрезан, конечная роль неизвестна",4,False,1,0,131000.0,0.0,1,0,0.0003368336531012062,0.0,True,0.0,exact,2248,0.0,1,0,1.0,0.0,0.0,0.0,0.0,0.0,0.0,0.0,False,True,depth_outflows_incomplete,131000.0,1,0.2,1.0
100000004806903100,terminal,0.59,2,0.290186,"Наблюдаемый получатель: входов=1, вход=18000.00 KZT; выход=0; глубина=2; вне выборки операции неизвестны",2,False,1,0,18000.0,0.0,1,0,0.0005335389049993343,0.0,False,0.0,exact,2248,0.0,1,0,1.0,0.0,0.0,0.0,0.0,0.0,0.0,0.0,False,False,sample_only,18000.0,1,0.59,1.0
100000004813068100,peripheral,0.3,21,0.439805,"Роль неоднозначна: входов=0, выходов=3; оборот=297000.00 KZT; FIFO 1–7д=0%; в тот же день=?0%; правила иных ролей не выполнены; seed: вход неполон",0,True,0,3,0.0,297000.0,0,5,0.0002855692942172909,,False,0.0,exact,2248,0.0,3,0,0.0,0.8367003367003367,0.0,0.0,0.0,0.0,0.0,1.0,True,False,seed_inflows_incomplete,297000.0,5,0.3,1.0
100000004816564100,peripheral,0.55,3,0.605748,"Мало связей: входов=1, выходов=1; оборот=290480.00 KZT; FIFO 1–7д=100%; в тот же день=?0%; правила иных ролей не выполнены",2,False,1,1,285480.0,5000.0,1,1,0.0003763921656189936,0.01751436177665686,False,1.922024458454748e-05,exact,2248,0.2871452420701169,2,0,1.0,1.0,1.0,5000.0,1.0,0.0,0.0,0.0,False,False,sample_only,290480.0,2,0.55,1.0
100000004820260100,transit,0.756486,3,0.763719,"Гипотеза транзита: вход=234200.00, выход=215350.00 KZT; FIFO 1–7д=61%; в тот же день=?24%; те же деньги не установлены",2,False,1,3,234200.0,215350.0,12,10,0.0014014565775826975,0.9195132365499573,False,1.9616538287321655e-05,exact,2248,0.3831385642737897,3,0,1.0,0.6308335268168098,0.9767819828186672,132000.0,0.6129556535871836,51000.0,0.2368237752495937,0.15022057116322265,False,False,sample_only,449550.0,22,0.756486,1.0
100000004825069100,terminal,0.59,22,0.279755,"Наблюдаемый получатель: входов=1, вход=30000.00 KZT; выход=0; глубина=2; вне выборки операции неизвестны",2,False,1,0,30000.0,0.0,4,0,0.00029575841353528677,0.0,False,0.0,exact,2248,0.0,1,0,1.0,0.0,0.0,0.0,0.0,0.0,0.0,0.0,False,False,sample_only,30000.0,4,0.59,1.0
100000004840086100,peripheral,0.2,0,0.447364,"Вход=1, 100000.00 KZT; выход=0; глубина=4: обход обрезан, конечная роль неизвестна",4,False,1,0,100000.0,0.0,2,0,0.0005391572563123895,0.0,True,0.0,exact,2248,0.0,1,0,1.0,0.0,0.0,0.0,0.0,0.0,0.0,0.0,False,True,depth_outflows_incomplete,100000.0,2,0.2,1.0
100000004841728100,terminal,0.59,22,0.271231,"Наблюдаемый получатель: входов=1, вход=52208.00 KZT; выход=0; глубина=1; вне выборки операции неизвестны",1,False,1,0,52208.0,0.0,1,0,0.0002965271418798832,0.0,False,0.0,exact,2248,0.0,1,0,1.0,0.0,0.0,0.0,0.0,0.0,0.0,0.0,False,False,sample_only,52208.0,1,0.59,1.0
100000004847758100,coordinator,0.890317,2,0.834173,"Гипотеза связующего: соседей=18, внешних сообществ=5; посредничество=0.00136; не доказательство управления",1,False,4,15,115171.0,488800.0,4,23,0.00030474224834678437,4.244123954815014,False,0.001358589100688208,exact,2248,0.9515859766277128,18,5,0.4086705854772469,0.14525368248772505,0.7614566284779051,115171.0,0.23561988543371523,0.0,0.0,0.7643801145662847,False,False,sample_only,603971.0,27,0.890317,1.0
100000004848236100,peripheral,0.2,0,0.178656,"Вход=1, 7500.00 KZT; выход=0; глубина=4: обход обрезан, конечная роль неизвестна",4,False,1,0,7500.0,0.0,1,0,0.00030887463425310343,0.0,True,0.0,exact,2248,0.0,1,0,1.0,0.0,0.0,0.0,0.0,0.0,0.0,0.0,False,True,depth_outflows_incomplete,7500.0,1,0.2,1.0
100000004850609100,peripheral,0.2,0,0.194246,"Вход=1, 10000.00 KZT; выход=0; глубина=4: обход обрезан, конечная роль неизвестна",4,False,1,0,10000.0,0.0,1,0,0.00031302949674031055,0.0,True,0.0,exact,2248,0.0,1,0,1.0,0.0,0.0,0.0,0.0,0.0,0.0,0.0,False,True,depth_outflows_incomplete,10000.0,1,0.2,1.0
100000004856746100,peripheral,0.2,59,0.209186,"Вход=1, 20000.00 KZT; выход=0; глубина=4: обход обрезан, конечная роль неизвестна",4,False,1,0,20000.0,0.0,1,0,0.0003000473060624518,0.0,True,0.0,exact,2248,0.0,1,0,1.0,0.0,0.0,0.0,0.0,0.0,0.0,0.0,False,True,depth_outflows_incomplete,20000.0,1,0.2,1.0
100000004877085100,distributor,0.690962,12,0.62771,"Гипотеза распределения: входов=1, получателей=3; выход=95600.00 KZT; крупнейший выход=46%; источник средств неизвестен",3,False,1,3,25000.0,95600.0,1,9,0.00029482372155001277,3.824,False,5.7660733753642434e-05,exact,2248,0.6469115191986644,4,0,1.0,0.4602510460251046,0.0,0.0,0.0,25000.0,0.2615062761506276,0.7384937238493724,False,False,sample_only,120600.0,10,0.690962,1.0
100000004889043100,terminal,0.63,0,0.484186,"Наблюдаемый получатель: входов=2, вход=272000.00 KZT; выход=0; глубина=3; вне выборки операции неизвестны",3,False,2,0,272000.0,0.0,4,0,0.0002984972459578193,0.0,False,0.0,exact,2248,0.0,2,1,0.6323529411764706,0.0,0.0,0.0,0.0,0.0,0.0,0.0,False,False,sample_only,272000.0,4,0.63,1.0
100000004890713100,peripheral,0.2,18,0.262663,"Вход=1, 40485.00 KZT; выход=0; глубина=4: обход обрезан, конечная роль неизвестна",4,False,1,0,40485.0,0.0,1,0,0.0003007240043166196,0.0,True,0.0,exact,2248,0.0,1,0,1.0,0.0,0.0,0.0,0.0,0.0,0.0,0.0,False,True,depth_outflows_incomplete,40485.0,1,0.2,1.0
100000004891562100,peripheral,0.2,18,0.371366,"Вход=1, 103400.00 KZT; выход=0; глубина=4: обход обрезан, конечная роль неизвестна",4,False,1,0,103400.0,0.0,1,0,0.0003409037645591223,0.0,True,0.0,exact,2248,0.0,1,0,1.0,0.0,0.0,0.0,0.0,0.0,0.0,0.0,False,True,depth_outflows_incomplete,103400.0,1,0.2,1.0
100000004892144100,peripheral,0.55,21,0.693091,"Мало связей: входов=2, выходов=1; оборот=4680300.00 KZT; FIFO 1–7д=100%; в тот же день=?0%; правила иных ролей не выполнены",3,False,2,1,4500000.0,180300.0,7,1,0.0027832036872124303,0.04006666666666667,False,0.0,exact,2248,0.0,2,0,0.9777777777777777,1.0,1.0,180300.0,1.0,0.0,0.0,0.0,False,False,sample_only,4680300.0,8,0.55,1.0
100000004904960100,terminal,0.63,0,0.449619,"Наблюдаемый получатель: входов=2, вход=32000.00 KZT; выход=0; глубина=2; вне выборки операции неизвестны",2,False,2,0,32000.0,0.0,2,0,0.0007779174826823424,0.0,False,0.0,exact,2248,0.0,2,0,0.53125,0.0,0.0,0.0,0.0,0.0,0.0,0.0,False,False,sample_only,32000.0,2,0.63,1.0
100000004905207100,terminal,0.59,40,0.46596,"Наблюдаемый получатель: входов=1, вход=380000.00 KZT; выход=0; глубина=2; вне выборки операции неизвестны",2,False,1,0,380000.0,0.0,1,0,0.00043470347319123927,0.0,False,0.0,exact,2248,0.0,1,0,1.0,0.0,0.0,0.0,0.0,0.0,0.0,0.0,False,False,sample_only,380000.0,1,0.59,1.0
100000004906181100,distributor,0.728007,20,0.755928,"Гипотеза распределения: входов=1, получателей=7; выход=2473417.91 KZT; крупнейший выход=75%; источник средств неизвестен",3,False,1,7,100000.0,2473417.91,1,33,0.00028881021162469923,24.734179100000002,False,0.00013454171209183234,exact,2248,0.7913188647746243,8,1,1.0,0.7466231212015441,0.7103530676706388,0.0,0.0,100000.0,0.040429884329575345,0.9595701156704246,False,False,sample_only,2573417.91,34,0.728007,1.0
100000004908173100,peripheral,0.2,42,0.247813,"Вход=1, 21000.00 KZT; выход=0; глубина=4: обход обрезан, конечная роль неизвестна",4,False,1,0,21000.0,0.0,1,0,0.0003208294523116968,0.0,True,0.0,exact,2248,0.0,1,0,1.0,0.0,0.0,0.0,0.0,0.0,0.0,0.0,False,True,depth_outflows_incomplete,21000.0,1,0.2,1.0
100000004911971100,peripheral,0.2,20,0.246983,"Вход=1, 35000.00 KZT; выход=0; глубина=4: обход обрезан, конечная роль неизвестна",4,False,1,0,35000.0,0.0,3,0,0.00028904714906671764,0.0,True,0.0,exact,2248,0.0,1,0,1.0,0.0,0.0,0.0,0.0,0.0,0.0,0.0,False,True,depth_outflows_incomplete,35000.0,3,0.2,1.0
100000004917367100,terminal,0.63,10,0.407201,"Наблюдаемый получатель: входов=2, вход=120000.00 KZT; выход=0; глубина=3; вне выборки операции неизвестны",3,False,2,0,120000.0,0.0,2,0,0.0002940276420429223,0.0,False,0.0,exact,2248,0.0,2,1,0.8333333333333334,0.0,0.0,0.0,0.0,0.0,0.0,0.0,False,False,sample_only,120000.0,2,0.63,1.0
100000004921657100,peripheral,0.55,2,0.390758,"Мало связей: входов=1, выходов=1; оборот=30490.00 KZT; FIFO 1–7д=0%; в тот же день=?37%; правила иных ролей не выполнены",3,False,1,1,8300.0,22190.0,1,1,0.00036129622421142676,2.6734939759036145,False,0.0,exact,2248,0.0,2,0,1.0,1.0,0.0,0.0,0.0,8300.0,0.3740423614240649,0.6259576385759351,False,False,sample_only,30490.0,2,0.55,1.0
100000004931931100,peripheral,0.55,0,0.431768,"Мало связей: входов=1, выходов=1; оборот=68938.00 KZT; FIFO 1–7д=53%; в тот же день=?0%; правила иных ролей не выполнены",3,False,1,1,23938.0,45000.0,1,1,0.000291814036684862,1.8798562954298605,False,1.922024458454748e-05,exact,2248,0.2871452420701169,2,0,1.0,1.0,1.0,23938.0,0.5319555555555555,0.0,0.0,0.46804444444444443,False,False,sample_only,68938.0,2,0.55,1.0
100000004948177100,consolidator,0.78196,16,0.607055,Гипотеза сбора: отправителей=3; вход=437163.00 KZT; выход/вход=0.00; крупнейший вход=78%,1,False,3,0,437163.0,0.0,8,0,0.00042215807154897264,0.0,False,0.0,exact,2248,0.0,3,0,0.7804022755814193,0.0,0.0,0.0,0.0,0.0,0.0,0.0,False,False,sample_only,437163.0,8,0.78196,1.0
100000004950490100,terminal,0.59,1,0.210666,"Наблюдаемый получатель: входов=1, вход=10000.00 KZT; выход=0; глубина=2; вне выборки операции неизвестны",2,False,1,0,10000.0,0.0,1,0,0.00033064166313549986,0.0,False,0.0,exact,2248,0.0,1,0,1.0,0.0,0.0,0.0,0.0,0.0,0.0,0.0,False,False,sample_only,10000.0,1,0.59,1.0
100000004959752100,terminal,0.59,8,0.32675,"Наблюдаемый получатель: входов=1, вход=22200.00 KZT; выход=0; глубина=3; вне выборки операции неизвестны",3,False,1,0,22200.0,0.0,1,0,0.0007848703238285037,0.0,False,0.0,exact,2248,0.0,1,0,1.0,0.0,0.0,0.0,0.0,0.0,0.0,0.0,False,False,sample_only,22200.0,1,0.59,1.0
100000004962193100,consolidator,0.894367,0,0.690691,Гипотеза сбора: отправителей=8; вход=900468.00 KZT; выход/вход=0.00; крупнейший вход=66%,2,False,8,0,900468.0,0.0,11,0,0.0006573150442725716,0.0,False,0.0,exact,2248,0.0,8,2,0.6563253774703821,0.0,0.0,0.0,0.0,0.0,0.0,0.0,False,False,sample_only,900468.0,11,0.894367,1.0
100000004970752100,terminal,0.59,0,0.279755,"Наблюдаемый получатель: входов=1, вход=10000.00 KZT; выход=0; глубина=3; вне выборки операции неизвестны",3,False,1,0,10000.0,0.0,1,0,0.0007428614561261708,0.0,False,0.0,exact,2248,0.0,1,0,1.0,0.0,0.0,0.0,0.0,0.0,0.0,0.0,False,False,sample_only,10000.0,1,0.59,1.0
100000004971871100,peripheral,0.55,50,0.405238,"Мало связей: входов=1, выходов=1; оборот=31050.00 KZT; FIFO 1–7д=100%; в тот же день=?0%; правила иных ролей не выполнены; seed: вход неполон",0,True,1,1,25400.0,5650.0,3,1,0.0007430293125206683,0.22244094488188976,False,0.0,exact,2248,0.0,1,0,1.0,1.0,1.0,5650.0,1.0,0.0,0.0,0.0,True,False,seed_inflows_incomplete,31050.0,4,0.55,1.0
100000004975919100,peripheral,0.3,8,0.471744,"Роль неоднозначна: входов=1, выходов=2; оборот=37351.00 KZT; FIFO 1–7д=0%; в тот же день=?0%; правила иных ролей не выполнены",3,False,1,2,22351.0,15000.0,1,2,0.00029011680628284717,0.6711109122634334,False,3.844048916909496e-05,exact,2248,0.5450751252086812,3,0,1.0,0.6666666666666666,0.0,0.0,0.0,0.0,0.0,1.0,False,False,sample_only,37351.0,3,0.3,1.0
100000004976946100,peripheral,0.2,62,0.405597,"Вход=1, 246000.00 KZT; выход=0; глубина=4: обход обрезан, конечная роль неизвестна",4,False,1,0,246000.0,0.0,1,0,0.000319492918509721,0.0,True,0.0,exact,2248,0.0,1,0,1.0,0.0,0.0,0.0,0.0,0.0,0.0,0.0,False,True,depth_outflows_incomplete,246000.0,1,0.2,1.0
100000004979264100,peripheral,0.2,42,0.32583,"Вход=1, 39800.00 KZT; выход=0; глубина=4: обход обрезан, конечная роль неизвестна",4,False,1,0,39800.0,0.0,1,0,0.00041137922183340155,0.0,True,0.0,exact,2248,0.0,1,0,1.0,0.0,0.0,0.0,0.0,0.0,0.0,0.0,False,True,depth_outflows_incomplete,39800.0,1,0.2,1.0
100000004979283100,terminal,0.59,18,0.261586,"Наблюдаемый получатель: входов=1, вход=40132.00 KZT; выход=0; глубина=3; вне выборки операции неизвестны",3,False,1,0,40132.0,0.0,1,0,0.0003005217649950165,0.0,False,0.0,exact,2248,0.0,1,0,1.0,0.0,0.0,0.0,0.0,0.0,0.0,0.0,False,False,sample_only,40132.0,1,0.59,1.0
100000004979498100,peripheral,0.55,55,0.648991,"Мало связей: входов=1, выходов=1; оборот=900000.00 KZT; FIFO 1–7д=0%; в тот же день=?100%; правила иных ролей не выполнены",2,False,1,1,700000.0,200000.0,2,1,0.0013189827666274718,0.2857142857142857,False,0.0,exact,2248,0.0,2,0,1.0,1.0,0.0,0.0,0.0,200000.0,1.0,0.0,False,False,sample_only,900000.0,3,0.55,1.0
100000004981068100,peripheral,0.2,8,0.230855,"Вход=1, 10000.00 KZT; выход=0; глубина=4: обход обрезан, конечная роль неизвестна",4,False,1,0,10000.0,0.0,1,0,0.0003788472368268382,0.0,True,0.0,exact,2248,0.0,1,0,1.0,0.0,0.0,0.0,0.0,0.0,0.0,0.0,False,True,depth_outflows_incomplete,10000.0,1,0.2,1.0
100000004984689100,terminal,0.59,8,0.272039,"Наблюдаемый получатель: входов=1, вход=53030.00 KZT; выход=0; глубина=3; вне выборки операции неизвестны",3,False,1,0,53030.0,0.0,1,0,0.0002963587248842163,0.0,False,0.0,exact,2248,0.0,1,0,1.0,0.0,0.0,0.0,0.0,0.0,0.0,0.0,False,False,sample_only,53030.0,1,0.59,1.0
100000004988240100,peripheral,0.2,0,0.292811,"Вход=1, 20000.00 KZT; выход=0; глубина=4: обход обрезан, конечная роль неизвестна",4,False,1,0,20000.0,0.0,1,0,0.0005299271891403068,0.0,True,0.0,exact,2248,0.0,1,0,1.0,0.0,0.0,0.0,0.0,0.0,0.0,0.0,False,True,depth_outflows_incomplete,20000.0,1,0.2,1.0
100000004991593100,peripheral,0.2,8,0.35221,"Вход=1, 45000.00 KZT; выход=0; глубина=4: обход обрезан, конечная роль неизвестна",4,False,1,0,45000.0,0.0,2,0,0.0003548910511069666,0.0,True,0.0,exact,2248,0.0,1,0,1.0,0.0,0.0,0.0,0.0,0.0,0.0,0.0,False,True,depth_outflows_incomplete,45000.0,2,0.2,1.0
100000004991812100,terminal,0.59,29,0.21928,"Наблюдаемый получатель: входов=1, вход=10000.00 KZT; выход=0; глубина=3; вне выборки операции неизвестны",3,False,1,0,10000.0,0.0,1,0,0.0003463600077195257,0.0,False,0.0,exact,2248,0.0,1,0,1.0,0.0,0.0,0.0,0.0,0.0,0.0,0.0,False,False,sample_only,10000.0,1,0.59,1.0
100000004993576100,terminal,0.59,3,0.396355,"Наблюдаемый получатель: входов=1, вход=167000.00 KZT; выход=0; глубина=2; вне выборки операции неизвестны",2,False,1,0,167000.0,0.0,1,0,0.00033869882876991924,0.0,False,0.0,exact,2248,0.0,1,0,1.0,0.0,0.0,0.0,0.0,0.0,0.0,0.0,False,False,sample_only,167000.0,1,0.59,1.0
100000004997515100,consolidator,0.826392,4,0.792611,Гипотеза сбора: отправителей=4; вход=395000.00 KZT; выход/вход=0.14; крупнейший вход=33%,3,False,4,4,395000.0,54500.0,4,4,0.0003566158833194684,0.1379746835443038,False,8.956237682696351e-05,exact,2248,0.7262103505843072,8,2,0.3291139240506329,0.3211009174311927,0.23853211009174313,13000.0,0.23853211009174313,0.0,0.0,0.7614678899082569,False,False,sample_only,449500.0,8,0.826392,1.0
100000005008589100,terminal,0.59,0,0.270783,"Наблюдаемый получатель: входов=1, вход=42806.68 KZT; выход=0; глубина=3; вне выборки операции неизвестны",3,False,1,0,42806.68,0.0,1,0,0.00030309402044475066,0.0,False,0.0,exact,2248,0.0,1,0,1.0,0.0,0.0,0.0,0.0,0.0,0.0,0.0,False,False,sample_only,42806.68,1,0.59,1.0
100000005010159100,peripheral,0.2,8,0.264098,"Вход=1, 7092.00 KZT; выход=0; глубина=4: обход обрезан, конечная роль неизвестна",4,False,1,0,7092.0,0.0,1,0,0.000614368456825925,0.0,True,0.0,exact,2248,0.0,1,0,1.0,0.0,0.0,0.0,0.0,0.0,0.0,0.0,False,True,depth_outflows_incomplete,7092.0,1,0.2,1.0
100000005017150100,peripheral,0.0,73,0.0,"Связей=0, операций=0; изолирован, данных для роли нет; seed: вход неполон",0,True,0,0,0.0,0.0,0,0,0.0002855692942172909,,False,0.0,exact,2248,0.0,0,0,0.0,0.0,0.0,0.0,0.0,0.0,0.0,0.0,True,False,no_operations;seed_inflows_incomplete,0.0,0,0.0,1.0
100000005022552100,peripheral,0.55,16,0.537752,"Мало связей: входов=1, выходов=1; оборот=246000.00 KZT; FIFO 1–7д=0%; в тот же день=?0%; правила иных ролей не выполнены",3,False,1,1,241000.0,5000.0,3,1,0.00035775639372368753,0.02074688796680498,False,0.0,exact,2248,0.0,2,0,1.0,1.0,0.0,0.0,0.0,0.0,0.0,1.0,False,False,sample_only,246000.0,4,0.55,1.0
100000005022964100,terminal,0.59,2,0.246961,"Наблюдаемый получатель: входов=1, вход=20000.00 KZT; выход=0; глубина=2; вне выборки операции неизвестны",2,False,1,0,20000.0,0.0,1,0,0.0003273647858899897,0.0,False,0.0,exact,2248,0.0,1,0,1.0,0.0,0.0,0.0,0.0,0.0,0.0,0.0,False,False,sample_only,20000.0,1,0.59,1.0
100000005025629100,peripheral,0.2,10,0.180249,"Вход=1, 5227.00 KZT; выход=0; глубина=4: обход обрезан, конечная роль неизвестна",4,False,1,0,5227.0,0.0,1,0,0.0003141510108848508,0.0,True,0.0,exact,2248,0.0,1,0,1.0,0.0,0.0,0.0,0.0,0.0,0.0,0.0,False,True,depth_outflows_incomplete,5227.0,1,0.2,1.0
100000005030592100,terminal,0.59,3,0.117755,"Наблюдаемый получатель: входов=1, вход=10000.00 KZT; выход=0; глубина=2; вне выборки операции неизвестны",2,False,1,0,10000.0,0.0,1,0,0.0002887507034719393,0.0,False,0.0,exact,2248,0.0,1,0,1.0,0.0,0.0,0.0,0.0,0.0,0.0,0.0,False,False,sample_only,10000.0,1,0.59,1.0
100000005031696100,peripheral,0.3,45,0.736499,"Роль неоднозначна: входов=1, выходов=2; оборот=120000.00 KZT; FIFO 1–7д=4%; в тот же день=?0%; правила иных ролей не выполнены",2,False,1,2,5000.0,115000.0,1,3,0.0005397118809391454,23.0,False,9.59030760713503e-05,exact,2248,0.7345575959933222,3,1,1.0,0.9565217391304348,1.0,5000.0,0.043478260869565216,0.0,0.0,0.9565217391304348,False,False,sample_only,120000.0,4,0.3,1.0
100000005032294100,terminal,0.59,40,0.234399,"Наблюдаемый получатель: входов=1, вход=10000.00 KZT; выход=0; глубина=2; вне выборки операции неизвестны",2,False,1,0,10000.0,0.0,1,0,0.00039238727982301855,0.0,False,0.0,exact,2248,0.0,1,0,1.0,0.0,0.0,0.0,0.0,0.0,0.0,0.0,False,False,sample_only,10000.0,1,0.59,1.0
100000005034574100,terminal,0.59,71,0.513134,"Наблюдаемый получатель: входов=1, вход=258816.00 KZT; выход=0; глубина=1; вне выборки операции неизвестны",1,False,1,0,258816.0,0.0,16,0,0.0004250866895938891,0.0,False,0.0,exact,2248,0.0,1,0,1.0,0.0,0.0,0.0,0.0,0.0,0.0,0.0,False,False,sample_only,258816.0,16,0.59,1.0
100000005037490100,peripheral,0.55,12,0.503818,"Мало связей: входов=1, выходов=2; оборот=45000.00 KZT; FIFO 1–7д=0%; в тот же день=?47%; правила иных ролей не выполнены",3,False,1,2,15000.0,30000.0,1,3,0.0003232011772500526,2.0,False,1.9418391435934565e-05,exact,2248,0.3614357262103506,2,0,1.0,0.5333333333333333,0.0,0.0,0.0,14000.0,0.4666666666666667,0.5333333333333333,False,False,sample_only,45000.0,4,0.55,1.0
100000005041147100,peripheral,0.2,0,0.25876,"Вход=1, 10000.00 KZT; выход=0; глубина=4: обход обрезан, конечная роль неизвестна",4,False,1,0,10000.0,0.0,1,0,0.0005337622626216141,0.0,True,0.0,exact,2248,0.0,1,0,1.0,0.0,0.0,0.0,0.0,0.0,0.0,0.0,False,True,depth_outflows_incomplete,10000.0,1,0.2,1.0
100000005041905100,peripheral,0.55,22,0.417306,"Мало связей: входов=1, выходов=1; оборот=1085351.00 KZT; FIFO 1–7д=0%; в тот же день=?0%; правила иных ролей не выполнены",3,False,1,1,5000.0,1080351.0,1,5,0.00028634968311320514,216.0702,False,0.0,exact,2248,0.0,1,0,1.0,1.0,0.0,0.0,0.0,0.0,0.0,1.0,False,False,sample_only,1085351.0,6,0.55,1.0
100000005042822100,peripheral,0.2,36,0.501357,"Вход=1, 1000000.00 KZT; выход=0; глубина=4: обход обрезан, конечная роль неизвестна",4,False,1,0,1000000.0,0.0,1,0,0.00045261173566138284,0.0,True,0.0,exact,2248,0.0,1,0,1.0,0.0,0.0,0.0,0.0,0.0,0.0,0.0,False,True,depth_outflows_incomplete,1000000.0,1,0.2,1.0
100000005048668100,coordinator,0.882638,8,0.690175,"Гипотеза связующего: соседей=9, внешних сообществ=5; посредничество=0.00065; не доказательство управления",3,False,2,8,16668.0,159400.0,2,11,0.00028854810674879374,9.563234941204703,False,0.0006542869684636797,exact,2248,0.9131886477462438,9,5,0.6100311975041997,0.4077791718946048,0.5514429109159348,9668.0,0.06065244667503137,7000.0,0.043914680050188205,0.8954328732747804,False,False,sample_only,176068.0,13,0.882638,1.0
100000005049404100,peripheral,0.2,10,0.377535,"Вход=1, 98000.00 KZT; выход=0; глубина=4: обход обрезан, конечная роль неизвестна",4,False,1,0,98000.0,0.0,2,0,0.0003126369164275119,0.0,True,0.0,exact,2248,0.0,1,0,1.0,0.0,0.0,0.0,0.0,0.0,0.0,0.0,False,True,depth_outflows_incomplete,98000.0,2,0.2,1.0
100000005052998100,peripheral,0.55,0,0.321822,"Мало связей: входов=1, выходов=1; оборот=37900.00 KZT; FIFO 1–7д=0%; в тот же день=?0%; правила иных ролей не выполнены",3,False,1,1,9500.0,28400.0,1,1,0.0002861043339042946,2.9894736842105263,False,4.33335300032448e-06,exact,2248,0.17863105175292154,2,0,1.0,1.0,0.0,0.0,0.0,0.0,0.0,1.0,False,False,sample_only,37900.0,2,0.55,1.0
100000005053653100,peripheral,0.3,12,0.530725,"Роль неоднозначна: входов=2, выходов=1; оборот=88073.00 KZT; FIFO 1–7д=0%; в тот же день=?0%; правила иных ролей не выполнены",2,False,2,1,63073.0,25000.0,2,1,0.0003136008584320485,0.3963661154535221,False,1.922024458454748e-05,exact,2248,0.2871452420701169,3,1,0.5370443771502862,1.0,0.0,0.0,0.0,0.0,0.0,1.0,False,False,sample_only,88073.0,3,0.3,1.0
100000005055454100,terminal,0.59,27,0.240007,"Наблюдаемый получатель: входов=1, вход=6500.00 KZT; выход=0; глубина=3; вне выборки операции неизвестны",3,False,1,0,6500.0,0.0,1,0,0.0005059810158324262,0.0,False,0.0,exact,2248,0.0,1,0,1.0,0.0,0.0,0.0,0.0,0.0,0.0,0.0,False,False,sample_only,6500.0,1,0.59,1.0
100000005056870100,terminal,0.59,52,0.217037,"Наблюдаемый получатель: входов=1, вход=20000.00 KZT; выход=0; глубина=1; вне выборки операции неизвестны",1,False,1,0,20000.0,0.0,1,0,0.00030318655842831487,0.0,False,0.0,exact,2248,0.0,1,0,1.0,0.0,0.0,0.0,0.0,0.0,0.0,0.0,False,False,sample_only,20000.0,1,0.59,1.0
100000005059998100,terminal,0.59,0,0.190231,"Наблюдаемый получатель: входов=1, вход=18000.00 KZT; выход=0; глубина=2; вне выборки операции неизвестны",2,False,1,0,18000.0,0.0,1,0,0.0002959172747769893,0.0,False,0.0,exact,2248,0.0,1,0,1.0,0.0,0.0,0.0,0.0,0.0,0.0,0.0,False,False,sample_only,18000.0,1,0.59,1.0
100000005061890100,terminal,0.59,2,0.402389,"Наблюдаемый получатель: входов=1, вход=90000.00 KZT; выход=0; глубина=3; вне выборки операции неизвестны",3,False,1,0,90000.0,0.0,1,0,0.0005346252088600028,0.0,False,0.0,exact,2248,0.0,1,0,1.0,0.0,0.0,0.0,0.0,0.0,0.0,0.0,False,False,sample_only,90000.0,1,0.59,1.0
100000005074393100,peripheral,0.3,12,0.921019,"Роль неоднозначна: входов=4, выходов=6; оборот=1248526.00 KZT; FIFO 1–7д=40%; в тот же день=?0%; правила иных ролей не выполнены",1,False,4,6,563026.0,685500.0,5,10,0.0010600834163353942,1.2175281425724567,False,0.00021697080226886072,exact,2248,0.8430717863105175,8,1,0.5845786873075133,0.7293946024799417,0.40919037199124725,274393.0,0.40028154631655727,0.0,0.0,0.5997184536834428,False,False,sample_only,1248526.0,15,0.3,1.0
100000005075949100,peripheral,0.2,54,0.61199,"Вход=1, 2226000.00 KZT; выход=0; глубина=4: обход обрезан, конечная роль неизвестна",4,False,1,0,2226000.0,0.0,7,0,0.0007679113857379712,0.0,True,0.0,exact,2248,0.0,1,0,1.0,0.0,0.0,0.0,0.0,0.0,0.0,0.0,False,True,depth_outflows_incomplete,2226000.0,7,0.2,1.0
100000005077484100,peripheral,0.55,27,0.554446,"Мало связей: входов=1, выходов=2; оборот=163550.00 KZT; FIFO 1–7д=0%; в тот же день=?52%; правила иных ролей не выполнены",2,False,1,2,150000.0,13550.0,1,2,0.000539710863920106,0.09033333333333333,False,3.962937027741748e-07,exact,2248,0.030884808013355594,2,0,1.0,0.5202952029520295,0.0,0.0,0.0,7050.0,0.5202952029520295,0.4797047970479705,False,False,sample_only,163550.0,3,0.55,1.0
100000005079473100,peripheral,0.2,8,0.294471,"Вход=1, 39312.00 KZT; выход=0; глубина=4: обход обрезан, конечная роль неизвестна",4,False,1,0,39312.0,0.0,1,0,0.00032600590088597723,0.0,True,0.0,exact,2248,0.0,1,0,1.0,0.0,0.0,0.0,0.0,0.0,0.0,0.0,False,True,depth_outflows_incomplete,39312.0,1,0.2,1.0
100000005079754100,peripheral,0.3,2,0.662583,"Роль неоднозначна: входов=1, выходов=2; оборот=192000.00 KZT; FIFO 1–7д=16%; в тот же день=?0%; правила иных ролей не выполнены",1,False,1,2,70000.0,122000.0,1,2,0.0002995858445806412,1.7428571428571429,False,9.511048866580196e-05,exact,2248,0.7312186978297162,3,0,1.0,0.8360655737704918,0.16393442622950818,20000.0,0.16393442622950818,0.0,0.0,0.8360655737704918,False,False,sample_only,192000.0,3,0.3,1.0
100000005082652100,terminal,0.59,1,0.307571,"Наблюдаемый получатель: входов=1, вход=30000.00 KZT; выход=0; глубина=3; вне выборки операции неизвестны",3,False,1,0,30000.0,0.0,1,0,0.00040800365167801905,0.0,False,0.0,exact,2248,0.0,1,0,1.0,0.0,0.0,0.0,0.0,0.0,0.0,0.0,False,False,sample_only,30000.0,1,0.59,1.0
100000005087431100,peripheral,0.0,74,0.0,"Связей=0, операций=0; изолирован, данных для роли нет; seed: вход неполон",0,True,0,0,0.0,0.0,0,0,0.0002855692942172909,,False,0.0,exact,2248,0.0,0,0,0.0,0.0,0.0,0.0,0.0,0.0,0.0,0.0,True,False,no_operations;seed_inflows_incomplete,0.0,0,0.0,1.0
100000005087923100,peripheral,0.2,46,0.2833,"Вход=1, 20000.00 KZT; выход=0; глубина=4: обход обрезан, конечная роль неизвестна",4,False,1,0,20000.0,0.0,1,0,0.0004605791647030636,0.0,True,0.0,exact,2248,0.0,1,0,1.0,0.0,0.0,0.0,0.0,0.0,0.0,0.0,False,True,depth_outflows_incomplete,20000.0,1,0.2,1.0
100000005089460100,terminal,0.59,22,0.116184,"Наблюдаемый получатель: входов=1, вход=12300.00 KZT; выход=0; глубина=3; вне выборки операции неизвестны",3,False,1,0,12300.0,0.0,1,0,0.00028748905090124,0.0,False,0.0,exact,2248,0.0,1,0,1.0,0.0,0.0,0.0,0.0,0.0,0.0,0.0,False,False,sample_only,12300.0,1,0.59,1.0
100000005092518100,terminal,0.59,22,0.194134,"Наблюдаемый получатель: входов=1, вход=26144.00 KZT; выход=0; глубина=1; вне выборки операции неизвестны",1,False,1,0,26144.0,0.0,1,0,0.0002910566135800478,0.0,False,0.0,exact,2248,0.0,1,0,1.0,0.0,0.0,0.0,0.0,0.0,0.0,0.0,False,False,sample_only,26144.0,1,0.59,1.0
100000005093521100,terminal,0.59,2,0.135991,"Наблюдаемый получатель: входов=1, вход=15200.00 KZT; выход=0; глубина=1; вне выборки операции неизвестны",1,False,1,0,15200.0,0.0,1,0,0.00028861288801047553,0.0,False,0.0,exact,2248,0.0,1,0,1.0,0.0,0.0,0.0,0.0,0.0,0.0,0.0,False,False,sample_only,15200.0,1,0.59,1.0
100000005100475100,terminal,0.59,1,0.302905,"Наблюдаемый получатель: входов=1, вход=40000.00 KZT; выход=0; глубина=3; вне выборки операции неизвестны",3,False,1,0,40000.0,0.0,1,0,0.0003377497462501435,0.0,False,0.0,exact,2248,0.0,1,0,1.0,0.0,0.0,0.0,0.0,0.0,0.0,0.0,False,False,sample_only,40000.0,1,0.59,1.0
100000005105153100,terminal,0.59,0,0.306225,"Наблюдаемый получатель: входов=1, вход=30000.00 KZT; выход=0; глубина=2; вне выборки операции неизвестны",2,False,1,0,30000.0,0.0,1,0,0.0004010169668275689,0.0,False,0.0,exact,2248,0.0,1,0,1.0,0.0,0.0,0.0,0.0,0.0,0.0,0.0,False,False,sample_only,30000.0,1,0.59,1.0
100000005124479100,peripheral,0.3,0,0.648877,"Роль неоднозначна: входов=2, выходов=2; оборот=159753.00 KZT; FIFO 1–7д=23%; в тот же день=?0%; правила иных ролей не выполнены",1,False,2,2,137753.0,22000.0,2,2,0.0003032300539809193,0.15970614070110994,False,4.755524433290098e-05,exact,2248,0.6210350584307178,4,1,0.6456991862246194,0.7727272727272727,0.22727272727272727,5000.0,0.22727272727272727,0.0,0.0,0.7727272727272727,False,False,sample_only,159753.0,4,0.3,1.0
100000005127767100,terminal,0.59,19,0.229823,"Наблюдаемый получатель: входов=1, вход=7000.00 KZT; выход=0; глубина=3; вне выборки операции неизвестны",3,False,1,0,7000.0,0.0,1,0,0.00042253166627963246,0.0,False,0.0,exact,2248,0.0,1,0,1.0,0.0,0.0,0.0,0.0,0.0,0.0,0.0,False,False,sample_only,7000.0,1,0.59,1.0
100000005133757100,terminal,0.63,8,0.386137,"Наблюдаемый получатель: входов=2, вход=65000.00 KZT; выход=0; глубина=1; вне выборки операции неизвестны",1,False,2,0,65000.0,0.0,2,0,0.00029941072919293055,0.0,False,0.0,exact,2248,0.0,2,1,0.6153846153846154,0.0,0.0,0.0,0.0,0.0,0.0,0.0,False,False,sample_only,65000.0,2,0.63,1.0
100000005140601100,peripheral,0.3,8,0.732606,"Роль неоднозначна: входов=3, выходов=2; оборот=247985.00 KZT; FIFO 1–7д=4%; в тот же день=?13%; правила иных ролей не выполнены",2,False,3,2,52685.0,195300.0,4,5,0.0027057314547033313,3.706937458479643,False,1.9616538287321655e-05,exact,2248,0.3831385642737897,3,1,0.4745183638606814,0.9231950844854071,0.5376344086021505,8685.0,0.044470046082949306,25000.0,0.12800819252432155,0.8275217613927291,False,False,sample_only,247985.0,9,0.3,1.0
100000005142492100,peripheral,0.55,1,0.452681,"Мало связей: входов=1, выходов=1; оборот=67000.00 KZT; FIFO 1–7д=0%; в тот же день=?18%; правила иных ролей не выполнены",3,False,1,1,10000.0,57000.0,1,1,0.0019077900971988632,5.7,False,0.0,exact,2248,0.0,1,0,1.0,1.0,0.0,0.0,0.0,10000.0,0.17543859649122806,0.8245614035087719,False,False,sample_only,67000.0,2,0.55,1.0
100000005142589100,terminal,0.59,0,0.330114,"Наблюдаемый получатель: входов=1, вход=50000.00 KZT; выход=0; глубина=2; вне выборки операции неизвестны",2,False,1,0,50000.0,0.0,2,0,0.0003103697710860754,0.0,False,0.0,exact,2248,0.0,1,0,1.0,0.0,0.0,0.0,0.0,0.0,0.0,0.0,False,False,sample_only,50000.0,2,0.59,1.0
100000005146665100,peripheral,0.2,44,0.086036,"Вход=1, 5500.00 KZT; выход=0; глубина=4: обход обрезан, конечная роль неизвестна",4,False,1,0,5500.0,0.0,1,0,0.00028645375249411193,0.0,True,0.0,exact,2248,0.0,1,0,1.0,0.0,0.0,0.0,0.0,0.0,0.0,0.0,False,True,depth_outflows_incomplete,5500.0,1,0.2,1.0
100000005168487100,peripheral,0.55,11,0.521501,"Мало связей: входов=1, выходов=1; оборот=118510.00 KZT; FIFO 1–7д=14%; в тот же день=?0%; правила иных ролей не выполнены",2,False,1,1,15000.0,103510.0,1,14,0.00181254731435578,6.900666666666667,False,0.0,exact,2248,0.0,1,0,1.0,1.0,0.40585450681093616,15000.0,0.14491353492416192,0.0,0.0,0.8550864650758381,False,False,sample_only,118510.0,15,0.55,1.0
100000005171642100,peripheral,0.55,46,0.687869,"Мало связей: входов=2, выходов=1; оборот=1380400.00 KZT; FIFO 1–7д=2%; в тот же день=?95%; правила иных ролей не выполнены",3,False,2,1,696800.0,683600.0,5,4,0.0027671822247582797,0.9810562571756601,False,3.962937027741748e-07,exact,2248,0.030884808013355594,2,0,0.9911021814006888,1.0,0.9912229373902867,12400.0,0.018139262726740785,651400.0,0.9528964306612053,0.028964306612053833,False,False,sample_only,1380400.0,9,0.55,1.0
100000005172860100,terminal,0.59,0,0.159881,"Наблюдаемый получатель: входов=1, вход=15209.20 KZT; выход=0; глубина=3; вне выборки операции неизвестны",3,False,1,0,15209.2,0.0,1,0,0.00029179582395841264,0.0,False,0.0,exact,2248,0.0,1,0,1.0,0.0,0.0,0.0,0.0,0.0,0.0,0.0,False,False,sample_only,15209.2,1,0.59,1.0
100000005175148100,peripheral,0.55,3,0.54022,"Мало связей: входов=2, выходов=1; оборот=94000.00 KZT; FIFO 1–7д=100%; в тот же день=?0%; правила иных ролей не выполнены",2,False,2,1,79000.0,15000.0,4,1,0.0007181459635567832,0.189873417721519,False,0.0,exact,2248,0.0,2,0,0.9367088607594937,1.0,1.0,15000.0,1.0,0.0,0.0,0.0,False,False,sample_only,94000.0,5,0.55,1.0
100000005182219100,terminal,0.63,10,0.430776,"Наблюдаемый получатель: входов=2, вход=55000.00 KZT; выход=0; глубина=3; вне выборки операции неизвестны",3,False,2,0,55000.0,0.0,2,0,0.000354129497884144,0.0,False,0.0,exact,2248,0.0,2,1,0.5454545454545454,0.0,0.0,0.0,0.0,0.0,0.0,0.0,False,False,sample_only,55000.0,2,0.63,1.0
100000005183943100,terminal,0.59,23,0.583165,"Наблюдаемый получатель: входов=1, вход=680900.00 KZT; выход=0; глубина=1; вне выборки операции неизвестны",1,False,1,0,680900.0,0.0,9,0,0.0006108393603081353,0.0,False,0.0,exact,2248,0.0,1,0,1.0,0.0,0.0,0.0,0.0,0.0,0.0,0.0,False,False,sample_only,680900.0,9,0.59,1.0
100000005186109100,terminal,0.59,3,0.2536,"Наблюдаемый получатель: входов=1, вход=5000.00 KZT; выход=0; глубина=3; вне выборки операции неизвестны",3,False,1,0,5000.0,0.0,1,0,0.0006059178330672808,0.0,False,0.0,exact,2248,0.0,1,0,1.0,0.0,0.0,0.0,0.0,0.0,0.0,0.0,False,False,sample_only,5000.0,1,0.59,1.0
100000005186131100,peripheral,0.55,0,0.302338,"Мало связей: входов=1, выходов=1; оборот=20000.00 KZT; FIFO 1–7д=0%; в тот же день=?100%; правила иных ролей не выполнены",3,False,1,1,10000.0,10000.0,1,1,0.00028613249388782113,1.0,False,1.922024458454748e-05,exact,2248,0.2871452420701169,2,0,1.0,1.0,0.0,0.0,0.0,10000.0,1.0,0.0,False,False,sample_only,20000.0,2,0.55,1.0
100000005187208100,terminal,0.59,10,0.207301,"Наблюдаемый получатель: входов=1, вход=14160.00 KZT; выход=0; глубина=3; вне выборки операции неизвестны",3,False,1,0,14160.0,0.0,1,0,0.0003119707842377321,0.0,False,0.0,exact,2248,0.0,1,0,1.0,0.0,0.0,0.0,0.0,0.0,0.0,0.0,False,False,sample_only,14160.0,1,0.59,1.0
100000005189258100,peripheral,0.2,10,0.30461,"Вход=1, 50000.00 KZT; выход=0; глубина=4: обход обрезан, конечная роль неизвестна",4,False,1,0,50000.0,0.0,1,0,0.00031597643294580327,0.0,True,0.0,exact,2248,0.0,1,0,1.0,0.0,0.0,0.0,0.0,0.0,0.0,0.0,False,True,depth_outflows_incomplete,50000.0,1,0.2,1.0
100000005198498100,terminal,0.59,22,0.19456,"Наблюдаемый получатель: входов=1, вход=28800.00 KZT; выход=0; глубина=3; вне выборки операции неизвестны",3,False,1,0,28800.0,0.0,1,0,0.00029006433425775714,0.0,False,0.0,exact,2248,0.0,1,0,1.0,0.0,0.0,0.0,0.0,0.0,0.0,0.0,False,False,sample_only,28800.0,1,0.59,1.0
100000005198906100,peripheral,0.55,10,0.520911,"Мало связей: входов=1, выходов=1; оборот=287970.00 KZT; FIFO 1–7д=0%; в тот же день=?0%; правила иных ролей не выполнены",3,False,1,1,227970.0,60000.0,1,1,0.0002929576136309596,0.26319252533228055,False,1.922024458454748e-05,exact,2248,0.2871452420701169,2,0,1.0,1.0,0.0,0.0,0.0,0.0,0.0,1.0,False,False,sample_only,287970.0,2,0.55,1.0
100000005203590100,terminal,0.59,1,0.320648,"Наблюдаемый получатель: входов=1, вход=90000.00 KZT; выход=0; глубина=2; вне выборки операции неизвестны",2,False,1,0,90000.0,0.0,1,0,0.0003026270634147168,0.0,False,0.0,exact,2248,0.0,1,0,1.0,0.0,0.0,0.0,0.0,0.0,0.0,0.0,False,False,sample_only,90000.0,1,0.59,1.0
100000005205745100,terminal,0.59,1,0.179957,"Наблюдаемый получатель: входов=1, вход=6000.00 KZT; выход=0; глубина=2; вне выборки операции неизвестны",2,False,1,0,6000.0,0.0,1,0,0.0003122614004459651,0.0,False,0.0,exact,2248,0.0,1,0,1.0,0.0,0.0,0.0,0.0,0.0,0.0,0.0,False,False,sample_only,6000.0,1,0.59,1.0
100000005209352100,peripheral,0.2,0,0.220357,"Вход=1, 5000.00 KZT; выход=0; глубина=4: обход обрезан, конечная роль неизвестна",4,False,1,0,5000.0,0.0,1,0,0.00042028195414468963,0.0,True,0.0,exact,2248,0.0,1,0,1.0,0.0,0.0,0.0,0.0,0.0,0.0,0.0,False,True,depth_outflows_incomplete,5000.0,1,0.2,1.0
100000005222360100,peripheral,0.55,40,0.68093,"Мало связей: входов=1, выходов=1; оборот=32000.00 KZT; FIFO 1–7д=19%; в тот же день=?0%; правила иных ролей не выполнены",3,False,1,1,5000.0,27000.0,1,1,0.0006008605701429426,5.4,False,0.0019087127079326193,exact,2248,0.9582637729549248,2,1,1.0,1.0,1.0,5000.0,0.18518518518518517,0.0,0.0,0.8148148148148148,False,False,sample_only,32000.0,2,0.55,1.0
100000005226217100,peripheral,0.2,4,0.260487,"Вход=1, 17500.00 KZT; выход=0; глубина=4: обход обрезан, конечная роль неизвестна",4,False,1,0,17500.0,0.0,1,0,0.0003830224720707795,0.0,True,0.0,exact,2248,0.0,1,0,1.0,0.0,0.0,0.0,0.0,0.0,0.0,0.0,False,True,depth_outflows_incomplete,17500.0,1,0.2,1.0
100000005228059100,terminal,0.59,22,0.193214,"Наблюдаемый получатель: входов=1, вход=26000.00 KZT; выход=0; глубина=1; вне выборки операции неизвестны",1,False,1,0,26000.0,0.0,1,0,0.00029102638966678907,0.0,False,0.0,exact,2248,0.0,1,0,1.0,0.0,0.0,0.0,0.0,0.0,0.0,0.0,False,False,sample_only,26000.0,1,0.59,1.0
100000005233755100,peripheral,0.55,28,0.373805,"Мало связей: входов=1, выходов=1; оборот=30000.00 KZT; FIFO 1–7д=0%; в тот же день=?100%; правила иных ролей не выполнены",3,False,1,1,25000.0,5000.0,1,1,0.0002916076698087042,0.2,False,1.922024458454748e-05,exact,2248,0.2871452420701169,2,0,1.0,1.0,0.0,0.0,0.0,5000.0,1.0,0.0,False,False,sample_only,30000.0,2,0.55,1.0
100000005235389100,peripheral,0.0,75,0.0,"Связей=0, операций=0; изолирован, данных для роли нет; seed: вход неполон",0,True,0,0,0.0,0.0,0,0,0.0002855692942172909,,False,0.0,exact,2248,0.0,0,0,0.0,0.0,0.0,0.0,0.0,0.0,0.0,0.0,True,False,no_operations;seed_inflows_incomplete,0.0,0,0.0,1.0
100000005237935150,terminal,0.59,24,0.243416,"Наблюдаемый получатель: входов=1, вход=34508.00 KZT; выход=0; глубина=2; вне выборки операции неизвестны",2,False,1,0,34508.0,0.0,1,0,0.0002979773495560411,0.0,False,0.0,exact,2248,0.0,1,0,1.0,0.0,0.0,0.0,0.0,0.0,0.0,0.0,False,False,sample_only,34508.0,1,0.59,1.0
100000005241556100,terminal,0.59,35,0.416566,"Наблюдаемый получатель: входов=1, вход=100000.00 KZT; выход=0; глубина=3; вне выборки операции неизвестны",3,False,1,0,100000.0,0.0,1,0,0.0005490718879795895,0.0,False,0.0,exact,2248,0.0,1,0,1.0,0.0,0.0,0.0,0.0,0.0,0.0,0.0,False,False,sample_only,100000.0,1,0.59,1.0
100000005242320100,distributor,0.886512,24,0.829887,"Гипотеза распределения: входов=2, получателей=21; выход=8936295.00 KZT; крупнейший выход=9%; источник средств неизвестен",2,False,2,21,365700.0,8936295.0,2,29,0.0005001241314185612,24.43613617719442,False,2.9722027708063113e-05,exact,2248,0.5175292153589316,23,1,0.5077932731747334,0.08991869673058017,0.3990792604765174,180000.0,0.020142575866172727,185700.0,0.020780424101934862,0.9590770000318924,False,False,sample_only,9301995.0,31,0.886512,1.0
100000005264874100,peripheral,0.55,26,0.52654,"Мало связей: входов=1, выходов=2; оборот=108000.00 KZT; FIFO 1–7д=0%; в тот же день=?0%; правила иных ролей не выполнены",3,False,1,2,30000.0,78000.0,1,3,0.00042829267239375297,2.6,False,7.925874055483496e-07,exact,2248,0.06928213689482471,2,0,1.0,0.8333333333333334,0.0,0.0,0.0,0.0,0.0,1.0,False,False,sample_only,108000.0,4,0.55,1.0
100000005264990100,peripheral,0.3,47,0.69337,"Роль неоднозначна: входов=1, выходов=2; оборот=139070.00 KZT; FIFO 1–7д=14%; в тот же день=?0%; правила иных ролей не выполнены; seed: вход неполон",0,True,1,2,17070.0,122000.0,1,2,0.00036399621508450143,7.147041593438781,False,7.765375105859955e-05,exact,2248,0.7078464106844741,3,0,1.0,0.5655737704918032,0.4344262295081967,17070.0,0.13991803278688525,0.0,0.0,0.8600819672131148,True,False,seed_inflows_incomplete,139070.0,3,0.3,1.0
100000005265073100,peripheral,0.55,47,0.386052,"Мало связей: входов=1, выходов=1; оборот=14000.00 KZT; FIFO 1–7д=0%; в тот же день=?0%; правила иных ролей не выполнены",3,False,1,1,5000.0,9000.0,1,1,0.0002991258827616204,1.8,False,2.1003566247031264e-05,exact,2248,0.44407345575959933,2,0,1.0,1.0,0.0,0.0,0.0,0.0,0.0,1.0,False,False,sample_only,14000.0,2,0.55,1.0
100000005268319100,distributor,0.739011,0,0.611865,"Гипотеза распределения: входов=1, получателей=5; выход=91000.00 KZT; крупнейший выход=41%; источник средств неизвестен",3,False,1,5,19712.8,91000.0,2,10,0.0002936395632308343,4.6162899232985675,False,4.0473877157209345e-05,exact,2248,0.5976627712854758,5,1,1.0,0.4065934065934066,0.46153846153846156,1545.0,0.01697802197802198,18167.8,0.19964615384615383,0.7833758241758242,False,False,sample_only,110712.8,12,0.739011,1.0
100000005272139100,peripheral,0.2,16,0.460128,"Вход=1, 165000.00 KZT; выход=0; глубина=4: обход обрезан, конечная роль неизвестна",4,False,1,0,165000.0,0.0,1,0,0.0007555290963517883,0.0,True,0.0,exact,2248,0.0,1,0,1.0,0.0,0.0,0.0,0.0,0.0,0.0,0.0,False,True,depth_outflows_incomplete,165000.0,1,0.2,1.0
100000005287097100,coordinator,0.809975,16,0.830086,"Гипотеза связующего: соседей=9, внешних сообществ=2; посредничество=0.00078; не доказательство управления",1,False,2,9,127173.0,697300.0,5,42,0.00030270743388181913,5.483082100760382,False,0.0007832208178364955,exact,2248,0.9248747913188647,9,2,0.8706486439731704,0.5628854151728094,0.24494478703570916,34700.0,0.04976337301018213,92473.0,0.13261580381471388,0.817620823175104,False,False,sample_only,824473.0,47,0.809975,1.0
100000005293969100,peripheral,0.2,0,0.240096,"Вход=1, 5466.97 KZT; выход=0; глубина=4: обход обрезан, конечная роль неизвестна",4,False,1,0,5466.97,0.0,1,0,0.0005304901604905838,0.0,True,0.0,exact,2248,0.0,1,0,1.0,0.0,0.0,0.0,0.0,0.0,0.0,0.0,False,True,depth_outflows_incomplete,5466.97,1,0.2,1.0
100000005308954100,peripheral,0.55,16,0.569804,"Мало связей: входов=1, выходов=1; оборот=99020.00 KZT; FIFO 1–7д=100%; в тот же день=?0%; правила иных ролей не выполнены",3,False,1,1,69020.0,30000.0,1,1,0.0003594505153223282,0.43465662126919735,False,1.981468513870874e-05,exact,2248,0.4073455759599332,2,0,1.0,1.0,1.0,30000.0,1.0,0.0,0.0,0.0,False,False,sample_only,99020.0,2,0.55,1.0
100000005314565100,terminal,0.59,0,0.471321,"Наблюдаемый получатель: входов=1, вход=218500.00 KZT; выход=0; глубина=3; вне выборки операции неизвестны",3,False,1,0,218500.0,0.0,3,0,0.0003750215171110066,0.0,False,0.0,exact,2248,0.0,1,0,1.0,0.0,0.0,0.0,0.0,0.0,0.0,0.0,False,False,sample_only,218500.0,3,0.59,1.0
100000005316708100,peripheral,0.3,1,0.538767,"Роль неоднозначна: входов=1, выходов=2; оборот=347500.00 KZT; FIFO 1–7д=0%; в тот же день=?0%; правила иных ролей не выполнены",1,False,1,2,90000.0,257500.0,1,4,0.0002976906193985509,2.861111111111111,False,1.1888811083225246e-06,exact,2248,0.09849749582637729,3,0,1.0,0.883495145631068,0.0,0.0,0.0,0.0,0.0,1.0,False,False,sample_only,347500.0,5,0.3,1.0
100000005317181100,peripheral,0.55,0,0.548054,"Мало связей: входов=1, выходов=1; оборот=155750.00 KZT; FIFO 1–7д=0%; в тот же день=?0%; правила иных ролей не выполнены",3,False,1,1,141250.0,14500.0,1,1,0.000322417396545991,0.10265486725663717,False,1.922024458454748e-05,exact,2248,0.2871452420701169,2,0,1.0,1.0,0.0,0.0,0.0,0.0,0.0,1.0,False,False,sample_only,155750.0,2,0.55,1.0
100000005326681100,terminal,0.59,3,0.230496,"Наблюдаемый получатель: входов=1, вход=31228.00 KZT; выход=0; глубина=2; вне выборки операции неизвестны",2,False,1,0,31228.0,0.0,1,0,0.0002955041990377069,0.0,False,0.0,exact,2248,0.0,1,0,1.0,0.0,0.0,0.0,0.0,0.0,0.0,0.0,False,False,sample_only,31228.0,1,0.59,1.0
100000005328215100,terminal,0.59,18,0.227782,"Наблюдаемый получатель: входов=1, вход=27000.00 KZT; выход=0; глубина=2; вне выборки операции неизвестны",2,False,1,0,27000.0,0.0,1,0,0.00029843364932399574,0.0,False,0.0,exact,2248,0.0,1,0,1.0,0.0,0.0,0.0,0.0,0.0,0.0,0.0,False,False,sample_only,27000.0,1,0.59,1.0
100000005339662100,peripheral,0.3,3,0.891339,"Роль неоднозначна: входов=4, выходов=4; оборот=498099.00 KZT; FIFO 1–7д=14%; в тот же день=?30%; правила иных ролей не выполнены",1,False,4,4,202939.0,295160.0,9,15,0.0016567441326948078,1.4544271924075707,False,0.00013962469475849672,exact,2248,0.8013355592654424,6,2,0.6694129763130793,0.7934679495866649,0.8615666079414555,40750.0,0.13806071283371732,87925.0,0.2978892803902968,0.5640500067759859,False,False,sample_only,498099.0,24,0.3,1.0
100000005342513100,peripheral,0.55,22,0.538706,"Мало связей: входов=1, выходов=1; оборот=265000.00 KZT; FIFO 1–7д=0%; в тот же день=?100%; правила иных ролей не выполнены",3,False,1,1,235000.0,30000.0,2,1,0.0010816512996714893,0.1276595744680851,False,0.0,exact,2248,0.0,1,0,1.0,1.0,0.0,0.0,0.0,30000.0,1.0,0.0,False,False,sample_only,265000.0,3,0.55,1.0
100000005357034100,terminal,0.59,0,0.094291,"Наблюдаемый получатель: входов=1, вход=9754.00 KZT; выход=0; глубина=3; вне выборки операции неизвестны",3,False,1,0,9754.0,0.0,1,0,0.0002861186391759261,0.0,False,0.0,exact,2248,0.0,1,0,1.0,0.0,0.0,0.0,0.0,0.0,0.0,0.0,False,False,sample_only,9754.0,1,0.59,1.0
100000005357705100,distributor,0.714767,8,0.712221,"Гипотеза распределения: входов=1, получателей=4; выход=387080.00 KZT; крупнейший выход=43%; источник средств неизвестен",3,False,1,4,52595.0,387080.0,1,5,0.0002962702202200618,7.35963494628767,False,7.688097833818992e-05,exact,2248,0.7020033388981636,5,0,1.0,0.4348842616513382,0.0,0.0,0.0,52595.0,0.13587630463986772,0.8641236953601322,False,False,sample_only,439675.0,6,0.714767,1.0
100000005360814100,peripheral,0.2,8,0.458401,"Вход=1, 144000.00 KZT; выход=0; глубина=4: обход обрезан, конечная роль неизвестна",4,False,1,0,144000.0,0.0,3,0,0.00043368873256412725,0.0,True,0.0,exact,2248,0.0,1,0,1.0,0.0,0.0,0.0,0.0,0.0,0.0,0.0,False,True,depth_outflows_incomplete,144000.0,3,0.2,1.0
100000005362848100,terminal,0.59,18,0.226234,"Наблюдаемый получатель: входов=1, вход=29000.00 KZT; выход=0; глубина=3; вне выборки операции неизвестны",3,False,1,0,29000.0,0.0,1,0,0.00029637417941000597,0.0,False,0.0,exact,2248,0.0,1,0,1.0,0.0,0.0,0.0,0.0,0.0,0.0,0.0,False,False,sample_only,29000.0,1,0.59,1.0
100000005363908100,peripheral,0.55,68,0.39511,"Мало связей: входов=1, выходов=1; оборот=39000.00 KZT; FIFO 1–7д=0%; в тот же день=?100%; правила иных ролей не выполнены",1,False,1,1,19500.0,19500.0,1,1,0.00033851712062440693,1.0,False,0.0,exact,2248,0.0,2,0,1.0,1.0,0.0,0.0,0.0,19500.0,1.0,0.0,False,False,sample_only,39000.0,2,0.55,1.0
100000005367180100,peripheral,0.2,8,0.272151,"Вход=1, 7700.00 KZT; выход=0; глубина=4: обход обрезан, конечная роль неизвестна",4,False,1,0,7700.0,0.0,1,0,0.0007828047220453436,0.0,True,0.0,exact,2248,0.0,1,0,1.0,0.0,0.0,0.0,0.0,0.0,0.0,0.0,False,True,depth_outflows_incomplete,7700.0,1,0.2,1.0
100000005367284100,peripheral,0.3,0,0.513445,"Роль неоднозначна: входов=1, выходов=2; оборот=62000.00 KZT; FIFO 1–7д=0%; в тот же день=?28%; правила иных ролей не выполнены",3,False,1,2,13700.0,48300.0,1,5,0.00028914323405377366,3.5255474452554743,False,3.844048916909496e-05,exact,2248,0.5450751252086812,3,0,1.0,0.5859213250517599,0.0,0.0,0.0,13700.0,0.2836438923395445,0.7163561076604554,False,False,sample_only,62000.0,6,0.3,1.0
100000005367445100,transit,0.9,42,0.326525,"Гипотеза транзита: вход=5000.00, выход=5000.00 KZT; FIFO 1–7д=100%; в тот же день=?0%; те же деньги не установлены",3,False,1,1,5000.0,5000.0,1,1,0.0018429964605732618,1.0,False,0.0,exact,2248,0.0,1,0,1.0,1.0,1.0,5000.0,1.0,0.0,0.0,0.0,False,False,sample_only,10000.0,2,0.9,1.0
100000005370558100,peripheral,0.2,0,0.149069,"Вход=1, 5000.00 KZT; выход=0; глубина=4: обход обрезан, конечная роль неизвестна",4,False,1,0,5000.0,0.0,1,0,0.00029929939547880074,0.0,True,0.0,exact,2248,0.0,1,0,1.0,0.0,0.0,0.0,0.0,0.0,0.0,0.0,False,True,depth_outflows_incomplete,5000.0,1,0.2,1.0
100000005370580100,terminal,0.59,12,0.271366,"Наблюдаемый получатель: входов=1, вход=24075.00 KZT; выход=0; глубина=0; вне выборки операции неизвестны; seed: вход неполон",0,True,1,0,24075.0,0.0,1,0,0.00034596846648487345,0.0,False,0.0,exact,2248,0.0,1,0,1.0,0.0,0.0,0.0,0.0,0.0,0.0,0.0,True,False,seed_inflows_incomplete,24075.0,1,0.59,0.65
100000005375968100,peripheral,0.3,0,0.628115,"Роль неоднозначна: входов=1, выходов=2; оборот=256082.00 KZT; FIFO 1–7д=12%; в тот же день=?23%; правила иных ролей не выполнены",3,False,1,2,170082.0,86000.0,1,4,0.0002951483068536033,0.5056384567443939,False,3.844048916909496e-05,exact,2248,0.5450751252086812,3,0,1.0,0.5813953488372093,0.11627906976744186,10000.0,0.11627906976744186,20000.0,0.23255813953488372,0.6511627906976745,False,False,sample_only,256082.0,5,0.3,1.0
100000005382566100,consolidator,0.65,47,0.837813,Гипотеза сбора: отправителей=7; вход=393066.00 KZT; выход/вход=0.13; крупнейший вход=42%; seed: вход неполон,0,True,7,1,393066.0,50000.0,11,1,0.002113262052157115,0.12720510041570626,False,4.6366363224578456e-05,exact,2248,0.6176961602671118,7,1,0.4223209333801448,1.0,1.0,50000.0,1.0,0.0,0.0,0.0,True,False,seed_inflows_incomplete,443066.0,12,0.878687,0.65
100000005386383100,peripheral,0.3,47,0.629075,"Роль неоднозначна: входов=2, выходов=1; оборот=66500.00 KZT; FIFO 1–7д=0%; в тот же день=?0%; правила иных ролей не выполнены; seed: вход неполон",0,True,2,1,37500.0,29000.0,2,1,0.0005243332756978218,0.7733333333333333,False,2.852323925717123e-05,exact,2248,0.5141903171953256,3,2,0.5466666666666666,1.0,0.0,0.0,0.0,0.0,0.0,1.0,True,False,seed_inflows_incomplete,66500.0,3,0.3,1.0
100000005392290100,peripheral,0.55,65,0.232044,"Мало связей: входов=0, выходов=1; оборот=81465.00 KZT; FIFO 1–7д=0%; в тот же день=?0%; правила иных ролей не выполнены; seed: вход неполон",0,True,0,1,0.0,81465.0,0,1,0.0002855692942172909,,False,0.0,exact,2248,0.0,1,0,0.0,1.0,0.0,0.0,0.0,0.0,0.0,1.0,True,False,seed_inflows_incomplete,81465.0,1,0.55,1.0
100000005394708100,peripheral,0.55,47,0.459121,"Мало связей: входов=1, выходов=1; оборот=91000.00 KZT; FIFO 1–7д=40%; в тот же день=?0%; правила иных ролей не выполнены",1,False,1,1,26000.0,65000.0,1,1,0.00034517722457498757,2.5,False,1.981468513870874e-07,exact,2248,0.01001669449081803,2,0,1.0,1.0,1.0,26000.0,0.4,0.0,0.0,0.6,False,False,sample_only,91000.0,2,0.55,1.0
100000005395727100,terminal,0.59,3,0.254969,"Наблюдаемый получатель: входов=1, вход=17000.00 KZT; выход=0; глубина=0; вне выборки операции неизвестны; seed: вход неполон",0,True,1,0,17000.0,0.0,1,0,0.0003712067299561801,0.0,False,0.0,exact,2248,0.0,1,0,1.0,0.0,0.0,0.0,0.0,0.0,0.0,0.0,True,False,seed_inflows_incomplete,17000.0,1,0.59,0.65
100000005402643100,peripheral,0.55,4,0.460435,"Мало связей: входов=1, выходов=1; оборот=217800.00 KZT; FIFO 1–7д=0%; в тот же день=?0%; правила иных ролей не выполнены",2,False,1,1,127800.0,90000.0,1,1,0.0002975952292869964,0.704225352112676,False,3.962937027741748e-07,exact,2248,0.030884808013355594,2,0,1.0,1.0,0.0,0.0,0.0,0.0,0.0,1.0,False,False,sample_only,217800.0,2,0.55,1.0
100000005409156100,terminal,0.63,10,0.538717,"Наблюдаемый получатель: входов=2, вход=260080.00 KZT; выход=0; глубина=3; вне выборки операции неизвестны",3,False,2,0,260080.0,0.0,2,0,0.00042393100512820185,0.0,False,0.0,exact,2248,0.0,2,0,0.7273146724084897,0.0,0.0,0.0,0.0,0.0,0.0,0.0,False,False,sample_only,260080.0,2,0.63,1.0
100000005409680100,terminal,0.63,43,0.484163,"Наблюдаемый получатель: входов=2, вход=55060.00 KZT; выход=0; глубина=0; вне выборки операции неизвестны; seed: вход неполон",0,True,2,0,55060.0,0.0,2,0,0.000633528818793162,0.0,False,0.0,exact,2248,0.0,2,1,0.599346167816927,0.0,0.0,0.0,0.0,0.0,0.0,0.0,True,False,seed_inflows_incomplete,55060.0,2,0.63,0.65
100000005413948100,peripheral,0.55,42,0.59176,"Мало связей: входов=2, выходов=1; оборот=33215.00 KZT; FIFO 1–7д=0%; в тот же день=?0%; правила иных ролей не выполнены",2,False,2,1,28215.0,5000.0,2,1,0.0018520392070328206,0.177210703526493,False,2.1796153652579615e-05,exact,2248,0.4674457429048414,2,0,0.822789296473507,1.0,0.0,0.0,0.0,0.0,0.0,1.0,False,False,sample_only,33215.0,3,0.55,1.0
100000005417257100,peripheral,0.55,47,0.346456,"Мало связей: входов=0, выходов=2; оборот=106000.00 KZT; FIFO 1–7д=0%; в тот же день=?0%; правила иных ролей не выполнены; seed: вход неполон",0,True,0,2,0.0,106000.0,0,2,0.0002855692942172909,,False,0.0,exact,2248,0.0,2,0,0.0,0.7547169811320755,0.0,0.0,0.0,0.0,0.0,1.0,True,False,seed_inflows_incomplete,106000.0,2,0.55,1.0
100000005432267100,terminal,0.63,2,0.529834,"Наблюдаемый получатель: входов=2, вход=350001.00 KZT; выход=0; глубина=1; вне выборки операции неизвестны",1,False,2,0,350001.0,0.0,2,0,0.0003423334858506325,0.0,False,0.0,exact,2248,0.0,2,1,0.7142836734752186,0.0,0.0,0.0,0.0,0.0,0.0,0.0,False,False,sample_only,350001.0,2,0.63,1.0
100000005454368100,terminal,0.63,12,0.430686,"Наблюдаемый получатель: входов=2, вход=48600.00 KZT; выход=0; глубина=0; вне выборки операции неизвестны; seed: вход неполон",0,True,2,0,48600.0,0.0,2,0,0.00039419296320819405,0.0,False,0.0,exact,2248,0.0,2,1,0.6090534979423868,0.0,0.0,0.0,0.0,0.0,0.0,0.0,True,False,seed_inflows_incomplete,48600.0,2,0.63,0.65
100000005456919100,peripheral,0.55,9,0.649484,"Мало связей: входов=2, выходов=1; оборот=484950.00 KZT; FIFO 1–7д=100%; в тот же день=?0%; правила иных ролей не выполнены",1,False,2,1,479950.0,5000.0,10,1,0.0013700274780428614,0.010417751849150954,False,0.0,exact,2248,0.0,2,0,0.5499531201166789,1.0,1.0,5000.0,1.0,0.0,0.0,0.0,False,False,sample_only,484950.0,11,0.55,1.0
100000005473151100,peripheral,0.3,18,0.878014,"Роль неоднозначна: входов=3, выходов=4; оборот=1445000.00 KZT; FIFO 1–7д=11%; в тот же день=?80%; правила иных ролей не выполнены",1,False,3,4,1220000.0,225000.0,4,6,0.00046826743371965174,0.18442622950819673,False,0.00024159762522697013,exact,2248,0.8480801335559266,6,2,0.8688524590163934,0.6666666666666666,0.1111111111111111,25000.0,0.1111111111111111,180000.0,0.8,0.08888888888888889,False,False,sample_only,1445000.0,10,0.3,1.0
100000005474472100,terminal,0.59,21,0.414771,"Наблюдаемый получатель: входов=1, вход=100000.00 KZT; выход=0; глубина=2; вне выборки операции неизвестны",2,False,1,0,100000.0,0.0,1,0,0.0005449540086863332,0.0,False,0.0,exact,2248,0.0,1,0,1.0,0.0,0.0,0.0,0.0,0.0,0.0,0.0,False,False,sample_only,100000.0,1,0.59,1.0
100000005475379100,peripheral,0.3,11,0.734737,"Роль неоднозначна: входов=1, выходов=3; оборот=189370.00 KZT; FIFO 1–7д=0%; в тот же день=?0%; правила иных ролей не выполнены",3,False,1,3,108370.0,81000.0,1,3,0.00042163877175037357,0.7474393282273692,False,6.538846095773885e-05,exact,2248,0.6861435726210351,4,0,1.0,0.5679012345679012,0.0,0.0,0.0,0.0,0.0,1.0,False,False,sample_only,189370.0,4,0.3,1.0
100000005480435100,peripheral,0.0,76,0.0,"Связей=0, операций=0; изолирован, данных для роли нет; seed: вход неполон",0,True,0,0,0.0,0.0,0,0,0.0002855692942172909,,False,0.0,exact,2248,0.0,0,0,0.0,0.0,0.0,0.0,0.0,0.0,0.0,0.0,True,False,no_operations;seed_inflows_incomplete,0.0,0,0.0,1.0
100000005481280100,distributor,0.709,3,0.585602,"Гипотеза распределения: входов=1, получателей=3; выход=50000.00 KZT; крупнейший выход=34%; источник средств неизвестен",2,False,1,3,32700.0,50000.0,1,3,0.0002959725024799912,1.529051987767584,False,4.3660134496595575e-05,exact,2248,0.6160267111853088,4,1,1.0,0.34,0.34,17000.0,0.34,0.0,0.0,0.66,False,False,sample_only,82700.0,4,0.709,1.0
100000005485830100,distributor,0.65,52,0.456415,"Гипотеза распределения: входов=0, получателей=5; выход=275885.00 KZT; крупнейший выход=43%; источник средств неизвестен; seed: вход неполон",0,True,0,5,0.0,275885.0,0,9,0.0002855692942172909,,False,0.0,exact,2248,0.0,5,0,0.0,0.4349638436304982,0.0,0.0,0.0,0.0,0.0,1.0,True,False,seed_inflows_incomplete,275885.0,9,0.734755,0.65
100000005493505100,consolidator,0.65,12,0.517575,Гипотеза сбора: отправителей=3; вход=62020.00 KZT; выход/вход=0.00; крупнейший вход=42%; seed: вход неполон,0,True,3,0,62020.0,0.0,3,0,0.0006174200765778783,0.0,False,0.0,exact,2248,0.0,3,1,0.4195420831989681,0.0,0.0,0.0,0.0,0.0,0.0,0.0,True,False,seed_inflows_incomplete,62020.0,3,0.818046,0.65
100000005495211100,peripheral,0.2,0,0.283277,"Вход=1, 14500.00 KZT; выход=0; глубина=4: обход обрезан, конечная роль неизвестна",4,False,1,0,14500.0,0.0,1,0,0.0005599644833584307,0.0,True,0.0,exact,2248,0.0,1,0,1.0,0.0,0.0,0.0,0.0,0.0,0.0,0.0,False,True,depth_outflows_incomplete,14500.0,1,0.2,1.0
100000005495722100,peripheral,0.0,77,0.0,"Связей=0, операций=0; изолирован, данных для роли нет; seed: вход неполон",0,True,0,0,0.0,0.0,0,0,0.0002855692942172909,,False,0.0,exact,2248,0.0,0,0,0.0,0.0,0.0,0.0,0.0,0.0,0.0,0.0,True,False,no_operations;seed_inflows_incomplete,0.0,0,0.0,1.0
100000005496254100,terminal,0.59,0,0.119863,"Наблюдаемый получатель: входов=1, вход=12700.00 KZT; выход=0; глубина=1; вне выборки операции неизвестны",1,False,1,0,12700.0,0.0,1,0,0.0002879524799916799,0.0,False,0.0,exact,2248,0.0,1,0,1.0,0.0,0.0,0.0,0.0,0.0,0.0,0.0,False,False,sample_only,12700.0,1,0.59,1.0
100000005497148100,peripheral,0.2,10,0.335004,"Вход=1, 24000.00 KZT; выход=0; глубина=4: обход обрезан, конечная роль неизвестна",4,False,1,0,24000.0,0.0,2,0,0.0004900139425044355,0.0,True,0.0,exact,2248,0.0,1,0,1.0,0.0,0.0,0.0,0.0,0.0,0.0,0.0,False,True,depth_outflows_incomplete,24000.0,2,0.2,1.0
100000005498992100,distributor,0.65,4,0.536866,"Гипотеза распределения: входов=0, получателей=16; выход=2262868.00 KZT; крупнейший выход=15%; источник средств неизвестен; seed: вход неполон",0,True,0,16,0.0,2262868.0,0,19,0.0002855692942172909,,False,0.0,exact,2248,0.0,16,3,0.0,0.1464071258243963,0.0,0.0,0.0,0.0,0.0,1.0,True,False,seed_inflows_incomplete,2262868.0,19,0.878039,0.65
100000005505655100,peripheral,0.55,13,0.637965,"Мало связей: входов=2, выходов=1; оборот=53070.00 KZT; FIFO 1–7д=100%; в тот же день=?0%; правила иных ролей не выполнены",1,False,2,1,33070.0,20000.0,2,1,0.00032150802112552193,0.6047777441790142,False,0.0002690834241836647,exact,2248,0.8580968280467446,2,1,0.6047777441790142,1.0,1.0,20000.0,1.0,0.0,0.0,0.0,False,False,sample_only,53070.0,3,0.55,1.0
100000005507142100,peripheral,0.3,26,0.634268,"Роль неоднозначна: входов=3, выходов=3; оборот=151000.00 KZT; FIFO 1–7д=23%; в тот же день=?0%; правила иных ролей не выполнены",2,False,3,3,51000.0,100000.0,3,4,0.000558950097758131,1.9607843137254901,False,4.5573775819030105e-06,exact,2248,0.18781302170283806,4,1,0.45098039215686275,0.4,0.3,23000.0,0.23,0.0,0.0,0.77,False,False,sample_only,151000.0,7,0.3,1.0
100000005514161100,consolidator,0.804658,1,0.813736,Гипотеза сбора: отправителей=4; вход=401500.00 KZT; выход/вход=0.12; крупнейший вход=57%,1,False,4,1,401500.0,50000.0,7,1,0.0008061423847001055,0.12453300124533001,False,4.042195768296583e-05,exact,2248,0.5959933222036727,5,2,0.5666251556662516,1.0,0.0,0.0,0.0,0.0,0.0,1.0,False,False,sample_only,451500.0,8,0.804658,1.0
100000005519347100,peripheral,0.3,16,0.603462,"Роль неоднозначна: входов=2, выходов=1; оборот=172100.00 KZT; FIFO 1–7д=51%; в тот же день=?0%; правила иных ролей не выполнены; seed: вход неполон",0,True,2,1,73100.0,99000.0,2,1,0.0005567200012967697,1.3543091655266757,False,1.5191258606343366e-06,exact,2248,0.12353923205342238,3,0,0.6853625170998632,1.0,1.0,50100.0,0.5060606060606061,0.0,0.0,0.49393939393939396,True,False,seed_inflows_incomplete,172100.0,3,0.3,1.0
100000005519998100,transit,0.803723,59,0.81693,"Гипотеза транзита: вход=182000.00, выход=188000.00 KZT; FIFO 1–7д=73%; в тот же день=?0%; те же деньги не установлены",2,False,3,3,182000.0,188000.0,5,8,0.0006524582538824906,1.032967032967033,False,5.98403491189004e-05,exact,2248,0.672787979966611,4,0,0.7802197802197802,0.75,0.7872340425531915,138000.0,0.7340425531914894,0.0,0.0,0.26595744680851063,False,False,sample_only,370000.0,13,0.803723,1.0
100000005523088100,terminal,0.59,47,0.573407,"Наблюдаемый получатель: входов=1, вход=700000.00 KZT; выход=0; глубина=0; вне выборки операции неизвестны; seed: вход неполон",0,True,1,0,700000.0,0.0,2,0,0.0017206377268585411,0.0,False,0.0,exact,2248,0.0,1,0,1.0,0.0,0.0,0.0,0.0,0.0,0.0,0.0,True,False,seed_inflows_incomplete,700000.0,2,0.59,0.65
100000005527892100,coordinator,0.880301,35,0.83086,"Гипотеза связующего: соседей=11, внешних сообществ=5; посредничество=0.00050; не доказательство управления",1,False,3,8,220001.0,552419.0,3,8,0.00031243167214621076,2.510984040981632,False,0.0004955713375099352,exact,2248,0.9015025041736227,11,5,0.5454566115608566,0.19731399535497512,0.5049066016918318,109000.0,0.19731399535497512,70000.0,0.1267154098609932,0.6759705947840317,False,False,sample_only,772420.0,11,0.880301,1.0
100000005530114100,peripheral,0.3,28,0.596863,"Роль неоднозначна: входов=2, выходов=1; оборот=161970.00 KZT; FIFO 1–7д=100%; в тот же день=?0%; правила иных ролей не выполнены",3,False,2,1,136970.0,25000.0,2,1,0.000494873801534529,0.1825217200846901,False,4.458304156209466e-06,exact,2248,0.18363939899833054,3,1,0.6570781923048843,1.0,1.0,25000.0,1.0,0.0,0.0,0.0,False,False,sample_only,161970.0,3,0.3,1.0
100000005532138100,terminal,0.59,1,0.207077,"Наблюдаемый получатель: входов=1, вход=25046.00 KZT; выход=0; глубина=3; вне выборки операции неизвестны",3,False,1,0,25046.0,0.0,1,0,0.00029379367547638114,0.0,False,0.0,exact,2248,0.0,1,0,1.0,0.0,0.0,0.0,0.0,0.0,0.0,0.0,False,False,sample_only,25046.0,1,0.59,1.0
100000005539201100,peripheral,0.55,16,0.505697,"Мало связей: входов=1, выходов=1; оборот=70504.00 KZT; FIFO 1–7д=0%; в тот же день=?0%; правила иных ролей не выполнены",1,False,1,1,45504.0,25000.0,1,1,0.0002904617957249677,0.5494022503516175,False,4.197410801883135e-05,exact,2248,0.6060100166944908,2,0,1.0,1.0,0.0,0.0,0.0,0.0,0.0,1.0,False,False,sample_only,70504.0,2,0.55,1.0
100000005539910100,peripheral,0.3,2,0.692659,"Роль неоднозначна: входов=1, выходов=2; оборот=124000.00 KZT; FIFO 1–7д=100%; в тот же день=?0%; правила иных ролей не выполнены",2,False,1,2,102000.0,22000.0,1,2,0.000498726301748055,0.21568627450980393,False,4.795153803567515e-05,exact,2248,0.6260434056761269,3,0,1.0,0.5454545454545454,1.0,22000.0,1.0,0.0,0.0,0.0,False,False,sample_only,124000.0,3,0.3,1.0
100000005543136100,peripheral,0.55,12,0.096983,"Мало связей: входов=0, выходов=1; оборот=10000.00 KZT; FIFO 1–7д=0%; в тот же день=?0%; правила иных ролей не выполнены; seed: вход неполон",0,True,0,1,0.0,10000.0,0,1,0.0002855692942172909,,False,0.0,exact,2248,0.0,1,0,0.0,1.0,0.0,0.0,0.0,0.0,0.0,1.0,True,False,seed_inflows_incomplete,10000.0,1,0.55,1.0
100000005546031100,consolidator,0.795629,68,0.558963,Гипотеза сбора: отправителей=3; вход=66800.00 KZT; выход/вход=0.12; крупнейший вход=46%,1,False,3,1,66800.0,8000.0,6,1,0.0007125289535173748,0.11976047904191617,False,5.944405541612623e-07,exact,2248,0.052587646076794656,3,0,0.46407185628742514,1.0,1.0,8000.0,1.0,0.0,0.0,0.0,False,False,sample_only,74800.0,7,0.795629,1.0
100000005547096100,peripheral,0.55,68,0.602898,"Мало связей: входов=1, выходов=2; оборот=234300.00 KZT; FIFO 1–7д=0%; в тот же день=?0%; правила иных ролей не выполнены",2,False,1,2,8000.0,226300.0,1,3,0.0008920567423173903,28.2875,False,3.962937027741748e-07,exact,2248,0.030884808013355594,2,0,1.0,0.9279717189571366,0.0,0.0,0.0,0.0,0.0,1.0,False,False,sample_only,234300.0,4,0.55,1.0
100000005550592100,peripheral,0.0,78,0.0,"Связей=0, операций=0; изолирован, данных для роли нет; seed: вход неполон",0,True,0,0,0.0,0.0,0,0,0.0002855692942172909,,False,0.0,exact,2248,0.0,0,0,0.0,0.0,0.0,0.0,0.0,0.0,0.0,0.0,True,False,no_operations;seed_inflows_incomplete,0.0,0,0.0,1.0
100000005553088100,peripheral,0.2,8,0.181079,"Вход=1, 17500.00 KZT; выход=0; глубина=4: обход обрезан, конечная роль неизвестна",4,False,1,0,17500.0,0.0,1,0,0.0002942853726110019,0.0,True,0.0,exact,2248,0.0,1,0,1.0,0.0,0.0,0.0,0.0,0.0,0.0,0.0,False,True,depth_outflows_incomplete,17500.0,1,0.2,1.0
100000005560900100,peripheral,0.0,79,0.0,"Связей=0, операций=0; изолирован, данных для роли нет; seed: вход неполон",0,True,0,0,0.0,0.0,0,0,0.0002855692942172909,,False,0.0,exact,2248,0.0,0,0,0.0,0.0,0.0,0.0,0.0,0.0,0.0,0.0,True,False,no_operations;seed_inflows_incomplete,0.0,0,0.0,1.0
100000005561741100,terminal,0.59,18,0.265197,"Наблюдаемый получатель: входов=1, вход=25000.00 KZT; выход=0; глубина=2; вне выборки операции неизвестны",2,False,1,0,25000.0,0.0,1,0,0.00032984571931941946,0.0,False,0.0,exact,2248,0.0,1,0,1.0,0.0,0.0,0.0,0.0,0.0,0.0,0.0,False,False,sample_only,25000.0,1,0.59,1.0
100000005567828100,peripheral,0.2,18,0.350258,"Вход=1, 94000.00 KZT; выход=0; глубина=4: обход обрезан, конечная роль неизвестна",4,False,1,0,94000.0,0.0,1,0,0.0003207562214579207,0.0,True,0.0,exact,2248,0.0,1,0,1.0,0.0,0.0,0.0,0.0,0.0,0.0,0.0,False,True,depth_outflows_incomplete,94000.0,1,0.2,1.0
100000005568407100,peripheral,0.0,80,0.0,"Связей=0, операций=0; изолирован, данных для роли нет; seed: вход неполон",0,True,0,0,0.0,0.0,0,0,0.0002855692942172909,,False,0.0,exact,2248,0.0,0,0,0.0,0.0,0.0,0.0,0.0,0.0,0.0,0.0,True,False,no_operations;seed_inflows_incomplete,0.0,0,0.0,1.0
100000005572303100,peripheral,0.55,16,0.572316,"Мало связей: входов=1, выходов=1; оборот=95000.00 KZT; FIFO 1–7д=0%; в тот же день=?0%; правила иных ролей не выполнены",2,False,1,1,75000.0,20000.0,1,1,0.0003132762393993454,0.26666666666666666,False,3.844048916909496e-05,exact,2248,0.5450751252086812,2,0,1.0,1.0,0.0,0.0,0.0,0.0,0.0,1.0,False,False,sample_only,95000.0,2,0.55,1.0
100000005578559100,coordinator,0.849144,18,0.895654,"Гипотеза связующего: соседей=23, внешних сообществ=3; посредничество=0.00097; не доказательство управления",2,False,2,21,131000.0,893163.67,2,23,0.0003910151132301349,6.818043282442749,False,0.0009667514112443352,exact,2248,0.9332220367278798,23,3,0.6106870229007634,0.12634078589425832,0.3245034249993621,53000.0,0.05933962808854507,78000.0,0.08733001869634935,0.8533303532151055,False,False,sample_only,1024163.67,25,0.849144,1.0
100000005584222100,peripheral,0.3,0,0.775664,"Роль неоднозначна: входов=2, выходов=2; оборот=301304.00 KZT; FIFO 1–7д=46%; в тот же день=?37%; правила иных ролей не выполнены",1,False,2,2,192717.0,108587.0,6,3,0.000875917424791928,0.5634531463233653,False,3.863863602048205e-05,exact,2248,0.5609348914858097,3,0,0.7068239958073237,0.5065063037011797,0.8618619171724056,50000.0,0.46046027609198154,40000.0,0.36836822087358523,0.1711715030344332,False,False,sample_only,301304.0,9,0.3,1.0
100000005588444100,terminal,0.59,1,0.108917,"Наблюдаемый получатель: входов=1, вход=12300.00 KZT; выход=0; глубина=1; вне выборки операции неизвестны",1,False,1,0,12300.0,0.0,1,0,0.00028627460375392564,0.0,False,0.0,exact,2248,0.0,1,0,1.0,0.0,0.0,0.0,0.0,0.0,0.0,0.0,False,False,sample_only,12300.0,1,0.59,1.0
100000005589319100,peripheral,0.2,2,0.247858,"Вход=1, 26000.00 KZT; выход=0; глубина=4: обход обрезан, конечная роль неизвестна",4,False,1,0,26000.0,0.0,1,0,0.00030995557415139477,0.0,True,0.0,exact,2248,0.0,1,0,1.0,0.0,0.0,0.0,0.0,0.0,0.0,0.0,False,True,depth_outflows_incomplete,26000.0,1,0.2,1.0
100000005602999100,peripheral,0.55,11,0.488551,"Мало связей: входов=1, выходов=2; оборот=21000.00 KZT; FIFO 1–7д=31%; в тот же день=?0%; правила иных ролей не выполнены",2,False,1,2,5000.0,16000.0,1,3,0.0003048459777394544,3.2,False,4.200713249406253e-05,exact,2248,0.6076794657762938,2,0,1.0,0.6875,0.6875,5000.0,0.3125,0.0,0.0,0.6875,False,False,sample_only,21000.0,4,0.55,1.0
100000005608515100,terminal,0.59,1,0.321658,"Наблюдаемый получатель: входов=1, вход=64000.00 KZT; выход=0; глубина=2; вне выборки операции неизвестны",2,False,1,0,64000.0,0.0,4,0,0.0002931596353300166,0.0,False,0.0,exact,2248,0.0,1,0,1.0,0.0,0.0,0.0,0.0,0.0,0.0,0.0,False,False,sample_only,64000.0,4,0.59,1.0
100000005610717100,peripheral,0.3,0,0.694756,"Роль неоднозначна: входов=4, выходов=1; оборот=749700.00 KZT; FIFO 1–7д=75%; в тот же день=?8%; правила иных ролей не выполнены",3,False,4,1,484500.0,265200.0,6,7,0.00034454483671221423,0.5473684210526316,False,1.922024458454748e-05,exact,2248,0.2871452420701169,5,1,0.3843137254901961,1.0,0.8378582202111614,200100.0,0.754524886877828,22100.0,0.08333333333333333,0.16214177978883862,False,False,sample_only,749700.0,13,0.3,1.0
100000005612411100,distributor,0.800828,2,0.820135,"Гипотеза распределения: входов=3, получателей=8; выход=506997.00 KZT; крупнейший выход=39%; источник средств неизвестен",1,False,3,8,115500.0,506997.0,4,8,0.00032720608268876,4.389584415584416,False,0.00015534713148747652,exact,2248,0.8130217028380634,11,1,0.5627705627705628,0.3944796517533634,0.38625672341256456,0.0,0.0,115500.0,0.22781199888756737,0.7721880011124326,False,False,sample_only,622497.0,12,0.800828,1.0
100000005614315100,terminal,0.59,16,0.501783,"Наблюдаемый получатель: входов=1, вход=455000.00 KZT; выход=0; глубина=2; вне выборки операции неизвестны",2,False,1,0,455000.0,0.0,1,0,0.0005750924282981935,0.0,False,0.0,exact,2248,0.0,1,0,1.0,0.0,0.0,0.0,0.0,0.0,0.0,0.0,False,False,sample_only,455000.0,1,0.59,1.0
100000005616568100,peripheral,0.2,10,0.482088,"Вход=1, 530000.00 KZT; выход=0; глубина=4: обход обрезан, конечная роль неизвестна",4,False,1,0,530000.0,0.0,1,0,0.0004319554143337925,0.0,True,0.0,exact,2248,0.0,1,0,1.0,0.0,0.0,0.0,0.0,0.0,0.0,0.0,False,True,depth_outflows_incomplete,530000.0,1,0.2,1.0
100000005619339100,peripheral,0.55,16,0.302782,"Мало связей: входов=1, выходов=1; оборот=10442.60 KZT; FIFO 1–7д=0%; в тот же день=?0%; правила иных ролей не выполнены",2,False,1,1,5000.0,5442.6,1,1,0.0003208258534858518,1.0885200000000002,False,0.0,exact,2248,0.0,2,1,1.0,1.0,0.0,0.0,0.0,0.0,0.0,1.0,False,False,sample_only,10442.6,2,0.55,1.0
100000005620225100,terminal,0.63,0,0.356842,"Наблюдаемый получатель: входов=2, вход=49845.66 KZT; выход=0; глубина=1; вне выборки операции неизвестны",1,False,2,0,49845.66,0.0,2,0,0.000296236243145001,0.0,False,0.0,exact,2248,0.0,2,0,0.8811800265058181,0.0,0.0,0.0,0.0,0.0,0.0,0.0,False,False,sample_only,49845.66,2,0.63,1.0
100000005621418100,peripheral,0.2,14,0.256157,"Вход=1, 30000.00 KZT; выход=0; глубина=4: обход обрезан, конечная роль неизвестна",4,False,1,0,30000.0,0.0,1,0,0.00030782638639647333,0.0,True,0.0,exact,2248,0.0,1,0,1.0,0.0,0.0,0.0,0.0,0.0,0.0,0.0,False,True,depth_outflows_incomplete,30000.0,1,0.2,1.0
100000005628518100,terminal,0.59,43,0.436844,"Наблюдаемый получатель: входов=1, вход=77000.00 KZT; выход=0; глубина=3; вне выборки операции неизвестны",3,False,1,0,77000.0,0.0,3,0,0.0005329929869212514,0.0,False,0.0,exact,2248,0.0,1,0,1.0,0.0,0.0,0.0,0.0,0.0,0.0,0.0,False,False,sample_only,77000.0,3,0.59,1.0
100000005634552100,distributor,0.664808,0,0.644319,"Гипотеза распределения: входов=1, получателей=3; выход=1196000.00 KZT; крупнейший выход=63%; источник средств неизвестен",1,False,1,3,25850.0,1196000.0,1,4,0.00028834863590095484,46.2669245647969,False,2.917712386674862e-05,exact,2248,0.5158597662771286,4,1,1.0,0.6346153846153846,0.0,0.0,0.0,0.0,0.0,1.0,False,False,sample_only,1221850.0,5,0.664808,1.0
100000005636951100,peripheral,0.2,46,0.363201,"Вход=1, 40000.00 KZT; выход=0; глубина=4: обход обрезан, конечная роль неизвестна",4,False,1,0,40000.0,0.0,1,0,0.0006355890351888365,0.0,True,0.0,exact,2248,0.0,1,0,1.0,0.0,0.0,0.0,0.0,0.0,0.0,0.0,False,True,depth_outflows_incomplete,40000.0,1,0.2,1.0
100000005660203100,peripheral,0.55,16,0.7483,"Мало связей: входов=1, выходов=2; оборот=613899.00 KZT; FIFO 1–7д=100%; в тот же день=?0%; правила иных ролей не выполнены",2,False,1,2,572899.0,41000.0,12,5,0.0009492504038791965,0.07156584319400104,False,1.9418391435934565e-05,exact,2248,0.3614357262103506,2,0,1.0,0.5609756097560976,1.0,41000.0,1.0,0.0,0.0,0.0,False,False,sample_only,613899.0,17,0.55,1.0
100000005661528100,terminal,0.59,8,0.190635,"Наблюдаемый получатель: входов=1, вход=25000.00 KZT; выход=0; глубина=3; вне выборки операции неизвестны",3,False,1,0,25000.0,0.0,1,0,0.0002910914967995321,0.0,False,0.0,exact,2248,0.0,1,0,1.0,0.0,0.0,0.0,0.0,0.0,0.0,0.0,False,False,sample_only,25000.0,1,0.59,1.0
100000005661829100,peripheral,0.3,43,0.4446,"Роль неоднозначна: входов=1, выходов=2; оборот=78152.00 KZT; FIFO 1–7д=43%; в тот же день=?41%; правила иных ролей не выполнены",3,False,1,2,37790.0,40362.0,1,4,0.0002920319635832895,1.0680603334215402,False,2.229209894062771e-06,exact,2248,0.15358931552587646,3,1,1.0,0.837173579109063,0.42837322233784253,17290.0,0.42837322233784253,16500.0,0.40880035677122045,0.16282642089093702,False,False,sample_only,78152.0,5,0.3,1.0
100000005664632100,terminal,0.59,72,0.485543,"Наблюдаемый получатель: входов=1, вход=198620.00 KZT; выход=0; глубина=2; вне выборки операции неизвестны",2,False,1,0,198620.0,0.0,18,0,0.00036514203992280307,0.0,False,0.0,exact,2248,0.0,1,0,1.0,0.0,0.0,0.0,0.0,0.0,0.0,0.0,False,False,sample_only,198620.0,18,0.59,1.0
100000005664922100,peripheral,0.3,21,0.71003,"Роль неоднозначна: входов=2, выходов=3; оборот=559000.00 KZT; FIFO 1–7д=0%; в тот же день=?0%; правила иных ролей не выполнены",2,False,2,3,22000.0,537000.0,2,4,0.000805965857632334,24.40909090909091,False,3.962937027741748e-06,exact,2248,0.17529215358931552,4,1,0.7727272727272727,0.9497206703910615,0.0,0.0,0.0,0.0,0.0,1.0,False,False,sample_only,559000.0,6,0.3,1.0
100000005665181100,distributor,0.841522,10,0.813165,"Гипотеза распределения: входов=4, получателей=11; выход=181915.00 KZT; крупнейший выход=39%; источник средств неизвестен",2,False,4,11,45498.0,181915.0,5,11,0.00039853973458055356,3.998307617917271,False,0.0002683210247526526,exact,2248,0.8564273789649416,14,3,0.4065673216405117,0.3898524035950856,0.23689635269219142,13000.0,0.07146194651348158,5000.0,0.027485364043646758,0.9010526894428716,False,False,sample_only,227413.0,16,0.841522,1.0
100000005667841100,terminal,0.63,42,0.472589,"Наблюдаемый получатель: входов=2, вход=186000.00 KZT; выход=0; глубина=3; вне выборки операции неизвестны",3,False,2,0,186000.0,0.0,2,0,0.00031222556371948533,0.0,False,0.0,exact,2248,0.0,2,0,0.5376344086021505,0.0,0.0,0.0,0.0,0.0,0.0,0.0,False,False,sample_only,186000.0,2,0.63,1.0
100000005668605100,consolidator,0.65,47,0.551245,Гипотеза сбора: отправителей=3; вход=94500.00 KZT; выход/вход=0.00; крупнейший вход=57%; seed: вход неполон,0,True,3,0,94500.0,0.0,3,0,0.0008383018688148934,0.0,False,0.0,exact,2248,0.0,3,0,0.5714285714285714,0.0,0.0,0.0,0.0,0.0,0.0,0.0,True,False,seed_inflows_incomplete,94500.0,3,0.802857,0.65
100000005669845100,terminal,0.59,27,0.238212,"Наблюдаемый получатель: входов=1, вход=20000.00 KZT; выход=0; глубина=1; вне выборки операции неизвестны",1,False,1,0,20000.0,0.0,1,0,0.0003175358448925586,0.0,False,0.0,exact,2248,0.0,1,0,1.0,0.0,0.0,0.0,0.0,0.0,0.0,0.0,False,False,sample_only,20000.0,1,0.59,1.0
100000005674387100,terminal,0.59,22,0.186642,"Наблюдаемый получатель: входов=1, вход=26200.00 KZT; выход=0; глубина=3; вне выборки операции неизвестны",3,False,1,0,26200.0,0.0,1,0,0.00028965853203188175,0.0,False,0.0,exact,2248,0.0,1,0,1.0,0.0,0.0,0.0,0.0,0.0,0.0,0.0,False,False,sample_only,26200.0,1,0.59,1.0
100000005685783100,peripheral,0.2,22,0.316857,"Вход=1, 26150.00 KZT; выход=0; глубина=4: обход обрезан, конечная роль неизвестна",4,False,1,0,26150.0,0.0,1,0,0.0005320610913052177,0.0,True,0.0,exact,2248,0.0,1,0,1.0,0.0,0.0,0.0,0.0,0.0,0.0,0.0,False,True,depth_outflows_incomplete,26150.0,1,0.2,1.0
100000005704413100,coordinator,0.895993,18,0.954099,"Гипотеза связующего: соседей=34, внешних сообществ=4; посредничество=0.00256; не доказательство управления",3,False,3,32,97834.67,1363593.0,4,35,0.000599688803298592,13.9377278014021,False,0.0025627562605435084,exact,2248,0.9799666110183639,34,4,0.41907434245958003,0.06966888213711862,0.6424900978517784,11000.0,0.008066923194824263,86834.67,0.06368078304890096,0.9282522937562748,False,False,sample_only,1461427.67,39,0.895993,1.0
100000005709551100,terminal,0.59,12,0.206449,"Наблюдаемый получатель: входов=1, вход=24560.00 KZT; выход=0; глубина=3; вне выборки операции неизвестны",3,False,1,0,24560.0,0.0,1,0,0.0002946608436289569,0.0,False,0.0,exact,2248,0.0,1,0,1.0,0.0,0.0,0.0,0.0,0.0,0.0,0.0,False,False,sample_only,24560.0,1,0.59,1.0
100000005711521100,peripheral,0.2,12,0.459208,"Вход=1, 238000.00 KZT; выход=0; глубина=4: обход обрезан, конечная роль неизвестна",4,False,1,0,238000.0,0.0,1,0,0.0005338432844113278,0.0,True,0.0,exact,2248,0.0,1,0,1.0,0.0,0.0,0.0,0.0,0.0,0.0,0.0,False,True,depth_outflows_incomplete,238000.0,1,0.2,1.0
100000005723580100,peripheral,0.2,42,0.298082,"Вход=1, 35000.00 KZT; выход=0; глубина=4: обход обрезан, конечная роль неизвестна",4,False,1,0,35000.0,0.0,1,0,0.00034433622437463404,0.0,True,0.0,exact,2248,0.0,1,0,1.0,0.0,0.0,0.0,0.0,0.0,0.0,0.0,False,True,depth_outflows_incomplete,35000.0,1,0.2,1.0
100000005730108100,terminal,0.59,0,0.216252,"Наблюдаемый получатель: входов=1, вход=8000.00 KZT; выход=0; глубина=2; вне выборки операции неизвестны",2,False,1,0,8000.0,0.0,1,0,0.0003586642630336029,0.0,False,0.0,exact,2248,0.0,1,0,1.0,0.0,0.0,0.0,0.0,0.0,0.0,0.0,False,False,sample_only,8000.0,1,0.59,1.0
100000005744674100,peripheral,0.55,47,0.238952,"Мало связей: входов=0, выходов=1; оборот=50066.00 KZT; FIFO 1–7д=0%; в тот же день=?0%; правила иных ролей не выполнены; seed: вход неполон",0,True,0,1,0.0,50066.0,0,2,0.0002855692942172909,,False,0.0,exact,2248,0.0,1,0,0.0,1.0,0.0,0.0,0.0,0.0,0.0,1.0,True,False,seed_inflows_incomplete,50066.0,2,0.55,1.0
100000005745873100,peripheral,0.2,62,0.395368,"Вход=1, 223000.00 KZT; выход=0; глубина=4: обход обрезан, конечная роль неизвестна",4,False,1,0,223000.0,0.0,1,0,0.0003163211975392906,0.0,True,0.0,exact,2248,0.0,1,0,1.0,0.0,0.0,0.0,0.0,0.0,0.0,0.0,False,True,depth_outflows_incomplete,223000.0,1,0.2,1.0
100000005754335100,terminal,0.59,63,0.330765,"Наблюдаемый получатель: входов=1, вход=44037.00 KZT; выход=0; глубина=3; вне выборки операции неизвестны",3,False,1,0,44037.0,0.0,1,0,0.00040462407841393883,0.0,False,0.0,exact,2248,0.0,1,0,1.0,0.0,0.0,0.0,0.0,0.0,0.0,0.0,False,False,sample_only,44037.0,1,0.59,1.0
100000005756189100,peripheral,0.55,10,0.433742,"Мало связей: входов=1, выходов=1; оборот=114050.00 KZT; FIFO 1–7д=0%; в тот же день=?100%; правила иных ролей не выполнены",3,False,1,1,65000.0,49050.0,1,1,0.0002876758905321063,0.7546153846153846,False,1.922024458454748e-05,exact,2248,0.2871452420701169,2,0,1.0,1.0,0.0,0.0,0.0,49050.0,1.0,0.0,False,False,sample_only,114050.0,2,0.55,1.0
100000005756535100,terminal,0.59,22,0.300886,"Наблюдаемый получатель: входов=1, вход=20000.00 KZT; выход=0; глубина=3; вне выборки операции неизвестны",3,False,1,0,20000.0,0.0,1,0,0.0005415991635083555,0.0,False,0.0,exact,2248,0.0,1,0,1.0,0.0,0.0,0.0,0.0,0.0,0.0,0.0,False,False,sample_only,20000.0,1,0.59,1.0
100000005767403100,peripheral,0.2,59,0.580361,"Вход=1, 1100000.00 KZT; выход=0; глубина=4: обход обрезан, конечная роль неизвестна",4,False,1,0,1100000.0,0.0,2,0,0.0010818599457011425,0.0,True,0.0,exact,2248,0.0,1,0,1.0,0.0,0.0,0.0,0.0,0.0,0.0,0.0,False,True,depth_outflows_incomplete,1100000.0,2,0.2,1.0
100000005778283100,consolidator,0.816152,1,0.609859,Гипотеза сбора: отправителей=3; вход=615760.00 KZT; выход/вход=0.00; крупнейший вход=44%,1,False,3,0,615760.0,0.0,3,0,0.0004375840554275676,0.0,False,0.0,exact,2248,0.0,3,0,0.4384825256593478,0.0,0.0,0.0,0.0,0.0,0.0,0.0,False,False,sample_only,615760.0,3,0.816152,1.0
100000005782781100,coordinator,0.881636,1,0.908483,"Гипотеза связующего: соседей=16, внешних сообществ=5; посредничество=0.00057; не доказательство управления",2,False,6,10,171888.0,1263597.0,10,10,0.0004875096527600848,7.351281066741134,False,0.0005683243291461325,exact,2248,0.9081803005008348,16,5,0.2658009866890068,0.2558489771659793,1.0,58700.0,0.046454684523625805,113188.0,0.08957602780000269,0.8639692876763715,False,False,sample_only,1435485.0,20,0.881636,1.0
100000005782886100,peripheral,0.2,4,0.239715,"Вход=1, 14000.00 KZT; выход=0; глубина=4: обход обрезан, конечная роль неизвестна",4,False,1,0,14000.0,0.0,1,0,0.0003635318365000818,0.0,True,0.0,exact,2248,0.0,1,0,1.0,0.0,0.0,0.0,0.0,0.0,0.0,0.0,False,True,depth_outflows_incomplete,14000.0,1,0.2,1.0
100000005783452100,peripheral,0.2,24,0.499821,"Вход=2, 286500.00 KZT; выход=0; глубина=4: обход обрезан, конечная роль неизвестна",4,False,2,0,286500.0,0.0,2,0,0.0003144185669015849,0.0,True,0.0,exact,2248,0.0,2,1,0.6980802792321117,0.0,0.0,0.0,0.0,0.0,0.0,0.0,False,True,depth_outflows_incomplete,286500.0,2,0.2,1.0
100000005799271100,terminal,0.59,11,0.390253,"Наблюдаемый получатель: входов=1, вход=45000.00 KZT; выход=0; глубина=2; вне выборки операции неизвестны",2,False,1,0,45000.0,0.0,2,0,0.0005366730310712545,0.0,False,0.0,exact,2248,0.0,1,0,1.0,0.0,0.0,0.0,0.0,0.0,0.0,0.0,False,False,sample_only,45000.0,2,0.59,1.0
100000005807278100,terminal,0.59,52,0.138257,"Наблюдаемый получатель: входов=1, вход=8385.00 KZT; выход=0; глубина=1; вне выборки операции неизвестны",1,False,1,0,8385.0,0.0,1,0,0.0002929553322377627,0.0,False,0.0,exact,2248,0.0,1,0,1.0,0.0,0.0,0.0,0.0,0.0,0.0,0.0,False,False,sample_only,8385.0,1,0.59,1.0
100000005809252100,terminal,0.59,10,0.323789,"Наблюдаемый получатель: входов=1, вход=25000.00 KZT; выход=0; глубина=2; вне выборки операции неизвестны",2,False,1,0,25000.0,0.0,1,0,0.000567128634229815,0.0,False,0.0,exact,2248,0.0,1,0,1.0,0.0,0.0,0.0,0.0,0.0,0.0,0.0,False,False,sample_only,25000.0,1,0.59,1.0
100000005815602100,peripheral,0.55,16,0.635648,"Мало связей: входов=1, выходов=1; оборот=185000.00 KZT; FIFO 1–7д=0%; в тот же день=?0%; правила иных ролей не выполнены",3,False,1,1,20000.0,165000.0,1,1,0.0005521710322392155,8.25,False,1.9418391435934565e-05,exact,2248,0.3614357262103506,2,0,1.0,1.0,0.0,0.0,0.0,0.0,0.0,1.0,False,False,sample_only,185000.0,2,0.55,1.0
100000005820746100,peripheral,0.55,21,0.602546,"Мало связей: входов=1, выходов=1; оборот=2049000.00 KZT; FIFO 1–7д=100%; в тот же день=?0%; правила иных ролей не выполнены",3,False,1,1,1989000.0,60000.0,2,1,0.0009894619054566852,0.030165912518853696,False,0.0,exact,2248,0.0,1,0,1.0,1.0,1.0,60000.0,1.0,0.0,0.0,0.0,False,False,sample_only,2049000.0,3,0.55,1.0
100000005830339100,peripheral,0.3,2,0.679588,"Роль неоднозначна: входов=5, выходов=1; оборот=815592.00 KZT; FIFO 1–7д=15%; в тот же день=?0%; правила иных ролей не выполнены",3,False,5,1,476341.0,339251.0,12,1,0.00036360006135440447,0.7122019729563485,False,3.797814651585842e-06,exact,2248,0.17362270450751252,6,3,0.3035745400878782,1.0,1.0,50838.0,0.14985364818379313,0.0,0.0,0.8501463518162069,False,False,sample_only,815592.0,13,0.3,1.0
100000005834479100,peripheral,0.3,8,0.305747,"Роль неоднозначна: входов=1, выходов=2; оборот=21970.00 KZT; FIFO 1–7д=0%; в тот же день=?0%; правила иных ролей не выполнены",2,False,1,2,7500.0,14470.0,1,2,0.00028675165047446034,1.9293333333333333,False,1.9811752130374257e-06,exact,2248,0.14524207011686144,3,1,1.0,0.6219765031098825,0.0,0.0,0.0,0.0,0.0,1.0,False,False,sample_only,21970.0,3,0.3,1.0
100000005844459100,terminal,0.63,0,0.510319,"Наблюдаемый получатель: входов=2, вход=243400.00 KZT; выход=0; глубина=1; вне выборки операции неизвестны",1,False,2,0,243400.0,0.0,2,0,0.00033808255774742736,0.0,False,0.0,exact,2248,0.0,2,0,0.6162695152013147,0.0,0.0,0.0,0.0,0.0,0.0,0.0,False,False,sample_only,243400.0,2,0.63,1.0
100000005847078100,terminal,0.59,22,0.136126,"Наблюдаемый получатель: входов=1, вход=16300.00 KZT; выход=0; глубина=3; вне выборки операции неизвестны",3,False,1,0,16300.0,0.0,1,0,0.0002881133620179714,0.0,False,0.0,exact,2248,0.0,1,0,1.0,0.0,0.0,0.0,0.0,0.0,0.0,0.0,False,False,sample_only,16300.0,1,0.59,1.0
100000005849100100,terminal,0.59,2,0.32675,"Наблюдаемый получатель: входов=1, вход=33300.00 KZT; выход=0; глубина=2; вне выборки операции неизвестны",2,False,1,0,33300.0,0.0,1,0,0.0004907169210974125,0.0,False,0.0,exact,2248,0.0,1,0,1.0,0.0,0.0,0.0,0.0,0.0,0.0,0.0,False,False,sample_only,33300.0,1,0.59,1.0
100000005849862100,peripheral,0.2,1,0.309993,"Вход=1, 13000.00 KZT; выход=0; глубина=4: обход обрезан, конечная роль неизвестна",4,False,1,0,13000.0,0.0,2,0,0.0005484355639203494,0.0,True,0.0,exact,2248,0.0,1,0,1.0,0.0,0.0,0.0,0.0,0.0,0.0,0.0,False,True,depth_outflows_incomplete,13000.0,2,0.2,1.0
100000005852946100,terminal,0.59,2,0.180922,"Наблюдаемый получатель: входов=1, вход=23746.00 KZT; выход=0; глубина=1; вне выборки операции неизвестны",1,False,1,0,23746.0,0.0,1,0,0.00029032410857340684,0.0,False,0.0,exact,2248,0.0,1,0,1.0,0.0,0.0,0.0,0.0,0.0,0.0,0.0,False,False,sample_only,23746.0,1,0.59,1.0
100000005857058100,consolidator,0.811121,0,0.489536,Гипотеза сбора: отправителей=3; вход=80222.00 KZT; выход/вход=0.00; крупнейший вход=49%,3,False,3,0,80222.0,0.0,3,0,0.0003899337552291797,0.0,False,0.0,exact,2248,0.0,3,1,0.4887935977661988,0.0,0.0,0.0,0.0,0.0,0.0,0.0,False,False,sample_only,80222.0,3,0.811121,1.0
100000005873152100,peripheral,0.55,11,0.385424,"Мало связей: входов=1, выходов=1; оборот=20000.00 KZT; FIFO 1–7д=0%; в тот же день=?0%; правила иных ролей не выполнены",3,False,1,1,10000.0,10000.0,1,1,0.0004674555308962058,1.0,False,3.962937027741748e-07,exact,2248,0.030884808013355594,2,0,1.0,1.0,0.0,0.0,0.0,0.0,0.0,1.0,False,False,sample_only,20000.0,2,0.55,1.0
100000005877725100,terminal,0.59,22,0.299159,"Наблюдаемый получатель: входов=1, вход=70000.00 KZT; выход=0; глубина=1; вне выборки операции неизвестны",1,False,1,0,70000.0,0.0,1,0,0.0003002614742736321,0.0,False,0.0,exact,2248,0.0,1,0,1.0,0.0,0.0,0.0,0.0,0.0,0.0,0.0,False,False,sample_only,70000.0,1,0.59,1.0
100000005878334100,peripheral,0.2,8,0.402703,"Вход=1, 76400.00 KZT; выход=0; глубина=4: обход обрезан, конечная роль неизвестна",4,False,1,0,76400.0,0.0,2,0,0.0003989642564463486,0.0,True,0.0,exact,2248,0.0,1,0,1.0,0.0,0.0,0.0,0.0,0.0,0.0,0.0,False,True,depth_outflows_incomplete,76400.0,2,0.2,1.0
100000005882013100,peripheral,0.55,12,0.535666,"Мало связей: входов=2, выходов=1; оборот=145000.00 KZT; FIFO 1–7д=100%; в тот же день=?0%; правила иных ролей не выполнены",2,False,2,1,135000.0,10000.0,3,1,0.0005264244942722106,0.07407407407407407,False,0.0,exact,2248,0.0,2,0,0.8888888888888888,1.0,1.0,10000.0,1.0,0.0,0.0,0.0,False,False,sample_only,145000.0,4,0.55,1.0
100000005888829100,peripheral,0.2,4,0.380698,"Вход=1, 197000.00 KZT; выход=0; глубина=4: обход обрезан, конечная роль неизвестна",4,False,1,0,197000.0,0.0,1,0,0.00031148616447209,0.0,True,0.0,exact,2248,0.0,1,0,1.0,0.0,0.0,0.0,0.0,0.0,0.0,0.0,False,True,depth_outflows_incomplete,197000.0,1,0.2,1.0
100000005893892100,terminal,0.59,10,0.274237,"Наблюдаемый получатель: входов=1, вход=102780.00 KZT; выход=0; глубина=3; вне выборки операции неизвестны",3,False,1,0,102780.0,0.0,1,0,0.0002889003091286252,0.0,False,0.0,exact,2248,0.0,1,0,1.0,0.0,0.0,0.0,0.0,0.0,0.0,0.0,False,False,sample_only,102780.0,1,0.59,1.0
100000005895525100,terminal,0.59,52,0.442586,"Наблюдаемый получатель: входов=1, вход=120000.00 KZT; выход=0; глубина=1; вне выборки операции неизвестны",1,False,1,0,120000.0,0.0,3,0,0.0003912728794834347,0.0,False,0.0,exact,2248,0.0,1,0,1.0,0.0,0.0,0.0,0.0,0.0,0.0,0.0,False,False,sample_only,120000.0,3,0.59,1.0
100000005897462100,terminal,0.59,11,0.321927,"Наблюдаемый получатель: входов=1, вход=98400.00 KZT; выход=0; глубина=1; вне выборки операции неизвестны",1,False,1,0,98400.0,0.0,1,0,0.0003004936394973039,0.0,False,0.0,exact,2248,0.0,1,0,1.0,0.0,0.0,0.0,0.0,0.0,0.0,0.0,False,False,sample_only,98400.0,1,0.59,1.0
100000005901606100,terminal,0.59,22,0.227804,"Наблюдаемый получатель: входов=1, вход=35660.00 KZT; выход=0; глубина=1; вне выборки операции неизвестны",1,False,1,0,35660.0,0.0,1,0,0.0002930539105145642,0.0,False,0.0,exact,2248,0.0,1,0,1.0,0.0,0.0,0.0,0.0,0.0,0.0,0.0,False,False,sample_only,35660.0,1,0.59,1.0
100000005904580100,terminal,0.63,7,0.476133,"Наблюдаемый получатель: входов=2, вход=72000.00 KZT; выход=0; глубина=2; вне выборки операции неизвестны",2,False,2,0,72000.0,0.0,2,0,0.0005227099859368698,0.0,False,0.0,exact,2248,0.0,2,0,0.7361111111111112,0.0,0.0,0.0,0.0,0.0,0.0,0.0,False,False,sample_only,72000.0,2,0.63,1.0
100000005910114100,coordinator,0.898998,0,0.914416,"Гипотеза связующего: соседей=22, внешних сообществ=6; посредничество=0.00584; не доказательство управления",3,False,3,19,326144.0,1469993.0,3,56,0.0003616504127742257,4.507190075549451,False,0.005842206056572952,exact,2248,0.994991652754591,22,6,0.4322231897566719,0.16443071497619377,0.5986933271110815,141158.0,0.09602630760826752,184986.0,0.12584141557136666,0.7781322768203658,False,False,sample_only,1796137.0,59,0.898998,1.0
100000005910895100,peripheral,0.2,11,0.255395,"Вход=1, 5100.00 KZT; выход=0; глубина=4: обход обрезан, конечная роль неизвестна",4,False,1,0,5100.0,0.0,1,0,0.0005976000607837528,0.0,True,0.0,exact,2248,0.0,1,0,1.0,0.0,0.0,0.0,0.0,0.0,0.0,0.0,False,True,depth_outflows_incomplete,5100.0,1,0.2,1.0
100000005911352100,peripheral,0.3,19,0.6782,"Роль неоднозначна: входов=2, выходов=3; оборот=39000.00 KZT; FIFO 1–7д=33%; в тот же день=?0%; правила иных ролей не выполнены",2,False,2,3,15000.0,24000.0,2,3,0.000551734499856716,1.6,False,9.7488250882447e-05,exact,2248,0.7429048414023373,4,0,0.5333333333333333,0.4166666666666667,0.4166666666666667,8000.0,0.3333333333333333,0.0,0.0,0.6666666666666666,False,False,sample_only,39000.0,5,0.3,1.0
100000005931985100,terminal,0.59,24,0.325965,"Наблюдаемый получатель: входов=1, вход=76000.00 KZT; выход=0; глубина=2; вне выборки операции неизвестны",2,False,1,0,76000.0,0.0,1,0,0.00031289664456344305,0.0,False,0.0,exact,2248,0.0,1,0,1.0,0.0,0.0,0.0,0.0,0.0,0.0,0.0,False,False,sample_only,76000.0,1,0.59,1.0
100000005932987100,terminal,0.59,59,0.339805,"Наблюдаемый получатель: входов=1, вход=25000.00 KZT; выход=0; глубина=2; вне выборки операции неизвестны",2,False,1,0,25000.0,0.0,3,0,0.00041180862454995846,0.0,False,0.0,exact,2248,0.0,1,0,1.0,0.0,0.0,0.0,0.0,0.0,0.0,0.0,False,False,sample_only,25000.0,3,0.59,1.0
100000005933757100,coordinator,0.897663,40,0.982924,"Гипотеза связующего: соседей=36, внешних сообществ=10; посредничество=0.00389; не доказательство управления",2,False,4,34,1246000.0,3002628.0,6,46,0.000997985572013045,2.409813804173355,False,0.0038927878243158664,exact,2248,0.988313856427379,36,10,0.9229534510433387,0.23561526769216834,0.6850072669674698,724840.0,0.2414018652993311,521160.0,0.17356795447188264,0.5850301802287863,False,False,sample_only,4248628.0,52,0.897663,1.0
100000005939154100,terminal,0.59,16,0.22924,"Наблюдаемый получатель: входов=1, вход=22000.00 KZT; выход=0; глубина=2; вне выборки операции неизвестны",2,False,1,0,22000.0,0.0,2,0,0.0002936966648040269,0.0,False,0.0,exact,2248,0.0,1,0,1.0,0.0,0.0,0.0,0.0,0.0,0.0,0.0,False,False,sample_only,22000.0,2,0.59,1.0
100000005940652100,terminal,0.59,42,0.103847,"Наблюдаемый получатель: входов=1, вход=8395.00 KZT; выход=0; глубина=1; вне выборки операции неизвестны",1,False,1,0,8395.0,0.0,1,0,0.00028808836221548404,0.0,False,0.0,exact,2248,0.0,1,0,1.0,0.0,0.0,0.0,0.0,0.0,0.0,0.0,False,False,sample_only,8395.0,1,0.59,1.0
100000005941908100,terminal,0.59,40,0.277782,"Наблюдаемый получатель: входов=1, вход=10000.00 KZT; выход=0; глубина=3; вне выборки операции неизвестны",3,False,1,0,10000.0,0.0,1,0,0.0006923487710335455,0.0,False,0.0,exact,2248,0.0,1,0,1.0,0.0,0.0,0.0,0.0,0.0,0.0,0.0,False,False,sample_only,10000.0,1,0.59,1.0
100000005942793100,consolidator,0.834545,0,0.463784,Гипотеза сбора: отправителей=4; вход=55000.00 KZT; выход/вход=0.00; крупнейший вход=45%,2,False,4,0,55000.0,0.0,4,0,0.0003322322681540015,0.0,False,0.0,exact,2248,0.0,4,1,0.45454545454545453,0.0,0.0,0.0,0.0,0.0,0.0,0.0,False,False,sample_only,55000.0,4,0.834545,1.0
100000005958064100,peripheral,0.3,40,0.535498,"Роль неоднозначна: входов=1, выходов=2; оборот=169732.84 KZT; FIFO 1–7д=0%; в тот же день=?0%; правила иных ролей не выполнены",1,False,1,2,5746.0,163986.84,1,3,0.000286187092952855,28.539303863557258,False,2.512821053409152e-05,exact,2248,0.5041736227045075,3,1,1.0,0.5760523222473218,0.0,0.0,0.0,0.0,0.0,1.0,False,False,sample_only,169732.84,4,0.3,1.0
100000005961971100,terminal,0.59,22,0.257369,"Наблюдаемый получатель: входов=1, вход=47353.00 KZT; выход=0; глубина=1; вне выборки операции неизвестны",1,False,1,0,47353.0,0.0,1,0,0.00029550813424883264,0.0,False,0.0,exact,2248,0.0,1,0,1.0,0.0,0.0,0.0,0.0,0.0,0.0,0.0,False,False,sample_only,47353.0,1,0.59,1.0
100000005974542100,terminal,0.59,29,0.441016,"Наблюдаемый получатель: входов=1, вход=94500.00 KZT; выход=0; глубина=3; вне выборки операции неизвестны",3,False,1,0,94500.0,0.0,3,0,0.00048304721912277837,0.0,False,0.0,exact,2248,0.0,1,0,1.0,0.0,0.0,0.0,0.0,0.0,0.0,0.0,False,False,sample_only,94500.0,3,0.59,1.0
100000005979037100,peripheral,0.2,8,0.328208,"Вход=1, 60300.00 KZT; выход=0; глубина=4: обход обрезан, конечная роль неизвестна",4,False,1,0,60300.0,0.0,1,0,0.00032484634241535936,0.0,True,0.0,exact,2248,0.0,1,0,1.0,0.0,0.0,0.0,0.0,0.0,0.0,0.0,False,True,depth_outflows_incomplete,60300.0,1,0.2,1.0
100000005995391100,terminal,0.59,22,0.140568,"Наблюдаемый получатель: входов=1, вход=17200.00 KZT; выход=0; глубина=3; вне выборки операции неизвестны",3,False,1,0,17200.0,0.0,1,0,0.000288253832019236,0.0,False,0.0,exact,2248,0.0,1,0,1.0,0.0,0.0,0.0,0.0,0.0,0.0,0.0,False,False,sample_only,17200.0,1,0.59,1.0
100000005996909100,terminal,0.59,3,0.183928,"Наблюдаемый получатель: входов=1, вход=5500.00 KZT; выход=0; глубина=3; вне выборки операции неизвестны",3,False,1,0,5500.0,0.0,1,0,0.00031594960600230085,0.0,False,0.0,exact,2248,0.0,1,0,1.0,0.0,0.0,0.0,0.0,0.0,0.0,0.0,False,False,sample_only,5500.0,1,0.59,1.0
100000006008169100,terminal,0.59,7,0.290186,"Наблюдаемый получатель: входов=1, вход=70000.00 KZT; выход=0; глубина=1; вне выборки операции неизвестны",1,False,1,0,70000.0,0.0,1,0,0.000297186147982845,0.0,False,0.0,exact,2248,0.0,1,0,1.0,0.0,0.0,0.0,0.0,0.0,0.0,0.0,False,False,sample_only,70000.0,1,0.59,1.0
100000006020215100,peripheral,0.3,12,0.574435,"Роль неоднозначна: входов=1, выходов=2; оборот=63800.00 KZT; FIFO 1–7д=0%; в тот же день=?0%; правила иных ролей не выполнены",3,False,1,2,30000.0,33800.0,1,2,0.00029667460701655716,1.1266666666666667,False,6.055520199044305e-05,exact,2248,0.674457429048414,3,1,1.0,0.606508875739645,0.0,0.0,0.0,0.0,0.0,1.0,False,False,sample_only,63800.0,3,0.3,1.0
100000006030946100,terminal,0.59,22,0.303847,"Наблюдаемый получатель: входов=1, вход=73289.00 KZT; выход=0; глубина=1; вне выборки операции неизвестны",1,False,1,0,73289.0,0.0,1,0,0.0003009517968479936,0.0,False,0.0,exact,2248,0.0,1,0,1.0,0.0,0.0,0.0,0.0,0.0,0.0,0.0,False,False,sample_only,73289.0,1,0.59,1.0
100000006048193100,terminal,0.59,0,0.251088,"Наблюдаемый получатель: входов=1, вход=41559.00 KZT; выход=0; глубина=3; вне выборки операции неизвестны",3,False,1,0,41559.0,0.0,1,0,0.00029641085375483743,0.0,False,0.0,exact,2248,0.0,1,0,1.0,0.0,0.0,0.0,0.0,0.0,0.0,0.0,False,False,sample_only,41559.0,1,0.59,1.0
100000006069103100,peripheral,0.3,5,0.838169,"Роль неоднозначна: входов=3, выходов=3; оборот=498818.00 KZT; FIFO 1–7д=17%; в тот же день=?0%; правила иных ролей не выполнены",1,False,3,3,228818.0,270000.0,3,4,0.0011516310982681744,1.1799770997036947,False,5.805702745641661e-05,exact,2248,0.654424040066778,5,1,0.8303542553470443,0.7037037037037037,0.16666666666666666,45000.0,0.16666666666666666,0.0,0.0,0.8333333333333334,False,False,sample_only,498818.0,7,0.3,1.0
100000006100920100,terminal,0.59,0,0.359769,"Наблюдаемый получатель: входов=1, вход=100000.00 KZT; выход=0; глубина=3; вне выборки операции неизвестны",3,False,1,0,100000.0,0.0,1,0,0.00032650852666292734,0.0,False,0.0,exact,2248,0.0,1,0,1.0,0.0,0.0,0.0,0.0,0.0,0.0,0.0,False,False,sample_only,100000.0,1,0.59,1.0
100000006111439100,peripheral,0.3,10,0.527245,"Роль неоднозначна: входов=3, выходов=4; оборот=44570.00 KZT; FIFO 1–7д=0%; в тот же день=?0%; правила иных ролей не выполнены",3,False,3,4,20570.0,24000.0,3,4,0.00036550170106991627,1.166747690811862,False,1.7555636130218346e-05,exact,2248,0.21368948247078465,6,2,0.45240641711229945,0.375,0.0,0.0,0.0,0.0,0.0,1.0,False,False,sample_only,44570.0,7,0.3,1.0
100000006111442100,terminal,0.59,42,0.279666,"Наблюдаемый получатель: входов=1, вход=64000.00 KZT; выход=0; глубина=3; вне выборки операции неизвестны",3,False,1,0,64000.0,0.0,1,0,0.00029552622405626476,0.0,False,0.0,exact,2248,0.0,1,0,1.0,0.0,0.0,0.0,0.0,0.0,0.0,0.0,False,False,sample_only,64000.0,1,0.59,1.0
100000006122699100,terminal,0.63,16,0.428309,"Наблюдаемый получатель: входов=2, вход=45865.00 KZT; выход=0; глубина=2; вне выборки операции неизвестны",2,False,2,0,45865.0,0.0,2,0,0.0004047064849586192,0.0,False,0.0,exact,2248,0.0,2,0,0.5396271666848359,0.0,0.0,0.0,0.0,0.0,0.0,0.0,False,False,sample_only,45865.0,2,0.63,1.0
100000006126743100,terminal,0.59,10,0.221344,"Наблюдаемый получатель: входов=1, вход=55000.00 KZT; выход=0; глубина=3; вне выборки операции неизвестны",3,False,1,0,55000.0,0.0,1,0,0.00028735179879136544,0.0,False,0.0,exact,2248,0.0,1,0,1.0,0.0,0.0,0.0,0.0,0.0,0.0,0.0,False,False,sample_only,55000.0,1,0.59,1.0
100000006161893100,terminal,0.59,16,0.27085,"Наблюдаемый получатель: входов=1, вход=14000.00 KZT; выход=0; глубина=2; вне выборки операции неизвестны",2,False,1,0,14000.0,0.0,1,0,0.0005318535188146678,0.0,False,0.0,exact,2248,0.0,1,0,1.0,0.0,0.0,0.0,0.0,0.0,0.0,0.0,False,False,sample_only,14000.0,1,0.59,1.0
100000006165886100,peripheral,0.3,0,0.507881,"Роль неоднозначна: входов=2, выходов=1; оборот=259481.00 KZT; FIFO 1–7д=0%; в тот же день=?100%; правила иных ролей не выполнены",3,False,2,1,184481.0,75000.0,2,1,0.00029856163893927847,0.4065459315593476,False,6.92098645202041e-07,exact,2248,0.06010016694490818,3,0,0.5641068727944883,1.0,0.0,0.0,0.0,75000.0,1.0,0.0,False,False,sample_only,259481.0,3,0.3,1.0
100000006169033100,distributor,0.700014,63,0.78587,"Гипотеза распределения: входов=1, получателей=3; выход=1140271.00 KZT; крупнейший выход=40%; источник средств неизвестен",3,False,1,3,49000.0,1140271.0,1,10,0.00041804163396876693,23.270836734693876,False,3.923307657464331e-05,exact,2248,0.5801335559265443,3,0,1.0,0.3999049348795155,0.35605570956377913,49000.0,0.04297224080942162,0.0,0.0,0.9570277591905784,False,False,sample_only,1189271.0,11,0.700014,1.0
100000006171671100,peripheral,0.2,0,0.254094,"Вход=1, 10000.00 KZT; выход=0; глубина=4: обход обрезан, конечная роль неизвестна",4,False,1,0,10000.0,0.0,1,0,0.0005290656990407927,0.0,True,0.0,exact,2248,0.0,1,0,1.0,0.0,0.0,0.0,0.0,0.0,0.0,0.0,False,True,depth_outflows_incomplete,10000.0,1,0.2,1.0
100000006177176100,terminal,0.59,16,0.095278,"Наблюдаемый получатель: входов=1, вход=8911.00 KZT; выход=0; глубина=1; вне выборки операции неизвестны",1,False,1,0,8911.0,0.0,1,0,0.0002865273875922669,0.0,False,0.0,exact,2248,0.0,1,0,1.0,0.0,0.0,0.0,0.0,0.0,0.0,0.0,False,False,sample_only,8911.0,1,0.59,1.0
100000006209210100,terminal,0.59,1,0.422376,"Наблюдаемый получатель: входов=1, вход=229111.00 KZT; выход=0; глубина=3; вне выборки операции неизвестны",3,False,1,0,229111.0,0.0,1,0,0.0003608027133122132,0.0,False,0.0,exact,2248,0.0,1,0,1.0,0.0,0.0,0.0,0.0,0.0,0.0,0.0,False,False,sample_only,229111.0,1,0.59,1.0
100000006225798100,consolidator,0.799134,28,0.757287,Гипотеза сбора: отправителей=3; вход=722000.00 KZT; выход/вход=0.04; крупнейший вход=55%,3,False,3,2,722000.0,26300.0,4,2,0.00035996892038230857,0.03642659279778394,False,3.844048916909496e-05,exact,2248,0.5450751252086812,5,2,0.554016620498615,0.7984790874524715,0.0,0.0,0.0,0.0,0.0,1.0,False,False,sample_only,748300.0,6,0.799134,1.0
100000006232642100,peripheral,0.2,63,0.525651,"Вход=1, 456000.00 KZT; выход=0; глубина=4: обход обрезан, конечная роль неизвестна",4,False,1,0,456000.0,0.0,4,0,0.0004278560911161403,0.0,True,0.0,exact,2248,0.0,1,0,1.0,0.0,0.0,0.0,0.0,0.0,0.0,0.0,False,True,depth_outflows_incomplete,456000.0,4,0.2,1.0
100000006232815100,distributor,0.65,27,0.689252,"Гипотеза распределения: входов=1, получателей=5; выход=296500.00 KZT; крупнейший выход=40%; источник средств неизвестен; seed: вход неполон",0,True,1,5,160000.0,296500.0,2,5,0.0005566536352336269,1.853125,False,2.774055919419224e-06,exact,2248,0.15943238731218698,5,0,1.0,0.40472175379426645,0.8768971332209107,110000.0,0.37099494097807756,0.0,0.0,0.6290050590219224,True,False,seed_inflows_incomplete,456500.0,7,0.739292,0.65
100000006240939100,distributor,0.74216,46,0.652002,"Гипотеза распределения: входов=1, получателей=5; выход=778015.00 KZT; крупнейший выход=39%; источник средств неизвестен",2,False,1,5,160000.0,778015.0,1,5,0.0003187471159015583,4.86259375,False,4.161083879128836e-06,exact,2248,0.17696160267111852,6,1,1.0,0.3855966787272739,0.0,0.0,0.0,160000.0,0.2056515619878794,0.7943484380121206,False,False,sample_only,938015.0,6,0.74216,1.0
100000006248077100,terminal,0.59,16,0.256247,"Наблюдаемый получатель: входов=1, вход=50000.00 KZT; выход=0; глубина=2; вне выборки операции неизвестны",2,False,1,0,50000.0,0.0,1,0,0.00029385096746579835,0.0,False,0.0,exact,2248,0.0,1,0,1.0,0.0,0.0,0.0,0.0,0.0,0.0,0.0,False,False,sample_only,50000.0,1,0.59,1.0
100000006249740100,distributor,0.65,81,0.374529,"Гипотеза распределения: входов=0, получателей=3; выход=93007.00 KZT; крупнейший выход=65%; источник средств неизвестен; seed: вход неполон",0,True,0,3,0.0,93007.0,0,5,0.0002855692942172909,,False,0.0,exact,2248,0.0,3,0,0.0,0.6451127334501704,0.0,0.0,0.0,0.0,0.0,1.0,True,False,seed_inflows_incomplete,93007.0,5,0.663233,0.65
100000006257675100,peripheral,0.2,32,0.393125,"Вход=1, 70000.00 KZT; выход=0; глубина=4: обход обрезан, конечная роль неизвестна",4,False,1,0,70000.0,0.0,2,0,0.0003826480172080926,0.0,True,0.0,exact,2248,0.0,1,0,1.0,0.0,0.0,0.0,0.0,0.0,0.0,0.0,False,True,depth_outflows_incomplete,70000.0,2,0.2,1.0
100000006274203100,peripheral,0.3,43,0.838865,"Роль неоднозначна: входов=2, выходов=3; оборот=3489512.00 KZT; FIFO 1–7д=7%; в тот же день=?0%; правила иных ролей не выполнены",3,False,2,3,3417512.0,72000.0,41,3,0.0006321051467844574,0.02106795821053445,False,3.734276532549144e-05,exact,2248,0.5292153589315526,4,1,0.987944446135083,0.4722222222222222,0.06944444444444445,5000.0,0.06944444444444445,0.0,0.0,0.9305555555555556,False,False,sample_only,3489512.0,44,0.3,1.0
100000006288612100,peripheral,0.2,7,0.282402,"Вход=1, 30805.00 KZT; выход=0; глубина=4: обход обрезан, конечная роль неизвестна",4,False,1,0,30805.0,0.0,3,0,0.0002976242451746879,0.0,True,0.0,exact,2248,0.0,1,0,1.0,0.0,0.0,0.0,0.0,0.0,0.0,0.0,False,True,depth_outflows_incomplete,30805.0,3,0.2,1.0
100000006308406100,peripheral,0.2,32,0.481124,"Вход=1, 183000.00 KZT; выход=0; глубина=4: обход обрезан, конечная роль неизвестна",4,False,1,0,183000.0,0.0,2,0,0.0005393608128932442,0.0,True,0.0,exact,2248,0.0,1,0,1.0,0.0,0.0,0.0,0.0,0.0,0.0,0.0,False,True,depth_outflows_incomplete,183000.0,2,0.2,1.0
100000006326645100,terminal,0.59,22,0.191016,"Наблюдаемый получатель: входов=1, вход=25264.00 KZT; выход=0; глубина=1; вне выборки операции неизвестны",1,False,1,0,25264.0,0.0,1,0,0.00029087191188791094,0.0,False,0.0,exact,2248,0.0,1,0,1.0,0.0,0.0,0.0,0.0,0.0,0.0,0.0,False,False,sample_only,25264.0,1,0.59,1.0
100000006351075100,peripheral,0.2,62,0.258154,"Вход=1, 40000.00 KZT; выход=0; глубина=4: обход обрезан, конечная роль неизвестна",4,False,1,0,40000.0,0.0,2,0,0.0002910853306876047,0.0,True,0.0,exact,2248,0.0,1,0,1.0,0.0,0.0,0.0,0.0,0.0,0.0,0.0,False,True,depth_outflows_incomplete,40000.0,2,0.2,1.0
100000006369769100,terminal,0.59,22,0.239199,"Наблюдаемый получатель: входов=1, вход=40000.00 KZT; выход=0; глубина=1; вне выборки операции неизвестны",1,False,1,0,40000.0,0.0,1,0,0.00029396482567805725,0.0,False,0.0,exact,2248,0.0,1,0,1.0,0.0,0.0,0.0,0.0,0.0,0.0,0.0,False,False,sample_only,40000.0,1,0.59,1.0
100000006381453100,peripheral,0.2,4,0.365736,"Вход=1, 45000.00 KZT; выход=0; глубина=4: обход обрезан, конечная роль неизвестна",4,False,1,0,45000.0,0.0,1,0,0.0005761677704875265,0.0,True,0.0,exact,2248,0.0,1,0,1.0,0.0,0.0,0.0,0.0,0.0,0.0,0.0,False,True,depth_outflows_incomplete,45000.0,1,0.2,1.0
100000006385877100,peripheral,0.55,4,0.501559,"Мало связей: входов=1, выходов=1; оборот=90309.55 KZT; FIFO 1–7д=0%; в тот же день=?30%; правила иных ролей не выполнены",2,False,1,1,53706.62,36602.93,5,5,0.002094297553958926,0.6815347903107661,False,0.0,exact,2248,0.0,1,0,1.0,1.0,0.0,0.0,0.0,11102.93,0.3033344598369584,0.6966655401630416,False,False,sample_only,90309.55,10,0.55,1.0
100000006412162100,peripheral,0.2,18,0.201514,"Вход=1, 15000.00 KZT; выход=0; глубина=4: обход обрезан, конечная роль неизвестна",4,False,1,0,15000.0,0.0,2,0,0.00029359653846417166,0.0,True,0.0,exact,2248,0.0,1,0,1.0,0.0,0.0,0.0,0.0,0.0,0.0,0.0,False,True,depth_outflows_incomplete,15000.0,2,0.2,1.0
100000006416061100,peripheral,0.2,0,0.312147,"Вход=1, 30000.00 KZT; выход=0; глубина=4: обход обрезан, конечная роль неизвестна",4,False,1,0,30000.0,0.0,1,0,0.0004348563786213132,0.0,True,0.0,exact,2248,0.0,1,0,1.0,0.0,0.0,0.0,0.0,0.0,0.0,0.0,False,True,depth_outflows_incomplete,30000.0,1,0.2,1.0
100000006424479100,peripheral,0.3,12,0.839044,"Роль неоднозначна: входов=1, выходов=2; оборот=720000.00 KZT; FIFO 1–7д=0%; в тот же день=?0%; правила иных ролей не выполнены",2,False,1,2,500000.0,220000.0,2,3,0.0009438231531441734,0.44,False,7.311618816183526e-05,exact,2248,0.6944908180300501,3,0,1.0,0.6818181818181818,0.0,0.0,0.0,0.0,0.0,1.0,False,False,sample_only,720000.0,5,0.3,1.0
100000006443391100,peripheral,0.3,4,0.633204,"Роль неоднозначна: входов=3, выходов=2; оборот=146817.64 KZT; FIFO 1–7д=39%; в тот же день=?10%; правила иных ролей не выполнены",1,False,3,2,86775.93,60041.71000000001,7,6,0.0024195077535015437,0.6919166409394865,False,1.1888811083225246e-06,exact,2248,0.09849749582637729,3,0,0.421809711517929,0.8944885147341739,0.39483585660701537,23706.62,0.39483585660701537,6102.93,0.10164483989546601,0.5035193034975186,False,False,sample_only,146817.64,13,0.3,1.0
100000006444163100,terminal,0.59,0,0.189446,"Наблюдаемый получатель: входов=1, вход=6026.00 KZT; выход=0; глубина=3; вне выборки операции неизвестны",3,False,1,0,6026.0,0.0,1,0,0.00031891138227469064,0.0,False,0.0,exact,2248,0.0,1,0,1.0,0.0,0.0,0.0,0.0,0.0,0.0,0.0,False,False,sample_only,6026.0,1,0.59,1.0
100000006445501100,terminal,0.59,11,0.312954,"Наблюдаемый получатель: входов=1, вход=91000.00 KZT; выход=0; глубина=1; вне выборки операции неизвестны",1,False,1,0,91000.0,0.0,1,0,0.0002993712801977907,0.0,False,0.0,exact,2248,0.0,1,0,1.0,0.0,0.0,0.0,0.0,0.0,0.0,0.0,False,False,sample_only,91000.0,1,0.59,1.0
100000006446271100,terminal,0.63,2,0.423172,"Наблюдаемый получатель: входов=2, вход=80000.00 KZT; выход=0; глубина=1; вне выборки операции неизвестны",1,False,2,0,80000.0,0.0,2,0,0.0003139136962099016,0.0,False,0.0,exact,2248,0.0,2,0,0.625,0.0,0.0,0.0,0.0,0.0,0.0,0.0,False,False,sample_only,80000.0,2,0.63,1.0
100000006471232100,terminal,0.59,22,0.232694,"Наблюдаемый получатель: входов=1, вход=41800.00 KZT; выход=0; глубина=3; вне выборки операции неизвестны",3,False,1,0,41800.0,0.0,1,0,0.00029209334538713425,0.0,False,0.0,exact,2248,0.0,1,0,1.0,0.0,0.0,0.0,0.0,0.0,0.0,0.0,False,False,sample_only,41800.0,1,0.59,1.0
100000006476758100,terminal,0.59,11,0.236485,"Наблюдаемый получатель: входов=1, вход=5200.00 KZT; выход=0; глубина=3; вне выборки операции неизвестны",3,False,1,0,5200.0,0.0,1,0,0.0005168074362570573,0.0,False,0.0,exact,2248,0.0,1,0,1.0,0.0,0.0,0.0,0.0,0.0,0.0,0.0,False,False,sample_only,5200.0,1,0.59,1.0
100000006490557100,terminal,0.59,1,0.08007,"Наблюдаемый получатель: входов=1, вход=5000.00 KZT; выход=0; глубина=2; вне выборки операции неизвестны",2,False,1,0,5000.0,0.0,1,0,0.0002861622896167226,0.0,False,0.0,exact,2248,0.0,1,0,1.0,0.0,0.0,0.0,0.0,0.0,0.0,0.0,False,False,sample_only,5000.0,1,0.59,1.0
100000006490615100,peripheral,0.2,12,0.384735,"Вход=1, 41600.00 KZT; выход=0; глубина=4: обход обрезан, конечная роль неизвестна",4,False,1,0,41600.0,0.0,6,0,0.00039474588702010044,0.0,True,0.0,exact,2248,0.0,1,0,1.0,0.0,0.0,0.0,0.0,0.0,0.0,0.0,False,True,depth_outflows_incomplete,41600.0,6,0.2,1.0
100000006491272100,terminal,0.59,22,0.186642,"Наблюдаемый получатель: входов=1, вход=26200.00 KZT; выход=0; глубина=3; вне выборки операции неизвестны",3,False,1,0,26200.0,0.0,1,0,0.00028965853203188175,0.0,False,0.0,exact,2248,0.0,1,0,1.0,0.0,0.0,0.0,0.0,0.0,0.0,0.0,False,False,sample_only,26200.0,1,0.59,1.0
100000006491963100,peripheral,0.2,18,0.22168,"Вход=1, 16000.00 KZT; выход=0; глубина=4: обход обрезан, конечная роль неизвестна",4,False,1,0,16000.0,0.0,3,0,0.0002941316880806304,0.0,True,0.0,exact,2248,0.0,1,0,1.0,0.0,0.0,0.0,0.0,0.0,0.0,0.0,False,True,depth_outflows_incomplete,16000.0,3,0.2,1.0
100000006492770100,peripheral,0.55,0,0.548502,"Мало связей: входов=1, выходов=1; оборот=289000.00 KZT; FIFO 1–7д=100%; в тот же день=?0%; правила иных ролей не выполнены",3,False,1,1,269000.0,20000.0,1,1,0.0003007193653545543,0.07434944237918216,False,1.922024458454748e-05,exact,2248,0.2871452420701169,2,0,1.0,1.0,1.0,20000.0,1.0,0.0,0.0,0.0,False,False,sample_only,289000.0,2,0.55,1.0
100000006512787100,peripheral,0.2,0,0.327288,"Вход=1, 20000.00 KZT; выход=0; глубина=4: обход обрезан, конечная роль неизвестна",4,False,1,0,20000.0,0.0,2,0,0.0005300461906110881,0.0,True,0.0,exact,2248,0.0,1,0,1.0,0.0,0.0,0.0,0.0,0.0,0.0,0.0,False,True,depth_outflows_incomplete,20000.0,2,0.2,1.0
100000006518161100,transit,0.737548,16,0.861428,"Гипотеза транзита: вход=594200.00, выход=595899.00 KZT; FIFO 1–7д=54%; в тот же день=?10%; те же деньги не установлены",1,False,3,2,594200.0,595899.0,13,13,0.000810805332870047,1.002859306630764,False,5.785888060502952e-05,exact,2248,0.6527545909849749,4,1,0.877145742174352,0.9614028551818345,0.7147167556918202,319799.0,0.5366664485088916,57000.0,0.09565379367980144,0.36767975781130696,False,False,sample_only,1190099.0,26,0.737548,1.0
100000006522972100,terminal,0.59,10,0.17509,"Наблюдаемый получатель: входов=1, вход=9515.00 KZT; выход=0; глубина=3; вне выборки операции неизвестны",3,False,1,0,9515.0,0.0,1,0,0.00030331012596478374,0.0,False,0.0,exact,2248,0.0,1,0,1.0,0.0,0.0,0.0,0.0,0.0,0.0,0.0,False,False,sample_only,9515.0,1,0.59,1.0
100000006523053100,terminal,0.59,2,0.242205,"Наблюдаемый получатель: входов=1, вход=5000.00 KZT; выход=0; глубина=2; вне выборки операции неизвестны",2,False,1,0,5000.0,0.0,1,0,0.0005386541417252824,0.0,False,0.0,exact,2248,0.0,1,0,1.0,0.0,0.0,0.0,0.0,0.0,0.0,0.0,False,False,sample_only,5000.0,1,0.59,1.0
100000006527156100,peripheral,0.2,54,0.260801,"Вход=1, 48500.00 KZT; выход=0; глубина=4: обход обрезан, конечная роль неизвестна",4,False,1,0,48500.0,0.0,1,0,0.0002960785446390128,0.0,True,0.0,exact,2248,0.0,1,0,1.0,0.0,0.0,0.0,0.0,0.0,0.0,0.0,False,True,depth_outflows_incomplete,48500.0,1,0.2,1.0
100000006530134100,terminal,0.63,10,0.431494,"Наблюдаемый получатель: входов=2, вход=144663.00 KZT; выход=0; глубина=3; вне выборки операции неизвестны",3,False,2,0,144663.0,0.0,2,0,0.0002990877788977742,0.0,False,0.0,exact,2248,0.0,2,1,0.8380857579339569,0.0,0.0,0.0,0.0,0.0,0.0,0.0,False,False,sample_only,144663.0,2,0.63,1.0
100000006532229100,terminal,0.59,42,0.327983,"Наблюдаемый получатель: входов=1, вход=105000.00 KZT; выход=0; глубина=3; вне выборки операции неизвестны",3,False,1,0,105000.0,0.0,1,0,0.0003006351862930432,0.0,False,0.0,exact,2248,0.0,1,0,1.0,0.0,0.0,0.0,0.0,0.0,0.0,0.0,False,False,sample_only,105000.0,1,0.59,1.0
100000006534886100,peripheral,0.55,16,0.555013,"Мало связей: входов=1, выходов=1; оборот=239200.00 KZT; FIFO 1–7д=13%; в тот же день=?27%; правила иных ролей не выполнены",2,False,1,1,71700.0,167500.0,5,8,0.0011276985721232183,2.336122733612273,False,0.0,exact,2248,0.0,1,0,1.0,1.0,0.7134328358208956,21400.0,0.12776119402985076,45300.0,0.27044776119402986,0.6017910447761194,False,False,sample_only,239200.0,13,0.55,1.0
100000006557763100,terminal,0.59,2,0.219549,"Наблюдаемый получатель: входов=1, вход=10000.00 KZT; выход=0; глубина=2; вне выборки операции неизвестны",2,False,1,0,10000.0,0.0,1,0,0.0003471751881752854,0.0,False,0.0,exact,2248,0.0,1,0,1.0,0.0,0.0,0.0,0.0,0.0,0.0,0.0,False,False,sample_only,10000.0,1,0.59,1.0
100000006562026100,terminal,0.63,81,0.526267,"Наблюдаемый получатель: входов=2, вход=75000.00 KZT; выход=0; глубина=1; вне выборки операции неизвестны",1,False,2,0,75000.0,0.0,6,0,0.0006853595679127575,0.0,False,0.0,exact,2248,0.0,2,0,0.8,0.0,0.0,0.0,0.0,0.0,0.0,0.0,False,False,sample_only,75000.0,6,0.63,1.0
100000006564102100,terminal,0.59,2,0.439782,"Наблюдаемый получатель: входов=1, вход=233235.00 KZT; выход=0; глубина=2; вне выборки операции неизвестны",2,False,1,0,233235.0,0.0,1,0,0.00042809593979465266,0.0,False,0.0,exact,2248,0.0,1,0,1.0,0.0,0.0,0.0,0.0,0.0,0.0,0.0,False,False,sample_only,233235.0,1,0.59,1.0
100000006567935100,terminal,0.59,33,0.381572,"Наблюдаемый получатель: входов=1, вход=200000.00 KZT; выход=0; глубина=2; вне выборки операции неизвестны",2,False,1,0,200000.0,0.0,1,0,0.00031055602097400365,0.0,False,0.0,exact,2248,0.0,1,0,1.0,0.0,0.0,0.0,0.0,0.0,0.0,0.0,False,False,sample_only,200000.0,1,0.59,1.0
100000006573438100,terminal,0.59,63,0.148351,"Наблюдаемый получатель: входов=1, вход=5000.00 KZT; выход=0; глубина=3; вне выборки операции неизвестны",3,False,1,0,5000.0,0.0,1,0,0.000299086879906217,0.0,False,0.0,exact,2248,0.0,1,0,1.0,0.0,0.0,0.0,0.0,0.0,0.0,0.0,False,False,sample_only,5000.0,1,0.59,1.0
100000006579678100,distributor,0.727922,16,0.927771,"Гипотеза распределения: входов=2, получателей=6; выход=1668800.00 KZT; крупнейший выход=61%; источник средств неизвестен",1,False,2,6,192930.0,1668800.0,2,15,0.0006256438748763364,8.649769346395066,False,0.0004489435551961264,exact,2248,0.8981636060100167,6,0,0.7774840615767377,0.6138542665388304,0.6444151486097794,150000.0,0.0898849472674976,42930.0,0.025725071907957815,0.8843899808245446,False,False,sample_only,1861730.0,17,0.727922,1.0
100000006595426100,terminal,0.59,0,0.397476,"Наблюдаемый получатель: входов=1, вход=84800.00 KZT; выход=0; глубина=2; вне выборки операции неизвестны",2,False,1,0,84800.0,0.0,3,0,0.00033431978040964773,0.0,False,0.0,exact,2248,0.0,1,0,1.0,0.0,0.0,0.0,0.0,0.0,0.0,0.0,False,False,sample_only,84800.0,3,0.59,1.0
100000006612238100,peripheral,0.55,22,0.436104,"Мало связей: входов=1, выходов=1; оборот=185000.00 KZT; FIFO 1–7д=0%; в тот же день=?100%; правила иных ролей не выполнены",2,False,1,1,160000.0,25000.0,1,1,0.00033991126391326877,0.15625,False,0.0,exact,2248,0.0,1,0,1.0,1.0,0.0,0.0,0.0,25000.0,1.0,0.0,False,False,sample_only,185000.0,2,0.55,1.0
100000006638021100,peripheral,0.2,57,0.580978,"Вход=2, 388500.00 KZT; выход=0; глубина=4: обход обрезан, конечная роль неизвестна",4,False,2,0,388500.0,0.0,2,0,0.000544485696289975,0.0,True,0.0,exact,2248,0.0,2,0,0.9523809523809523,0.0,0.0,0.0,0.0,0.0,0.0,0.0,False,True,depth_outflows_incomplete,388500.0,2,0.2,1.0
100000006641671100,peripheral,0.3,8,0.5231,"Роль неоднозначна: входов=2, выходов=1; оборот=47000.00 KZT; FIFO 1–7д=0%; в тот же день=?80%; правила иных ролей не выполнены",3,False,2,1,22000.0,25000.0,2,3,0.0004399911079982389,1.1363636363636365,False,5.449038413144904e-06,exact,2248,0.19365609348914858,3,0,0.5909090909090909,1.0,0.0,0.0,0.0,20000.0,0.8,0.2,False,False,sample_only,47000.0,5,0.3,1.0
100000006656003100,peripheral,0.55,22,0.227423,"Мало связей: входов=1, выходов=1; оборот=29000.00 KZT; FIFO 1–7д=0%; в тот же день=?100%; правила иных ролей не выполнены",1,False,1,1,20000.0,9000.0,1,1,0.0002897670599476741,0.45,False,0.0,exact,2248,0.0,1,0,1.0,1.0,0.0,0.0,0.0,9000.0,1.0,0.0,False,False,sample_only,29000.0,2,0.55,1.0
100000006658598100,terminal,0.59,16,0.095906,"Наблюдаемый получатель: входов=1, вход=9000.00 KZT; выход=0; глубина=1; вне выборки операции неизвестны",1,False,1,0,9000.0,0.0,1,0,0.00028653695669903076,0.0,False,0.0,exact,2248,0.0,1,0,1.0,0.0,0.0,0.0,0.0,0.0,0.0,0.0,False,False,sample_only,9000.0,1,0.59,1.0
100000006664478100,peripheral,0.3,46,0.59045,"Роль неоднозначна: входов=1, выходов=2; оборот=115000.00 KZT; FIFO 1–7д=17%; в тот же день=?50%; правила иных ролей не выполнены",3,False,1,2,55000.0,60000.0,3,2,0.0006168426303113121,1.0909090909090908,False,1.1888811083225246e-06,exact,2248,0.09849749582637729,3,0,1.0,0.6666666666666666,0.6666666666666666,10000.0,0.16666666666666666,30000.0,0.5,0.3333333333333333,False,False,sample_only,115000.0,5,0.3,1.0
100000006679055100,terminal,0.59,2,0.228499,"Наблюдаемый получатель: входов=1, вход=25000.00 KZT; выход=0; глубина=2; вне выборки операции неизвестны",2,False,1,0,25000.0,0.0,1,0,0.0003008464444710437,0.0,False,0.0,exact,2248,0.0,1,0,1.0,0.0,0.0,0.0,0.0,0.0,0.0,0.0,False,False,sample_only,25000.0,1,0.59,1.0
100000006684930100,terminal,0.59,12,0.166341,"Наблюдаемый получатель: входов=1, вход=10000.00 KZT; выход=0; глубина=2; вне выборки операции неизвестны",2,False,1,0,10000.0,0.0,1,0,0.0002987343713958286,0.0,False,0.0,exact,2248,0.0,1,0,1.0,0.0,0.0,0.0,0.0,0.0,0.0,0.0,False,False,sample_only,10000.0,1,0.59,1.0
100000006687202100,terminal,0.59,0,0.260868,"Наблюдаемый получатель: входов=1, вход=50000.00 KZT; выход=0; глубина=1; вне выборки операции неизвестны",1,False,1,0,50000.0,0.0,1,0,0.0002949519153763026,0.0,False,0.0,exact,2248,0.0,1,0,1.0,0.0,0.0,0.0,0.0,0.0,0.0,0.0,False,False,sample_only,50000.0,1,0.59,1.0
100000006689603100,peripheral,0.2,8,0.453533,"Вход=1, 400000.00 KZT; выход=0; глубина=4: обход обрезан, конечная роль неизвестна",4,False,1,0,400000.0,0.0,2,0,0.00031238935878786454,0.0,True,0.0,exact,2248,0.0,1,0,1.0,0.0,0.0,0.0,0.0,0.0,0.0,0.0,False,True,depth_outflows_incomplete,400000.0,2,0.2,1.0
100000006693788100,peripheral,0.2,0,0.262707,"Вход=1, 10764.00 KZT; выход=0; глубина=4: обход обрезан, конечная роль неизвестна",4,False,1,0,10764.0,0.0,1,0,0.0005320949120369108,0.0,True,0.0,exact,2248,0.0,1,0,1.0,0.0,0.0,0.0,0.0,0.0,0.0,0.0,False,True,depth_outflows_incomplete,10764.0,1,0.2,1.0
100000006701983100,terminal,0.59,22,0.189872,"Наблюдаемый получатель: входов=1, вход=27000.00 KZT; выход=0; глубина=3; вне выборки операции неизвестны",3,False,1,0,27000.0,0.0,1,0,0.000289783394255228,0.0,False,0.0,exact,2248,0.0,1,0,1.0,0.0,0.0,0.0,0.0,0.0,0.0,0.0,False,False,sample_only,27000.0,1,0.59,1.0
100000006704530100,transit,0.856162,14,0.798088,"Гипотеза транзита: вход=450500.00, выход=428000.00 KZT; FIFO 1–7д=89%; в тот же день=?0%; те же деньги не установлены",3,False,1,3,450500.0,428000.0,1,5,0.0003985422277542583,0.9500554938956715,False,5.8849614861964964e-05,exact,2248,0.6619365609348915,4,0,1.0,0.8341121495327103,0.889018691588785,380500.0,0.889018691588785,0.0,0.0,0.11098130841121495,False,False,sample_only,878500.0,6,0.856162,1.0
100000006706519100,peripheral,0.2,0,0.361698,"Вход=1, 36000.00 KZT; выход=0; глубина=4: обход обрезан, конечная роль неизвестна",4,False,1,0,36000.0,0.0,3,0,0.00039071092103657676,0.0,True,0.0,exact,2248,0.0,1,0,1.0,0.0,0.0,0.0,0.0,0.0,0.0,0.0,False,True,depth_outflows_incomplete,36000.0,3,0.2,1.0
100000006707582100,distributor,0.864492,18,0.90826,"Гипотеза распределения: входов=2, получателей=14; выход=961138.00 KZT; крупнейший выход=24%; источник средств неизвестен",1,False,2,14,39520.0,961138.0,2,15,0.000538055648514295,24.320293522267207,False,0.00036346737439438065,exact,2248,0.8931552587646077,15,6,0.5566801619433198,0.23671938889108535,0.9000767839789916,0.0,0.0,17520.0,0.018228391760600454,0.9817716082393996,False,False,sample_only,1000658.0,17,0.864492,1.0
100000006710485100,terminal,0.59,22,0.155305,"Наблюдаемый получатель: входов=1, вход=20000.00 KZT; выход=0; глубина=3; вне выборки операции неизвестны",3,False,1,0,20000.0,0.0,1,0,0.000288690849800948,0.0,False,0.0,exact,2248,0.0,1,0,1.0,0.0,0.0,0.0,0.0,0.0,0.0,0.0,False,False,sample_only,20000.0,1,0.59,1.0
100000006714366100,peripheral,0.55,12,0.310458,"Мало связей: входов=1, выходов=1; оборот=15500.00 KZT; FIFO 1–7д=0%; в тот же день=?100%; правила иных ролей не выполнены",3,False,1,1,10500.0,5000.0,1,1,0.0002894561536970341,0.47619047619047616,False,1.922024458454748e-05,exact,2248,0.2871452420701169,2,0,1.0,1.0,0.0,0.0,0.0,5000.0,1.0,0.0,False,False,sample_only,15500.0,2,0.55,1.0
100000006734214100,consolidator,0.845246,10,0.848587,Гипотеза сбора: отправителей=5; вход=610000.00 KZT; выход/вход=0.06; крупнейший вход=46%,3,False,5,3,610000.0,36000.0,10,4,0.0006063901366273084,0.05901639344262295,False,5.9444055416126226e-05,exact,2248,0.669449081803005,8,3,0.45901639344262296,0.5,0.7777777777777778,28000.0,0.7777777777777778,8000.0,0.2222222222222222,0.0,False,False,sample_only,646000.0,14,0.845246,1.0
100000006734554100,peripheral,0.55,27,0.39002,"Мало связей: входов=1, выходов=1; оборот=41500.00 KZT; FIFO 1–7д=0%; в тот же день=?0%; правила иных ролей не выполнены",1,False,1,1,16500.0,25000.0,1,1,0.0003119416985243868,1.5151515151515151,False,5.944405541612623e-07,exact,2248,0.052587646076794656,2,0,1.0,1.0,0.0,0.0,0.0,0.0,0.0,1.0,False,False,sample_only,41500.0,2,0.55,1.0
100000006735545100,peripheral,0.2,8,0.128342,"Вход=1, 5000.00 KZT; выход=0; глубина=4: обход обрезан, конечная роль неизвестна",4,False,1,0,5000.0,0.0,1,0,0.0002932717116494771,0.0,True,0.0,exact,2248,0.0,1,0,1.0,0.0,0.0,0.0,0.0,0.0,0.0,0.0,False,True,depth_outflows_incomplete,5000.0,1,0.2,1.0
100000006745291100,terminal,0.59,11,0.300751,"Наблюдаемый получатель: входов=1, вход=82534.00 KZT; выход=0; глубина=1; вне выборки операции неизвестны",1,False,1,0,82534.0,0.0,1,0,0.0002980872404910774,0.0,False,0.0,exact,2248,0.0,1,0,1.0,0.0,0.0,0.0,0.0,0.0,0.0,0.0,False,False,sample_only,82534.0,1,0.59,1.0
100000006746688100,terminal,0.59,22,0.230518,"Наблюдаемый получатель: входов=1, вход=41000.00 KZT; выход=0; глубина=3; вне выборки операции неизвестны",3,False,1,0,41000.0,0.0,1,0,0.000291968483163788,0.0,False,0.0,exact,2248,0.0,1,0,1.0,0.0,0.0,0.0,0.0,0.0,0.0,0.0,False,False,sample_only,41000.0,1,0.59,1.0
100000006755850100,terminal,0.59,10,0.551761,"Наблюдаемый получатель: входов=1, вход=443475.80 KZT; выход=0; глубина=2; вне выборки операции неизвестны",2,False,1,0,443475.8,0.0,3,0,0.0006492085817124324,0.0,False,0.0,exact,2248,0.0,1,0,1.0,0.0,0.0,0.0,0.0,0.0,0.0,0.0,False,False,sample_only,443475.8,3,0.59,1.0
100000006756956100,peripheral,0.2,0,0.417082,"Вход=1, 121200.00 KZT; выход=0; глубина=4: обход обрезан, конечная роль неизвестна",4,False,1,0,121200.0,0.0,9,0,0.00031094703412755853,0.0,True,0.0,exact,2248,0.0,1,0,1.0,0.0,0.0,0.0,0.0,0.0,0.0,0.0,False,True,depth_outflows_incomplete,121200.0,9,0.2,1.0
100000006787636100,terminal,0.59,5,0.261855,"Наблюдаемый получатель: входов=1, вход=20000.00 KZT; выход=0; глубина=2; вне выборки операции неизвестны",2,False,1,0,20000.0,0.0,1,0,0.0003581033949231403,0.0,False,0.0,exact,2248,0.0,1,0,1.0,0.0,0.0,0.0,0.0,0.0,0.0,0.0,False,False,sample_only,20000.0,1,0.59,1.0
100000006788200100,consolidator,0.810205,1,0.771749,Гипотеза сбора: отправителей=4; вход=272155.80 KZT; выход/вход=0.24; крупнейший вход=34%,1,False,4,3,272155.8,64500.0,4,4,0.00033716343435244255,0.23699660268125833,False,9.689381032828575e-05,exact,2248,0.7412353923205343,7,2,0.3424509049595857,0.751937984496124,0.0,0.0,0.0,0.0,0.0,1.0,False,False,sample_only,336655.8,8,0.810205,1.0
100000006789108100,terminal,0.59,11,0.221478,"Наблюдаемый получатель: входов=1, вход=37500.00 KZT; выход=0; глубина=1; вне выборки операции неизвестны",1,False,1,0,37500.0,0.0,1,0,0.0002912569258026617,0.0,False,0.0,exact,2248,0.0,1,0,1.0,0.0,0.0,0.0,0.0,0.0,0.0,0.0,False,False,sample_only,37500.0,1,0.59,1.0
100000006831291100,peripheral,0.55,81,0.161249,"Мало связей: входов=0, выходов=1; оборот=15000.00 KZT; FIFO 1–7д=0%; в тот же день=?0%; правила иных ролей не выполнены; seed: вход неполон",0,True,0,1,0.0,15000.0,0,3,0.0002855692942172909,,False,0.0,exact,2248,0.0,1,0,0.0,1.0,0.0,0.0,0.0,0.0,0.0,1.0,True,False,seed_inflows_incomplete,15000.0,3,0.55,1.0
100000006844004100,terminal,0.59,0,0.305821,"Наблюдаемый получатель: входов=1, вход=20600.00 KZT; выход=0; глубина=3; вне выборки операции неизвестны",3,False,1,0,20600.0,0.0,1,0,0.0005454417164852393,0.0,False,0.0,exact,2248,0.0,1,0,1.0,0.0,0.0,0.0,0.0,0.0,0.0,0.0,False,False,sample_only,20600.0,1,0.59,1.0
100000006844768100,transit,0.820124,0,0.7896,"Гипотеза транзита: вход=282000.00, выход=188000.00 KZT; FIFO 1–7д=87%; в тот же день=?0%; те же деньги не установлены",2,False,1,2,282000.0,188000.0,5,5,0.0013707774167539043,0.6666666666666666,False,3.883678287186913e-05,exact,2248,0.5684474123539232,2,0,1.0,0.9308510638297872,0.8670212765957447,163000.0,0.8670212765957447,0.0,0.0,0.13297872340425532,False,False,sample_only,470000.0,10,0.820124,1.0
100000006852430100,terminal,0.59,11,0.343327,"Наблюдаемый получатель: входов=1, вход=37000.00 KZT; выход=0; глубина=2; вне выборки операции неизвестны",2,False,1,0,37000.0,0.0,1,0,0.0005362020040442949,0.0,False,0.0,exact,2248,0.0,1,0,1.0,0.0,0.0,0.0,0.0,0.0,0.0,0.0,False,False,sample_only,37000.0,1,0.59,1.0
100000006866783100,coordinator,0.899332,0,0.984114,"Гипотеза связующего: соседей=72, внешних сообществ=13; посредничество=0.00605; не доказательство управления; seed: вход неполон",0,True,13,67,838812.0,3948037.0,31,90,0.0008703719471294021,4.706700667133994,False,0.0060452252640128745,exact,2248,0.996661101836394,72,13,0.28815992141266455,0.08535887581600679,0.9427543358889494,20193.0,0.00511469370727782,818619.0,0.20734836071698418,0.7875369455757381,True,False,seed_inflows_incomplete,4786849.0,121,0.899332,1.0
100000006866831100,peripheral,0.2,0,0.253354,"Вход=1, 16500.00 KZT; выход=0; глубина=4: обход обрезан, конечная роль неизвестна",4,False,1,0,16500.0,0.0,1,0,0.00036767719063950316,0.0,True,0.0,exact,2248,0.0,1,0,1.0,0.0,0.0,0.0,0.0,0.0,0.0,0.0,False,True,depth_outflows_incomplete,16500.0,1,0.2,1.0
100000006882208100,terminal,0.59,16,0.306696,"Наблюдаемый получатель: входов=1, вход=18000.00 KZT; выход=0; глубина=3; вне выборки операции неизвестны",3,False,1,0,18000.0,0.0,1,0,0.0006403184460375346,0.0,False,0.0,exact,2248,0.0,1,0,1.0,0.0,0.0,0.0,0.0,0.0,0.0,0.0,False,False,sample_only,18000.0,1,0.59,1.0
100000006888238100,peripheral,0.55,50,0.475689,"Мало связей: входов=1, выходов=1; оборот=48000.00 KZT; FIFO 1–7д=0%; в тот же день=?0%; правила иных ролей не выполнены",2,False,1,1,18000.0,30000.0,1,1,0.0006097535591566922,1.6666666666666667,False,3.962937027741748e-07,exact,2248,0.030884808013355594,2,0,1.0,1.0,0.0,0.0,0.0,0.0,0.0,1.0,False,False,sample_only,48000.0,2,0.55,1.0
100000006889963100,consolidator,0.791585,10,0.78811,Гипотеза сбора: отправителей=4; вход=1431000.00 KZT; выход/вход=0.31; крупнейший вход=42%,1,False,4,1,1431000.0,443475.8,6,3,0.0004272604441628672,0.30990621942697416,False,2.5164650126160102e-05,exact,2248,0.506677796327212,5,3,0.4192872117400419,1.0,1.0,226000.0,0.5096106709768605,217475.8,0.4903893290231395,0.0,False,False,sample_only,1874475.8,9,0.791585,1.0
100000006894637100,terminal,0.59,0,0.241712,"Наблюдаемый получатель: входов=1, вход=52831.00 KZT; выход=0; глубина=3; вне выборки операции неизвестны",3,False,1,0,52831.0,0.0,1,0,0.0002902544663373193,0.0,False,0.0,exact,2248,0.0,1,0,1.0,0.0,0.0,0.0,0.0,0.0,0.0,0.0,False,False,sample_only,52831.0,1,0.59,1.0
100000006901046100,peripheral,0.55,16,0.482425,"Мало связей: входов=1, выходов=1; оборот=81300.00 KZT; FIFO 1–7д=100%; в тот же день=?0%; правила иных ролей не выполнены",2,False,1,1,75800.0,5500.0,3,1,0.0029998776847225033,0.07255936675461741,False,0.0,exact,2248,0.0,1,0,1.0,1.0,1.0,5500.0,1.0,0.0,0.0,0.0,False,False,sample_only,81300.0,4,0.55,1.0
100000006903193100,peripheral,0.2,0,0.16993,"Вход=1, 9000.00 KZT; выход=0; глубина=4: обход обрезан, конечная роль неизвестна",4,False,1,0,9000.0,0.0,1,0,0.0003016045268852538,0.0,True,0.0,exact,2248,0.0,1,0,1.0,0.0,0.0,0.0,0.0,0.0,0.0,0.0,False,True,depth_outflows_incomplete,9000.0,1,0.2,1.0
100000006912294100,peripheral,0.55,4,0.451707,"Мало связей: входов=1, выходов=2; оборот=36335.09 KZT; FIFO 1–7д=0%; в тот же день=?0%; правила иных ролей не выполнены",2,False,1,2,6335.09,30000.0,1,2,0.0004989220673206184,4.7355286191672095,False,5.944405541612623e-07,exact,2248,0.052587646076794656,2,0,1.0,0.8333333333333334,0.0,0.0,0.0,0.0,0.0,1.0,False,False,sample_only,36335.09,3,0.55,1.0
100000006918814100,peripheral,0.2,2,0.253354,"Вход=1, 20000.00 KZT; выход=0; глубина=4: обход обрезан, конечная роль неизвестна",4,False,1,0,20000.0,0.0,2,0,0.0003043279710896785,0.0,True,0.0,exact,2248,0.0,1,0,1.0,0.0,0.0,0.0,0.0,0.0,0.0,0.0,False,True,depth_outflows_incomplete,20000.0,2,0.2,1.0
100000006919124100,terminal,0.59,0,0.159051,"Наблюдаемый получатель: входов=1, вход=25000.00 KZT; выход=0; глубина=3; вне выборки операции неизвестны",3,False,1,0,25000.0,0.0,1,0,0.0002869772933936165,0.0,False,0.0,exact,2248,0.0,1,0,1.0,0.0,0.0,0.0,0.0,0.0,0.0,0.0,False,False,sample_only,25000.0,1,0.59,1.0
100000006952718100,terminal,0.59,16,0.276301,"Наблюдаемый получатель: входов=1, вход=71489.00 KZT; выход=0; глубина=1; вне выборки операции неизвестны",1,False,1,0,71489.0,0.0,1,0,0.00029325565234585775,0.0,False,0.0,exact,2248,0.0,1,0,1.0,0.0,0.0,0.0,0.0,0.0,0.0,0.0,False,False,sample_only,71489.0,1,0.59,1.0
100000006965162100,terminal,0.59,15,0.188369,"Наблюдаемый получатель: входов=1, вход=10000.00 KZT; выход=0; глубина=3; вне выборки операции неизвестны",3,False,1,0,10000.0,0.0,1,0,0.0003092890887695541,0.0,False,0.0,exact,2248,0.0,1,0,1.0,0.0,0.0,0.0,0.0,0.0,0.0,0.0,False,False,sample_only,10000.0,1,0.59,1.0
100000006967370100,peripheral,0.55,28,0.412881,"Мало связей: входов=1, выходов=1; оборот=46751.27 KZT; FIFO 1–7д=0%; в тот же день=?100%; правила иных ролей не выполнены",3,False,1,1,33225.0,13526.27,1,1,0.0002935942953782791,0.40711121143717083,False,1.922024458454748e-05,exact,2248,0.2871452420701169,2,0,1.0,1.0,0.0,0.0,0.0,13526.27,1.0,0.0,False,False,sample_only,46751.270000000004,2,0.55,1.0
100000006972210100,consolidator,0.80983,4,0.583345,Гипотеза сбора: отправителей=3; вход=488775.00 KZT; выход/вход=0.00; крупнейший вход=50%,1,False,3,0,488775.0,0.0,4,0,0.000346296000353762,0.0,False,0.0,exact,2248,0.0,3,2,0.5017032376860519,0.0,0.0,0.0,0.0,0.0,0.0,0.0,False,False,sample_only,488775.0,4,0.80983,1.0
100000006977207100,distributor,0.878351,8,0.793508,"Гипотеза распределения: входов=1, получателей=15; выход=4157018.00 KZT; крупнейший выход=14%; источник средств неизвестен",2,False,1,15,414000.0,4157018.0,1,15,0.0003478854757097018,10.041106280193237,False,3.277348921942426e-05,exact,2248,0.5208681135225376,16,3,1.0,0.14432605295430523,0.0,0.0,0.0,0.0,0.0,1.0,False,False,sample_only,4571018.0,16,0.878351,1.0
100000006989106100,terminal,0.59,1,0.407279,"Наблюдаемый получатель: входов=1, вход=64000.00 KZT; выход=0; глубина=2; вне выборки операции неизвестны",2,False,1,0,64000.0,0.0,2,0,0.0004956408524122075,0.0,False,0.0,exact,2248,0.0,1,0,1.0,0.0,0.0,0.0,0.0,0.0,0.0,0.0,False,False,sample_only,64000.0,2,0.59,1.0
100000006989232100,terminal,0.59,0,0.152927,"Наблюдаемый получатель: входов=1, вход=22194.00 KZT; выход=0; глубина=3; вне выборки операции неизвестны",3,False,1,0,22194.0,0.0,1,0,0.00028753750814532387,0.0,False,0.0,exact,2248,0.0,1,0,1.0,0.0,0.0,0.0,0.0,0.0,0.0,0.0,False,False,sample_only,22194.0,1,0.59,1.0
100000006994985100,peripheral,0.55,1,0.576269,"Мало связей: входов=1, выходов=1; оборот=58700.00 KZT; FIFO 1–7д=100%; в тот же день=?0%; правила иных ролей не выполнены",2,False,1,1,48500.0,10200.0,2,2,0.0005013304862324077,0.21030927835051547,False,1.9616538287321655e-05,exact,2248,0.3831385642737897,2,0,1.0,1.0,1.0,10200.0,1.0,0.0,0.0,0.0,False,False,sample_only,58700.0,4,0.55,1.0
100000007005380100,terminal,0.59,10,0.173834,"Наблюдаемый получатель: входов=1, вход=9400.00 KZT; выход=0; глубина=3; вне выборки операции неизвестны",3,False,1,0,9400.0,0.0,1,0,0.000303095707083968,0.0,False,0.0,exact,2248,0.0,1,0,1.0,0.0,0.0,0.0,0.0,0.0,0.0,0.0,False,False,sample_only,9400.0,1,0.59,1.0
100000007018630100,peripheral,0.55,37,0.344179,"Мало связей: входов=0, выходов=1; оборот=200000.00 KZT; FIFO 1–7д=0%; в тот же день=?0%; правила иных ролей не выполнены; seed: вход неполон",0,True,0,1,0.0,200000.0,0,5,0.0002855692942172909,,False,0.0,exact,2248,0.0,1,0,0.0,1.0,0.0,0.0,0.0,0.0,0.0,1.0,True,False,seed_inflows_incomplete,200000.0,5,0.55,1.0
100000007020162100,terminal,0.59,40,0.330002,"Наблюдаемый получатель: входов=1, вход=86395.00 KZT; выход=0; глубина=3; вне выборки операции неизвестны",3,False,1,0,86395.0,0.0,1,0,0.0003099889827531998,0.0,False,0.0,exact,2248,0.0,1,0,1.0,0.0,0.0,0.0,0.0,0.0,0.0,0.0,False,False,sample_only,86395.0,1,0.59,1.0
100000007022818100,terminal,0.59,22,0.140568,"Наблюдаемый получатель: входов=1, вход=17200.00 KZT; выход=0; глубина=3; вне выборки операции неизвестны",3,False,1,0,17200.0,0.0,1,0,0.000288253832019236,0.0,False,0.0,exact,2248,0.0,1,0,1.0,0.0,0.0,0.0,0.0,0.0,0.0,0.0,False,False,sample_only,17200.0,1,0.59,1.0
100000007034089100,peripheral,0.2,4,0.488066,"Вход=2, 198000.00 KZT; выход=0; глубина=4: обход обрезан, конечная роль неизвестна",4,False,2,0,198000.0,0.0,2,0,0.00032111599242809935,0.0,True,0.0,exact,2248,0.0,2,0,0.9595959595959596,0.0,0.0,0.0,0.0,0.0,0.0,0.0,False,True,depth_outflows_incomplete,198000.0,2,0.2,1.0
100000007042175100,peripheral,0.2,0,0.378903,"Вход=1, 60000.00 KZT; выход=0; глубина=4: обход обрезан, конечная роль неизвестна",4,False,1,0,60000.0,0.0,1,0,0.0005340058628254454,0.0,True,0.0,exact,2248,0.0,1,0,1.0,0.0,0.0,0.0,0.0,0.0,0.0,0.0,False,True,depth_outflows_incomplete,60000.0,1,0.2,1.0
100000007055802100,consolidator,0.825062,0,0.770811,Гипотеза сбора: отправителей=6; вход=2024999.00 KZT; выход/вход=0.30; крупнейший вход=50%,1,False,6,1,2024999.0,605000.0,34,7,0.0011819243661223145,0.29876557963732325,False,4.359230730515923e-06,exact,2248,0.18113522537562604,6,2,0.5012348154246002,1.0,0.3933884297520661,238000.0,0.3933884297520661,170000.0,0.2809917355371901,0.3256198347107438,False,False,sample_only,2629999.0,41,0.825062,1.0
100000007071852100,peripheral,0.2,8,0.432604,"Вход=1, 195000.00 KZT; выход=0; глубина=4: обход обрезан, конечная роль неизвестна",4,False,1,0,195000.0,0.0,1,0,0.0004435147927696225,0.0,True,0.0,exact,2248,0.0,1,0,1.0,0.0,0.0,0.0,0.0,0.0,0.0,0.0,False,True,depth_outflows_incomplete,195000.0,1,0.2,1.0
100000007129492100,peripheral,0.3,11,0.543078,"Роль неоднозначна: входов=2, выходов=1; оборот=87990.00 KZT; FIFO 1–7д=0%; в тот же день=?70%; правила иных ролей не выполнены",1,False,2,1,50990.0,37000.0,2,1,0.0002945171129254455,0.725632476956266,False,2.5164650126160102e-05,exact,2248,0.506677796327212,3,1,0.5097077858403608,1.0,0.0,0.0,0.0,25990.0,0.7024324324324325,0.2975675675675676,False,False,sample_only,87990.0,3,0.3,1.0
100000007131370100,peripheral,0.55,3,0.438952,"Мало связей: входов=1, выходов=1; оборот=60000.00 KZT; FIFO 1–7д=0%; в тот же день=?0%; правила иных ролей не выполнены",3,False,1,1,30000.0,30000.0,1,1,0.0008999890359090033,1.0,False,0.0,exact,2248,0.0,1,0,1.0,1.0,0.0,0.0,0.0,0.0,0.0,1.0,False,False,sample_only,60000.0,2,0.55,1.0
100000007138613100,consolidator,0.786297,0,0.769389,Гипотеза сбора: отправителей=3; вход=1002000.00 KZT; выход/вход=0.18; крупнейший вход=47%,3,False,3,2,1002000.0,179000.0,3,2,0.00035417522726660834,0.17864271457085829,False,3.883678287186913e-05,exact,2248,0.5684474123539232,5,1,0.469061876247505,0.8044692737430168,0.0,0.0,0.0,0.0,0.0,1.0,False,False,sample_only,1181000.0,5,0.786297,1.0
100000007140834100,terminal,0.59,1,0.317149,"Наблюдаемый получатель: входов=1, вход=10200.00 KZT; выход=0; глубина=3; вне выборки операции неизвестны",3,False,1,0,10200.0,0.0,2,0,0.0007122600056993953,0.0,False,0.0,exact,2248,0.0,1,0,1.0,0.0,0.0,0.0,0.0,0.0,0.0,0.0,False,False,sample_only,10200.0,2,0.59,1.0
100000007153161100,peripheral,0.2,0,0.350998,"Вход=1, 44997.00 KZT; выход=0; глубина=4: обход обрезан, конечная роль неизвестна",4,False,1,0,44997.0,0.0,1,0,0.0005309451743246838,0.0,True,0.0,exact,2248,0.0,1,0,1.0,0.0,0.0,0.0,0.0,0.0,0.0,0.0,False,True,depth_outflows_incomplete,44997.0,1,0.2,1.0
100000007170072100,transit,0.8995,8,0.652812,"Гипотеза транзита: вход=100000.00, выход=99500.00 KZT; FIFO 1–7д=100%; в тот же день=?0%; те же деньги не установлены",3,False,1,2,100000.0,99500.0,1,9,0.0003076581045462558,0.995,False,3.844048916909496e-05,exact,2248,0.5450751252086812,3,0,1.0,0.7989949748743719,1.0,99500.0,1.0,0.0,0.0,0.0,False,False,sample_only,199500.0,10,0.8995,1.0
100000007173936100,terminal,0.59,33,0.102905,"Наблюдаемый получатель: входов=1, вход=10000.00 KZT; выход=0; глубина=2; вне выборки операции неизвестны",2,False,1,0,10000.0,0.0,1,0,0.00028681863055512655,0.0,False,0.0,exact,2248,0.0,1,0,1.0,0.0,0.0,0.0,0.0,0.0,0.0,0.0,False,False,sample_only,10000.0,1,0.59,1.0
100000007175718100,terminal,0.59,52,0.217037,"Наблюдаемый получатель: входов=1, вход=20000.00 KZT; выход=0; глубина=1; вне выборки операции неизвестны",1,False,1,0,20000.0,0.0,1,0,0.00030318655842831487,0.0,False,0.0,exact,2248,0.0,1,0,1.0,0.0,0.0,0.0,0.0,0.0,0.0,0.0,False,False,sample_only,20000.0,1,0.59,1.0
100000007181706100,terminal,0.63,2,0.479722,"Наблюдаемый получатель: входов=2, вход=176272.00 KZT; выход=0; глубина=1; вне выборки операции неизвестны",1,False,2,0,176272.0,0.0,2,0,0.00031906641503554804,0.0,False,0.0,exact,2248,0.0,2,1,0.9290868657529273,0.0,0.0,0.0,0.0,0.0,0.0,0.0,False,False,sample_only,176272.0,2,0.63,1.0
100000007197866100,peripheral,0.55,8,0.371136,"Мало связей: входов=1, выходов=1; оборот=35000.00 KZT; FIFO 1–7д=0%; в тот же день=?100%; правила иных ролей не выполнены",3,False,1,1,20000.0,15000.0,1,1,0.0002896384741784168,0.75,False,1.922024458454748e-05,exact,2248,0.2871452420701169,2,0,1.0,1.0,0.0,0.0,0.0,15000.0,1.0,0.0,False,False,sample_only,35000.0,2,0.55,1.0
100000007229557100,consolidator,0.803052,35,0.610576,Гипотеза сбора: отправителей=3; вход=878000.00 KZT; выход/вход=0.00; крупнейший вход=57%,3,False,3,0,878000.0,0.0,3,0,0.0003942093306983496,0.0,False,0.0,exact,2248,0.0,3,1,0.5694760820045558,0.0,0.0,0.0,0.0,0.0,0.0,0.0,False,False,sample_only,878000.0,3,0.803052,1.0
100000007242833100,peripheral,0.55,7,0.644501,"Мало связей: входов=1, выходов=1; оборот=152500.00 KZT; FIFO 1–7д=100%; в тот же день=?0%; правила иных ролей не выполнены",2,False,1,1,107500.0,45000.0,3,2,0.0005138001156911178,0.4186046511627907,False,1.981468513870874e-05,exact,2248,0.4073455759599332,2,0,1.0,1.0,1.0,45000.0,1.0,0.0,0.0,0.0,False,False,sample_only,152500.0,5,0.55,1.0
100000007267915100,peripheral,0.3,28,0.37332,"Роль неоднозначна: входов=2, выходов=1; оборот=31000.00 KZT; FIFO 1–7д=50%; в тот же день=?0%; правила иных ролей не выполнены",3,False,2,1,21000.0,10000.0,3,1,0.00029139460697907583,0.47619047619047616,False,1.6729898929614312e-06,exact,2248,0.1352253756260434,3,1,0.5238095238095238,1.0,1.0,5000.0,0.5,0.0,0.0,0.5,False,False,sample_only,31000.0,4,0.3,1.0
100000007274584100,terminal,0.59,2,0.232201,"Наблюдаемый получатель: входов=1, вход=38000.00 KZT; выход=0; глубина=1; вне выборки операции неизвестны",1,False,1,0,38000.0,0.0,1,0,0.0002931782787002525,0.0,False,0.0,exact,2248,0.0,1,0,1.0,0.0,0.0,0.0,0.0,0.0,0.0,0.0,False,False,sample_only,38000.0,1,0.59,1.0
100000007281639100,terminal,0.63,16,0.513257,"Наблюдаемый получатель: входов=2, вход=216770.00 KZT; выход=0; глубина=1; вне выборки операции неизвестны",1,False,2,0,216770.0,0.0,4,0,0.0003235711404553908,0.0,False,0.0,exact,2248,0.0,2,1,0.6781381187433686,0.0,0.0,0.0,0.0,0.0,0.0,0.0,False,False,sample_only,216770.0,4,0.63,1.0
100000007283257100,terminal,0.59,71,0.481595,"Наблюдаемый получатель: входов=1, вход=192000.00 KZT; выход=0; глубина=1; вне выборки операции неизвестны",1,False,1,0,192000.0,0.0,7,0,0.00038906884568361,0.0,False,0.0,exact,2248,0.0,1,0,1.0,0.0,0.0,0.0,0.0,0.0,0.0,0.0,False,False,sample_only,192000.0,7,0.59,1.0
100000007289427100,terminal,0.59,2,0.238212,"Наблюдаемый получатель: входов=1, вход=12300.00 KZT; выход=0; глубина=2; вне выборки операции неизвестны",2,False,1,0,12300.0,0.0,1,0,0.0003736269529532968,0.0,False,0.0,exact,2248,0.0,1,0,1.0,0.0,0.0,0.0,0.0,0.0,0.0,0.0,False,False,sample_only,12300.0,1,0.59,1.0
100000007303047100,terminal,0.59,22,0.261003,"Наблюдаемый получатель: входов=1, вход=52250.00 KZT; выход=0; глубина=3; вне выборки операции неизвестны",3,False,1,0,52250.0,0.0,1,0,0.00029372435817959507,0.0,False,0.0,exact,2248,0.0,1,0,1.0,0.0,0.0,0.0,0.0,0.0,0.0,0.0,False,False,sample_only,52250.0,1,0.59,1.0
100000007311010100,peripheral,0.3,2,0.572712,"Роль неоднозначна: входов=2, выходов=1; оборот=84480.00 KZT; FIFO 1–7д=0%; в тот же день=?0%; правила иных ролей не выполнены",1,False,2,1,64480.0,20000.0,2,1,0.0003093598362490275,0.31017369727047145,False,2.3975769017837576e-05,exact,2248,0.4958263772954925,3,0,0.5893300248138957,1.0,0.0,0.0,0.0,0.0,0.0,1.0,False,False,sample_only,84480.0,3,0.3,1.0
100000007322059100,peripheral,0.55,41,0.647026,"Мало связей: входов=2, выходов=1; оборот=51500.00 KZT; FIFO 1–7д=22%; в тот же день=?69%; правила иных ролей не выполнены",2,False,2,1,29000.0,22500.0,2,2,0.0006801571631888193,0.7758620689655172,False,4.0025663980191654e-05,exact,2248,0.5934891485809682,2,0,0.8275862068965517,1.0,0.3111111111111111,5000.0,0.2222222222222222,15500.0,0.6888888888888889,0.08888888888888889,False,False,sample_only,51500.0,4,0.55,1.0
100000007330432100,peripheral,0.2,51,0.503847,"Вход=1, 584900.00 KZT; выход=0; глубина=4: обход обрезан, конечная роль неизвестна",4,False,1,0,584900.0,0.0,1,0,0.00053817599306743,0.0,True,0.0,exact,2248,0.0,1,0,1.0,0.0,0.0,0.0,0.0,0.0,0.0,0.0,False,True,depth_outflows_incomplete,584900.0,1,0.2,1.0
100000007333038100,peripheral,0.3,24,0.435834,"Роль неоднозначна: входов=1, выходов=2; оборот=52494.00 KZT; FIFO 1–7д=0%; в тот же день=?0%; правила иных ролей не выполнены",3,False,1,2,17500.0,34994.0,1,2,0.00029968918055683897,1.9996571428571428,False,1.5851748110966993e-06,exact,2248,0.1293823038397329,3,0,1.0,0.6510258901525976,0.0,0.0,0.0,0.0,0.0,1.0,False,False,sample_only,52494.0,3,0.3,1.0
100000007334196100,terminal,0.59,11,0.361137,"Наблюдаемый получатель: входов=1, вход=150002.00 KZT; выход=0; глубина=1; вне выборки операции неизвестны",1,False,1,0,150002.0,0.0,1,0,0.0003083201238991253,0.0,False,0.0,exact,2248,0.0,1,0,1.0,0.0,0.0,0.0,0.0,0.0,0.0,0.0,False,False,sample_only,150002.0,1,0.59,1.0
100000007337374100,terminal,0.59,22,0.215399,"Наблюдаемый получатель: входов=1, вход=20000.00 KZT; выход=0; глубина=2; вне выборки операции неизвестны",2,False,1,0,20000.0,0.0,2,0,0.0002923620404292881,0.0,False,0.0,exact,2248,0.0,1,0,1.0,0.0,0.0,0.0,0.0,0.0,0.0,0.0,False,False,sample_only,20000.0,2,0.59,1.0
100000007347733100,terminal,0.59,81,0.266476,"Наблюдаемый получатель: входов=1, вход=23007.00 KZT; выход=0; глубина=1; вне выборки операции неизвестны",1,False,1,0,23007.0,0.0,1,0,0.0003456840263989009,0.0,False,0.0,exact,2248,0.0,1,0,1.0,0.0,0.0,0.0,0.0,0.0,0.0,0.0,False,False,sample_only,23007.0,1,0.59,1.0
100000007357489100,peripheral,0.2,4,0.46725,"Вход=2, 164500.00 KZT; выход=0; глубина=4: обход обрезан, конечная роль неизвестна",4,False,2,0,164500.0,0.0,2,0,0.00031295949170801585,0.0,True,0.0,exact,2248,0.0,2,0,0.6990881458966566,0.0,0.0,0.0,0.0,0.0,0.0,0.0,False,True,depth_outflows_incomplete,164500.0,2,0.2,1.0
100000007381662100,peripheral,0.2,0,0.167418,"Вход=1, 11000.00 KZT; выход=0; глубина=4: обход обрезан, конечная роль неизвестна",4,False,1,0,11000.0,0.0,1,0,0.0002968339281028911,0.0,True,0.0,exact,2248,0.0,1,0,1.0,0.0,0.0,0.0,0.0,0.0,0.0,0.0,False,True,depth_outflows_incomplete,11000.0,1,0.2,1.0
100000007382152100,terminal,0.59,0,0.087337,"Наблюдаемый получатель: входов=1, вход=5860.00 KZT; выход=0; глубина=2; вне выборки операции неизвестны",2,False,1,0,5860.0,0.0,1,0,0.0002864808806193007,0.0,False,0.0,exact,2248,0.0,1,0,1.0,0.0,0.0,0.0,0.0,0.0,0.0,0.0,False,False,sample_only,5860.0,1,0.59,1.0
100000007382543100,peripheral,0.3,15,0.903981,"Роль неоднозначна: входов=3, выходов=5; оборот=645000.00 KZT; FIFO 1–7д=26%; в тот же день=?23%; правила иных ролей не выполнены",2,False,3,5,218000.0,427000.0,3,8,0.0011904909010560462,1.9587155963302751,False,0.00024447708068909153,exact,2248,0.8497495826377296,6,1,0.5045871559633027,0.585480093676815,0.2576112412177986,110000.0,0.2576112412177986,100000.0,0.234192037470726,0.5081967213114754,False,False,sample_only,645000.0,11,0.3,1.0
100000007390016100,transit,0.806697,82,0.616655,"Гипотеза транзита: вход=511000.00, выход=346500.00 KZT; FIFO 1–7д=83%; в тот же день=?14%; те же деньги не установлены",3,False,1,1,511000.0,346500.0,13,14,0.0018430013608097095,0.678082191780822,False,0.0,exact,2248,0.0,1,0,1.0,1.0,0.9134199134199135,286000.0,0.8253968253968254,50000.0,0.1443001443001443,0.030303030303030304,False,False,sample_only,857500.0,27,0.806697,1.0
100000007392365100,distributor,0.770334,62,0.713821,"Гипотеза распределения: входов=1, получателей=6; выход=1765600.00 KZT; крупнейший выход=33%; источник средств неизвестен",3,False,1,6,9613.0,1765600.0,1,9,0.0002861106980605716,183.66794965151357,False,0.00011532146750728487,exact,2248,0.7621035058430717,7,1,1.0,0.3311055731762574,0.022655188038060717,9613.0,0.005444608065246942,0.0,0.0,0.9945553919347531,False,False,sample_only,1775213.0,10,0.770334,1.0
100000007442518100,peripheral,0.3,33,0.933752,"Роль неоднозначна: входов=5, выходов=9; оборот=4929999.00 KZT; FIFO 1–7д=9%; в тот же день=?0%; правила иных ролей не выполнены",1,False,5,9,510000.0,4419999.0,8,12,0.0006487732246506228,8.666664705882352,False,0.0002522409418157623,exact,2248,0.8530884808013356,14,4,0.38235294117647056,0.6787331852337524,1.0,379000.0,0.08574662573453071,6000.0,0.0013574663704675046,0.9128959078950017,False,False,sample_only,4929999.0,20,0.3,1.0
100000007472293100,distributor,0.666158,57,0.612817,"Гипотеза распределения: входов=1, получателей=3; выход=345900.00 KZT; крупнейший выход=63%; источник средств неизвестен",3,False,1,3,5000.0,345900.0,1,3,0.00028633291495751956,69.18,False,4.803409922375311e-05,exact,2248,0.6277128547579299,4,1,1.0,0.6256143394044521,1.0,5000.0,0.014455044810638912,0.0,0.0,0.9855449551893611,False,False,sample_only,350900.0,4,0.666158,1.0
100000007484343100,terminal,0.63,0,0.276267,"Наблюдаемый получатель: входов=2, вход=26757.00 KZT; выход=0; глубина=3; вне выборки операции неизвестны",3,False,2,0,26757.0,0.0,2,0,0.0002891334225528798,0.0,False,0.0,exact,2248,0.0,2,0,0.6241357401801397,0.0,0.0,0.0,0.0,0.0,0.0,0.0,False,False,sample_only,26757.0,2,0.63,1.0
100000007487729100,terminal,0.59,0,0.206427,"Наблюдаемый получатель: входов=1, вход=25000.00 KZT; выход=0; глубина=3; вне выборки операции неизвестны",3,False,1,0,25000.0,0.0,1,0,0.0002941149149674853,0.0,False,0.0,exact,2248,0.0,1,0,1.0,0.0,0.0,0.0,0.0,0.0,0.0,0.0,False,False,sample_only,25000.0,1,0.59,1.0
100000007507343100,terminal,0.59,55,0.496983,"Наблюдаемый получатель: входов=1, вход=370000.00 KZT; выход=0; глубина=1; вне выборки операции неизвестны",1,False,1,0,370000.0,0.0,1,0,0.0006416178761806934,0.0,False,0.0,exact,2248,0.0,1,0,1.0,0.0,0.0,0.0,0.0,0.0,0.0,0.0,False,False,sample_only,370000.0,1,0.59,1.0
100000007510567100,peripheral,0.2,18,0.29216,"Вход=1, 52000.00 KZT; выход=0; глубина=4: обход обрезан, конечная роль неизвестна",4,False,1,0,52000.0,0.0,1,0,0.00030503440290359675,0.0,True,0.0,exact,2248,0.0,1,0,1.0,0.0,0.0,0.0,0.0,0.0,0.0,0.0,False,True,depth_outflows_incomplete,52000.0,1,0.2,1.0
100000007510875100,terminal,0.59,4,0.203623,"Наблюдаемый получатель: входов=1, вход=5000.00 KZT; выход=0; глубина=3; вне выборки операции неизвестны",3,False,1,0,5000.0,0.0,1,0,0.00035624626017075875,0.0,False,0.0,exact,2248,0.0,1,0,1.0,0.0,0.0,0.0,0.0,0.0,0.0,0.0,False,False,sample_only,5000.0,1,0.59,1.0
100000007511163100,peripheral,0.3,16,0.726087,"Роль неоднозначна: входов=2, выходов=3; оборот=145718.00 KZT; FIFO 1–7д=0%; в тот же день=?60%; правила иных ролей не выполнены",1,False,2,3,63666.0,82052.0,2,3,0.00033959732516021757,1.2887883642760658,False,0.00013645713165524087,exact,2248,0.7946577629382304,4,1,0.7696415669274024,0.5971822746550968,0.0,0.0,0.0,49000.0,0.5971822746550968,0.40281772534490323,False,False,sample_only,145718.0,5,0.3,1.0
100000007511780100,peripheral,0.2,0,0.478297,"Вход=1, 155000.00 KZT; выход=0; глубина=4: обход обрезан, конечная роль неизвестна",4,False,1,0,155000.0,0.0,2,0,0.0005577703986813199,0.0,True,0.0,exact,2248,0.0,1,0,1.0,0.0,0.0,0.0,0.0,0.0,0.0,0.0,False,True,depth_outflows_incomplete,155000.0,2,0.2,1.0
100000007534354100,distributor,0.708437,18,0.54486,"Гипотеза распределения: входов=1, получателей=3; выход=147810.00 KZT; крупнейший выход=34%; источник средств неизвестен",2,False,1,3,50000.0,147810.0,1,3,0.00030354781418186465,2.9562,False,2.377762216645049e-06,exact,2248,0.15525876460767946,4,1,1.0,0.34375211420066304,0.0,0.0,0.0,0.0,0.0,1.0,False,False,sample_only,197810.0,4,0.708437,1.0
100000007536804100,peripheral,0.3,1,0.453424,"Роль неоднозначна: входов=1, выходов=2; оборот=155000.00 KZT; FIFO 1–7д=100%; в тот же день=?0%; правила иных ролей не выполнены",1,False,1,2,100000.0,55000.0,1,2,0.00029130351809237046,0.55,False,7.925874055483496e-07,exact,2248,0.06928213689482471,3,0,1.0,0.8181818181818182,1.0,55000.0,1.0,0.0,0.0,0.0,False,False,sample_only,155000.0,3,0.3,1.0
100000007539296100,peripheral,0.2,10,0.398822,"Вход=1, 46000.00 KZT; выход=0; глубина=4: обход обрезан, конечная роль неизвестна",4,False,1,0,46000.0,0.0,2,0,0.0005573238796527796,0.0,True,0.0,exact,2248,0.0,1,0,1.0,0.0,0.0,0.0,0.0,0.0,0.0,0.0,False,True,depth_outflows_incomplete,46000.0,2,0.2,1.0
100000007544358100,peripheral,0.3,16,0.69104,"Роль неоднозначна: входов=2, выходов=1; оборот=672500.00 KZT; FIFO 1–7д=43%; в тот же день=?6%; правила иных ролей не выполнены",1,False,2,1,322500.0,350000.0,2,3,0.0003405716742742659,1.0852713178294573,False,1.9616538287321655e-05,exact,2248,0.3831385642737897,3,0,0.9302325581395349,1.0,0.7142857142857143,150000.0,0.42857142857142855,22500.0,0.06428571428571428,0.5071428571428571,False,False,sample_only,672500.0,5,0.3,1.0
100000007591246100,peripheral,0.55,12,0.446346,"Мало связей: входов=1, выходов=1; оборот=132190.00 KZT; FIFO 1–7д=0%; в тот же день=?0%; правила иных ролей не выполнены",3,False,1,1,12190.0,120000.0,1,1,0.00029789309382384895,9.844134536505333,False,1.0237587321666182e-06,exact,2248,0.08848080133555926,2,1,1.0,1.0,0.0,0.0,0.0,0.0,0.0,1.0,False,False,sample_only,132190.0,2,0.55,1.0
100000007593823100,coordinator,0.883973,0,0.718459,"Гипотеза связующего: соседей=15, внешних сообществ=4; посредничество=0.00068; не доказательство управления",3,False,3,13,25000.0,162900.0,3,21,0.000290592094563477,6.516,False,0.0006813203182041415,exact,2248,0.9198664440734557,15,4,0.4,0.2332719459791283,0.6157151626764886,10000.0,0.061387354205033766,15000.0,0.09208103130755065,0.8465316144874155,False,False,sample_only,187900.0,24,0.883973,1.0
100000007594394100,peripheral,0.3,43,0.809163,"Роль неоднозначна: входов=6, выходов=1; оборот=3771697.00 KZT; FIFO 1–7д=0%; в тот же день=?12%; правила иных ролей не выполнены",2,False,6,1,395385.0,3376312.0,6,40,0.0004055854787031871,8.539302199122375,False,3.619949596230439e-05,exact,2248,0.5275459098497496,6,3,0.3287934544810754,1.0,0.5215489563760695,5385.0,0.0015949355391326394,390000.0,0.11551065185918837,0.882894412601679,False,False,sample_only,3771697.0,46,0.3,1.0
100000007597382100,terminal,0.59,10,0.12085,"Наблюдаемый получатель: входов=1, вход=15700.00 KZT; выход=0; глубина=3; вне выборки операции неизвестны",3,False,1,0,15700.0,0.0,1,0,0.00028607811825025404,0.0,False,0.0,exact,2248,0.0,1,0,1.0,0.0,0.0,0.0,0.0,0.0,0.0,0.0,False,False,sample_only,15700.0,1,0.59,1.0
100000007617808100,terminal,0.59,16,0.456314,"Наблюдаемый получатель: входов=1, вход=450000.00 KZT; выход=0; глубина=2; вне выборки операции неизвестны",2,False,1,0,450000.0,0.0,1,0,0.0003601043534538582,0.0,False,0.0,exact,2248,0.0,1,0,1.0,0.0,0.0,0.0,0.0,0.0,0.0,0.0,False,False,sample_only,450000.0,1,0.59,1.0
100000007618425100,terminal,0.59,28,0.242115,"Наблюдаемый получатель: входов=1, вход=39348.00 KZT; выход=0; глубина=3; вне выборки операции неизвестны",3,False,1,0,39348.0,0.0,1,0,0.0002950732143281281,0.0,False,0.0,exact,2248,0.0,1,0,1.0,0.0,0.0,0.0,0.0,0.0,0.0,0.0,False,False,sample_only,39348.0,1,0.59,1.0
100000007629096100,transit,0.772181,0,0.764344,"Гипотеза транзита: вход=1075170.00, выход=765205.00 KZT; FIFO 1–7д=72%; в тот же день=?22%; те же деньги не установлены",2,False,4,1,1075170.0,765205.0,5,5,0.0024724059471072494,0.7117060557865268,False,1.525730755680573e-05,exact,2248,0.21202003338898165,4,1,0.4650427374275696,1.0,0.7825615357975967,548785.0,0.7171738292353029,166385.0,0.2174384642024033,0.06538770656229377,False,False,sample_only,1840375.0,10,0.772181,1.0
100000007629121100,terminal,0.59,2,0.301783,"Наблюдаемый получатель: входов=1, вход=29000.00 KZT; выход=0; глубина=2; вне выборки операции неизвестны",2,False,1,0,29000.0,0.0,1,0,0.00039603609156140836,0.0,False,0.0,exact,2248,0.0,1,0,1.0,0.0,0.0,0.0,0.0,0.0,0.0,0.0,False,False,sample_only,29000.0,1,0.59,1.0
100000007631637100,terminal,0.59,22,0.138526,"Наблюдаемый получатель: входов=1, вход=15341.00 KZT; выход=0; глубина=1; вне выборки операции неизвестны",1,False,1,0,15341.0,0.0,1,0,0.0002887891904207813,0.0,False,0.0,exact,2248,0.0,1,0,1.0,0.0,0.0,0.0,0.0,0.0,0.0,0.0,False,False,sample_only,15341.0,1,0.59,1.0
100000007639767100,coordinator,0.895326,0,0.839749,"Гипотеза связующего: соседей=11, внешних сообществ=4; посредничество=0.00251; не доказательство управления",1,False,4,10,90913.0,822244.0,4,13,0.000301440039227222,9.044295095310902,False,0.0025112211996485044,exact,2248,0.9766277128547579,11,4,0.3065348190027829,0.6080920018875176,0.34326063796148104,59466.0,0.07232159796848624,0.0,0.0,0.9276784020315137,False,False,sample_only,913157.0,17,0.895326,1.0
100000007641183100,terminal,0.59,16,0.179688,"Наблюдаемый получатель: входов=1, вход=28000.00 KZT; выход=0; глубина=1; вне выборки операции неизвестны",1,False,1,0,28000.0,0.0,1,0,0.00028857979971603717,0.0,False,0.0,exact,2248,0.0,1,0,1.0,0.0,0.0,0.0,0.0,0.0,0.0,0.0,False,False,sample_only,28000.0,1,0.59,1.0
100000007641801100,terminal,0.59,1,0.353443,"Наблюдаемый получатель: входов=1, вход=200000.00 KZT; выход=0; глубина=1; вне выборки операции неизвестны",1,False,1,0,200000.0,0.0,1,0,0.0002970377419674501,0.0,False,0.0,exact,2248,0.0,1,0,1.0,0.0,0.0,0.0,0.0,0.0,0.0,0.0,False,False,sample_only,200000.0,1,0.59,1.0
100000007647294100,terminal,0.59,38,0.494067,"Наблюдаемый получатель: входов=1, вход=385000.00 KZT; выход=0; глубина=3; вне выборки операции неизвестны",3,False,1,0,385000.0,0.0,1,0,0.000579218128600068,0.0,False,0.0,exact,2248,0.0,1,0,1.0,0.0,0.0,0.0,0.0,0.0,0.0,0.0,False,False,sample_only,385000.0,1,0.59,1.0
100000007648946100,transit,0.8019,12,0.351503,"Гипотеза транзита: вход=19550.00, выход=25000.00 KZT; FIFO 1–7д=78%; в тот же день=?0%; те же деньги не установлены",1,False,1,1,19550.0,25000.0,1,1,0.0002892378990904645,1.278772378516624,False,2.913094374797417e-06,exact,2248,0.1652754590984975,2,1,1.0,1.0,1.0,19550.0,0.782,0.0,0.0,0.218,False,False,sample_only,44550.0,2,0.8019,1.0
100000007653003100,terminal,0.59,28,0.32648,"Наблюдаемый получатель: входов=1, вход=100000.00 KZT; выход=0; глубина=3; вне выборки операции неизвестны",3,False,1,0,100000.0,0.0,1,0,0.0003013091989193027,0.0,False,0.0,exact,2248,0.0,1,0,1.0,0.0,0.0,0.0,0.0,0.0,0.0,0.0,False,False,sample_only,100000.0,1,0.59,1.0
100000007653094100,peripheral,0.2,12,0.293686,"Вход=1, 16000.00 KZT; выход=0; глубина=4: обход обрезан, конечная роль неизвестна",4,False,1,0,16000.0,0.0,1,0,0.0005754742432917503,0.0,True,0.0,exact,2248,0.0,1,0,1.0,0.0,0.0,0.0,0.0,0.0,0.0,0.0,False,True,depth_outflows_incomplete,16000.0,1,0.2,1.0
100000007689942100,peripheral,0.55,43,0.561482,"Мало связей: входов=1, выходов=2; оборот=30000.00 KZT; FIFO 1–7д=0%; в тот же день=?0%; правила иных ролей не выполнены",3,False,1,2,5000.0,25000.0,1,2,0.0008925911171850297,5.0,False,1.981468513870874e-05,exact,2248,0.4073455759599332,2,0,1.0,0.8,0.0,0.0,0.0,0.0,0.0,1.0,False,False,sample_only,30000.0,3,0.55,1.0
100000007731977100,peripheral,0.2,0,0.319684,"Вход=1, 50000.00 KZT; выход=0; глубина=4: обход обрезан, конечная роль неизвестна",4,False,1,0,50000.0,0.0,1,0,0.0003367721755154738,0.0,True,0.0,exact,2248,0.0,1,0,1.0,0.0,0.0,0.0,0.0,0.0,0.0,0.0,False,True,depth_outflows_incomplete,50000.0,1,0.2,1.0
100000007737775100,terminal,0.59,11,0.165511,"Наблюдаемый получатель: входов=1, вход=6000.00 KZT; выход=0; глубина=3; вне выборки операции неизвестны",3,False,1,0,6000.0,0.0,1,0,0.00030312962676534933,0.0,False,0.0,exact,2248,0.0,1,0,1.0,0.0,0.0,0.0,0.0,0.0,0.0,0.0,False,False,sample_only,6000.0,1,0.59,1.0
100000007745062100,peripheral,0.2,7,0.425628,"Вход=1, 100000.00 KZT; выход=0; глубина=4: обход обрезан, конечная роль неизвестна",4,False,1,0,100000.0,0.0,1,0,0.0006252799425245716,0.0,True,0.0,exact,2248,0.0,1,0,1.0,0.0,0.0,0.0,0.0,0.0,0.0,0.0,False,True,depth_outflows_incomplete,100000.0,1,0.2,1.0
100000007747786100,distributor,0.65,1,0.545267,"Гипотеза распределения: входов=0, получателей=31; выход=4238009.40 KZT; крупнейший выход=18%; источник средств неизвестен; seed: вход неполон",0,True,0,31,0.0,4238009.4,0,35,0.0002855692942172909,,False,0.0,exact,2248,0.0,31,6,0.0,0.17503075854432978,0.0,0.0,0.0,0.0,0.0,1.0,True,False,seed_inflows_incomplete,4238009.4,35,0.873745,0.65
100000007749092100,peripheral,0.55,16,0.483345,"Мало связей: входов=1, выходов=1; оборот=78025.00 KZT; FIFO 1–7д=0%; в тот же день=?0%; правила иных ролей не выполнены",2,False,1,1,7650.0,70375.0,1,5,0.0018044164784854861,9.199346405228757,False,0.0,exact,2248,0.0,1,0,1.0,1.0,0.0,0.0,0.0,0.0,0.0,1.0,False,False,sample_only,78025.0,6,0.55,1.0
100000007749747100,peripheral,0.2,42,0.349652,"Вход=1, 50000.00 KZT; выход=0; глубина=4: обход обрезан, конечная роль неизвестна",4,False,1,0,50000.0,0.0,1,0,0.000443621967101852,0.0,True,0.0,exact,2248,0.0,1,0,1.0,0.0,0.0,0.0,0.0,0.0,0.0,0.0,False,True,depth_outflows_incomplete,50000.0,1,0.2,1.0
100000007754369100,terminal,0.59,0,0.281146,"Наблюдаемый получатель: входов=1, вход=82424.00 KZT; выход=0; глубина=3; вне выборки операции неизвестны",3,False,1,0,82424.0,0.0,1,0,0.00029287884025694984,0.0,False,0.0,exact,2248,0.0,1,0,1.0,0.0,0.0,0.0,0.0,0.0,0.0,0.0,False,False,sample_only,82424.0,1,0.59,1.0
100000007777377100,peripheral,0.3,16,0.796352,"Роль неоднозначна: входов=1, выходов=2; оборот=466290.00 KZT; FIFO 1–7д=100%; в тот же день=?0%; правила иных ролей не выполнены",2,False,1,2,456290.0,10000.0,7,2,0.0003611461879485204,0.021915886826360427,False,0.00013592874005154197,exact,2248,0.7929883138564274,3,1,1.0,0.5,1.0,10000.0,1.0,0.0,0.0,0.0,False,False,sample_only,466290.0,9,0.3,1.0
100000007793871100,terminal,0.59,18,0.381954,"Наблюдаемый получатель: входов=1, вход=26000.00 KZT; выход=0; глубина=3; вне выборки операции неизвестны",3,False,1,0,26000.0,0.0,3,0,0.0006872267875117614,0.0,False,0.0,exact,2248,0.0,1,0,1.0,0.0,0.0,0.0,0.0,0.0,0.0,0.0,False,False,sample_only,26000.0,3,0.59,1.0
100000007797290100,peripheral,0.55,0,0.502316,"Мало связей: входов=1, выходов=1; оборот=120000.00 KZT; FIFO 1–7д=0%; в тот же день=?0%; правила иных ролей не выполнены",2,False,1,1,100000.0,20000.0,1,1,0.0003011253761628506,0.2,False,1.922024458454748e-05,exact,2248,0.2871452420701169,2,0,1.0,1.0,0.0,0.0,0.0,0.0,0.0,1.0,False,False,sample_only,120000.0,2,0.55,1.0
100000007811950100,peripheral,0.2,13,0.369482,"Вход=1, 50000.00 KZT; выход=0; глубина=4: обход обрезан, конечная роль неизвестна",4,False,1,0,50000.0,0.0,1,0,0.0005462285400719734,0.0,True,0.0,exact,2248,0.0,1,0,1.0,0.0,0.0,0.0,0.0,0.0,0.0,0.0,False,True,depth_outflows_incomplete,50000.0,1,0.2,1.0
100000007841978100,peripheral,0.2,10,0.482627,"Вход=1, 449000.00 KZT; выход=0; глубина=4: обход обрезан, конечная роль неизвестна",4,False,1,0,449000.0,0.0,1,0,0.0005063238893873197,0.0,True,0.0,exact,2248,0.0,1,0,1.0,0.0,0.0,0.0,0.0,0.0,0.0,0.0,False,True,depth_outflows_incomplete,449000.0,1,0.2,1.0
100000007861311100,terminal,0.59,1,0.319796,"Наблюдаемый получатель: входов=1, вход=45000.00 KZT; выход=0; глубина=2; вне выборки операции неизвестны",2,False,1,0,45000.0,0.0,1,0,0.0003585524623513075,0.0,False,0.0,exact,2248,0.0,1,0,1.0,0.0,0.0,0.0,0.0,0.0,0.0,0.0,False,False,sample_only,45000.0,1,0.59,1.0
100000007863304100,terminal,0.59,10,0.155238,"Наблюдаемый получатель: входов=1, вход=25000.00 KZT; выход=0; глубина=3; вне выборки операции неизвестны",3,False,1,0,25000.0,0.0,1,0,0.000286379523569143,0.0,False,0.0,exact,2248,0.0,1,0,1.0,0.0,0.0,0.0,0.0,0.0,0.0,0.0,False,False,sample_only,25000.0,1,0.59,1.0
100000007864477100,distributor,0.783145,0,0.72448,"Гипотеза распределения: входов=2, получателей=6; выход=203500.00 KZT; крупнейший выход=25%; источник средств неизвестен",3,False,2,6,76000.0,203500.0,2,10,0.0003047746949631922,2.6776315789473686,False,7.541973196343609e-05,exact,2248,0.6978297161936561,8,3,0.9210526315789473,0.2457002457002457,0.4914004914004914,34500.0,0.16953316953316952,35500.0,0.17444717444717445,0.6560196560196561,False,False,sample_only,279500.0,12,0.783145,1.0
100000007865484100,peripheral,0.2,62,0.504183,"Вход=1, 584600.00 KZT; выход=0; глубина=4: обход обрезан, конечная роль неизвестна",4,False,1,0,584600.0,0.0,2,0,0.0003661861672309278,0.0,True,0.0,exact,2248,0.0,1,0,1.0,0.0,0.0,0.0,0.0,0.0,0.0,0.0,False,True,depth_outflows_incomplete,584600.0,2,0.2,1.0
100000007867364100,peripheral,0.2,43,0.335655,"Вход=1, 41852.00 KZT; выход=0; глубина=4: обход обрезан, конечная роль неизвестна",4,False,1,0,41852.0,0.0,1,0,0.0004487382371459404,0.0,True,0.0,exact,2248,0.0,1,0,1.0,0.0,0.0,0.0,0.0,0.0,0.0,0.0,False,True,depth_outflows_incomplete,41852.0,1,0.2,1.0
100000007898453100,peripheral,0.55,2,0.659241,"Мало связей: входов=1, выходов=2; оборот=344750.00 KZT; FIFO 1–7д=8%; в тот же день=?0%; правила иных ролей не выполнены",2,False,1,2,24750.0,320000.0,1,2,0.0003330161085564525,12.929292929292929,False,2.3975769017837576e-05,exact,2248,0.4958263772954925,2,0,1.0,0.9375,0.9375,24750.0,0.07734375,0.0,0.0,0.92265625,False,False,sample_only,344750.0,3,0.55,1.0
100000007908818100,peripheral,0.3,8,0.8765,"Роль неоднозначна: входов=4, выходов=6; оборот=1029475.00 KZT; FIFO 1–7д=8%; в тот же день=?0%; правила иных ролей не выполнены",1,False,4,6,727475.0,302000.0,4,13,0.00047538119204737646,0.4151345407058662,False,0.00017753957884283033,exact,2248,0.8247078464106845,10,2,0.32317261761572563,0.6688741721854304,0.08278145695364239,25000.0,0.08278145695364239,0.0,0.0,0.9172185430463576,False,False,sample_only,1029475.0,17,0.3,1.0
100000007930878100,terminal,0.59,23,0.229464,"Наблюдаемый получатель: входов=1, вход=5000.00 KZT; выход=0; глубина=2; вне выборки операции неизвестны",2,False,1,0,5000.0,0.0,1,0,0.00048363772579278924,0.0,False,0.0,exact,2248,0.0,1,0,1.0,0.0,0.0,0.0,0.0,0.0,0.0,0.0,False,False,sample_only,5000.0,1,0.59,1.0
100000007938486100,terminal,0.59,22,0.237629,"Наблюдаемый получатель: входов=1, вход=39500.00 KZT; выход=0; глубина=1; вне выборки операции неизвестны",1,False,1,0,39500.0,0.0,1,0,0.00029385988153479773,0.0,False,0.0,exact,2248,0.0,1,0,1.0,0.0,0.0,0.0,0.0,0.0,0.0,0.0,False,False,sample_only,39500.0,1,0.59,1.0
100000007939160100,peripheral,0.55,23,0.647223,"Мало связей: входов=1, выходов=2; оборот=809300.00 KZT; FIFO 1–7д=0%; в тот же день=?0%; правила иных ролей не выполнены",1,False,1,2,795000.0,14300.0,2,2,0.0006653456234025181,0.017987421383647798,False,3.962937027741748e-07,exact,2248,0.030884808013355594,2,0,1.0,0.6503496503496503,0.0,0.0,0.0,0.0,0.0,1.0,False,False,sample_only,809300.0,4,0.55,1.0
100000007953156100,peripheral,0.55,40,0.507108,"Мало связей: входов=1, выходов=1; оборот=28000.00 KZT; FIFO 1–7д=0%; в тот же день=?0%; правила иных ролей не выполнены",2,False,1,1,18000.0,10000.0,1,1,0.0004778416683076007,0.5555555555555556,False,1.981468513870874e-05,exact,2248,0.4073455759599332,2,0,1.0,1.0,0.0,0.0,0.0,0.0,0.0,1.0,False,False,sample_only,28000.0,2,0.55,1.0
100000007960337100,peripheral,0.2,8,0.259432,"Вход=1, 35500.00 KZT; выход=0; глубина=4: обход обрезан, конечная роль неизвестна",4,False,1,0,35500.0,0.0,1,0,0.00030276808937766193,0.0,True,0.0,exact,2248,0.0,1,0,1.0,0.0,0.0,0.0,0.0,0.0,0.0,0.0,False,True,depth_outflows_incomplete,35500.0,1,0.2,1.0
100000007982728100,distributor,0.65,1,0.52555,"Гипотеза распределения: входов=0, получателей=8; выход=1804384.00 KZT; крупнейший выход=39%; источник средств неизвестен; seed: вход неполон",0,True,0,8,0.0,1804384.0,0,12,0.0002855692942172909,,False,0.0,exact,2248,0.0,8,2,0.0,0.3879440296522248,0.0,0.0,0.0,0.0,0.0,1.0,True,False,seed_inflows_incomplete,1804384.0,12,0.801808,0.65
100000007982908100,terminal,0.59,22,0.232425,"Наблюдаемый получатель: входов=1, вход=31080.00 KZT; выход=0; глубина=2; вне выборки операции неизвестны",2,False,1,0,31080.0,0.0,1,0,0.0002961252218307346,0.0,False,0.0,exact,2248,0.0,1,0,1.0,0.0,0.0,0.0,0.0,0.0,0.0,0.0,False,False,sample_only,31080.0,1,0.59,1.0
100000007988344100,peripheral,0.2,0,0.316902,"Вход=1, 20000.00 KZT; выход=0; глубина=4: обход обрезан, конечная роль неизвестна",4,False,1,0,20000.0,0.0,3,0,0.00038745764148945846,0.0,True,0.0,exact,2248,0.0,1,0,1.0,0.0,0.0,0.0,0.0,0.0,0.0,0.0,False,True,depth_outflows_incomplete,20000.0,3,0.2,1.0
100000007997939100,peripheral,0.2,4,0.23469,"Вход=1, 13000.00 KZT; выход=0; глубина=4: обход обрезан, конечная роль неизвестна",4,False,1,0,13000.0,0.0,1,0,0.00035796308347988245,0.0,True,0.0,exact,2248,0.0,1,0,1.0,0.0,0.0,0.0,0.0,0.0,0.0,0.0,False,True,depth_outflows_incomplete,13000.0,1,0.2,1.0
100000007998965100,consolidator,0.846043,18,0.717897,Гипотеза сбора: отправителей=5; вход=278000.00 KZT; выход/вход=0.09; крупнейший вход=40%,2,False,5,1,278000.0,26000.0,7,3,0.0004719217907251261,0.09352517985611511,False,1.981468513870874e-05,exact,2248,0.4073455759599332,6,0,0.39928057553956836,1.0,0.38461538461538464,10000.0,0.38461538461538464,0.0,0.0,0.6153846153846154,False,False,sample_only,304000.0,10,0.846043,1.0
100000007999728100,terminal,0.59,40,0.190029,"Наблюдаемый получатель: входов=1, вход=23250.00 KZT; выход=0; глубина=3; вне выборки операции неизвестны",3,False,1,0,23250.0,0.0,1,0,0.00029214094487369326,0.0,False,0.0,exact,2248,0.0,1,0,1.0,0.0,0.0,0.0,0.0,0.0,0.0,0.0,False,False,sample_only,23250.0,1,0.59,1.0
100000008002020100,peripheral,0.55,7,0.434589,"Мало связей: входов=1, выходов=1; оборот=90860.00 KZT; FIFO 1–7д=100%; в тот же день=?0%; правила иных ролей не выполнены",1,False,1,1,73860.0,17000.0,1,1,0.0002978267344904884,0.23016517736257786,False,1.5851748110966993e-06,exact,2248,0.1293823038397329,2,1,1.0,1.0,1.0,17000.0,1.0,0.0,0.0,0.0,False,False,sample_only,90860.0,2,0.55,1.0
100000008003034100,distributor,0.726111,12,0.660827,"Гипотеза распределения: входов=1, получателей=4; выход=135000.00 KZT; крупнейший выход=36%; источник средств неизвестен",1,False,1,4,12201.0,135000.0,1,4,0.00028688112198836955,11.064666830587656,False,0.0019931390235273026,exact,2248,0.9632721202003339,5,3,1.0,0.3592592592592593,0.2074074074074074,0.0,0.0,12201.0,0.09037777777777778,0.9096222222222222,False,False,sample_only,147201.0,5,0.726111,1.0
100000008008463100,terminal,0.59,1,0.272398,"Наблюдаемый получатель: входов=1, вход=54180.00 KZT; выход=0; глубина=2; вне выборки операции неизвестны",2,False,1,0,54180.0,0.0,1,0,0.0002958380712741413,0.0,False,0.0,exact,2248,0.0,1,0,1.0,0.0,0.0,0.0,0.0,0.0,0.0,0.0,False,False,sample_only,54180.0,1,0.59,1.0
100000008011159100,peripheral,0.3,63,0.841182,"Роль неоднозначна: входов=3, выходов=5; оборот=516037.00 KZT; FIFO 1–7д=56%; в тот же день=?5%; правила иных ролей не выполнены",2,False,3,5,363000.0,153037.0,6,5,0.0004861091667224926,0.4215895316804408,False,0.00012211295083857727,exact,2248,0.7779632721202003,7,3,0.953168044077135,0.32018400778896605,1.0,86000.0,0.561955605507165,7000.0,0.04574057254128087,0.3923038219515542,False,False,sample_only,516037.0,11,0.3,1.0
100000008011573100,terminal,0.59,28,0.139895,"Наблюдаемый получатель: входов=1, вход=15000.00 KZT; выход=0; глубина=3; вне выборки операции неизвестны",3,False,1,0,15000.0,0.0,1,0,0.00028919231957213884,0.0,False,0.0,exact,2248,0.0,1,0,1.0,0.0,0.0,0.0,0.0,0.0,0.0,0.0,False,False,sample_only,15000.0,1,0.59,1.0
100000008027922100,peripheral,0.2,29,0.378567,"Вход=1, 70000.00 KZT; выход=0; глубина=4: обход обрезан, конечная роль неизвестна",4,False,1,0,70000.0,0.0,1,0,0.0005023680629098516,0.0,True,0.0,exact,2248,0.0,1,0,1.0,0.0,0.0,0.0,0.0,0.0,0.0,0.0,False,True,depth_outflows_incomplete,70000.0,1,0.2,1.0
100000008028628100,terminal,0.59,22,0.280473,"Наблюдаемый получатель: входов=1, вход=57224.00 KZT; выход=0; глубина=1; вне выборки операции неизвестны",1,False,1,0,57224.0,0.0,1,0,0.0002975799415250633,0.0,False,0.0,exact,2248,0.0,1,0,1.0,0.0,0.0,0.0,0.0,0.0,0.0,0.0,False,False,sample_only,57224.0,1,0.59,1.0
100000008029279100,terminal,0.59,8,0.147028,"Наблюдаемый получатель: входов=1, вход=17000.00 KZT; выход=0; глубина=3; вне выборки операции неизвестны",3,False,1,0,17000.0,0.0,1,0,0.0002890280971842479,0.0,False,0.0,exact,2248,0.0,1,0,1.0,0.0,0.0,0.0,0.0,0.0,0.0,0.0,False,False,sample_only,17000.0,1,0.59,1.0
100000008038077100,terminal,0.59,10,0.447297,"Наблюдаемый получатель: входов=1, вход=499850.00 KZT; выход=0; глубина=3; вне выборки операции неизвестны",3,False,1,0,499850.0,0.0,2,0,0.00030176901987822143,0.0,False,0.0,exact,2248,0.0,1,0,1.0,0.0,0.0,0.0,0.0,0.0,0.0,0.0,False,False,sample_only,499850.0,2,0.59,1.0
100000008042075100,terminal,0.59,21,0.121254,"Наблюдаемый получатель: входов=1, вход=5000.00 KZT; выход=0; глубина=3; вне выборки операции неизвестны",3,False,1,0,5000.0,0.0,1,0,0.00029195667457243503,0.0,False,0.0,exact,2248,0.0,1,0,1.0,0.0,0.0,0.0,0.0,0.0,0.0,0.0,False,False,sample_only,5000.0,1,0.59,1.0
100000008043184100,terminal,0.59,28,0.257055,"Наблюдаемый получатель: входов=1, вход=50564.00 KZT; выход=0; глубина=3; вне выборки операции неизвестны",3,False,1,0,50564.0,0.0,1,0,0.00029352801963081616,0.0,False,0.0,exact,2248,0.0,1,0,1.0,0.0,0.0,0.0,0.0,0.0,0.0,0.0,False,False,sample_only,50564.0,1,0.59,1.0
100000008050986100,peripheral,0.2,10,0.374148,"Вход=1, 95000.00 KZT; выход=0; глубина=4: обход обрезан, конечная роль неизвестна",4,False,1,0,95000.0,0.0,2,0,0.00031180831574760716,0.0,True,0.0,exact,2248,0.0,1,0,1.0,0.0,0.0,0.0,0.0,0.0,0.0,0.0,False,True,depth_outflows_incomplete,95000.0,2,0.2,1.0
100000008055972100,terminal,0.59,22,0.192968,"Наблюдаемый получатель: входов=1, вход=28300.00 KZT; выход=0; глубина=3; вне выборки операции неизвестны",3,False,1,0,28300.0,0.0,1,0,0.0002899862953681657,0.0,False,0.0,exact,2248,0.0,1,0,1.0,0.0,0.0,0.0,0.0,0.0,0.0,0.0,False,False,sample_only,28300.0,1,0.59,1.0
100000008060273100,terminal,0.59,8,0.201267,"Наблюдаемый получатель: входов=1, вход=10000.00 KZT; выход=0; глубина=2; вне выборки операции неизвестны",2,False,1,0,10000.0,0.0,2,0,0.0002989671315033319,0.0,False,0.0,exact,2248,0.0,1,0,1.0,0.0,0.0,0.0,0.0,0.0,0.0,0.0,False,False,sample_only,10000.0,2,0.59,1.0
100000008066326100,terminal,0.59,0,0.156382,"Наблюдаемый получатель: входов=1, вход=19320.00 KZT; выход=0; глубина=1; вне выборки операции неизвестны",1,False,1,0,19320.0,0.0,1,0,0.00028919473903313297,0.0,False,0.0,exact,2248,0.0,1,0,1.0,0.0,0.0,0.0,0.0,0.0,0.0,0.0,False,False,sample_only,19320.0,1,0.59,1.0
100000008070101100,terminal,0.59,4,0.295704,"Наблюдаемый получатель: входов=1, вход=100000.00 KZT; выход=0; глубина=3; вне выборки операции неизвестны",3,False,1,0,100000.0,0.0,1,0,0.00029258785293762344,0.0,False,0.0,exact,2248,0.0,1,0,1.0,0.0,0.0,0.0,0.0,0.0,0.0,0.0,False,False,sample_only,100000.0,1,0.59,1.0
100000008071620100,terminal,0.59,0,0.251088,"Наблюдаемый получатель: входов=1, вход=46968.00 KZT; выход=0; глубина=1; вне выборки операции неизвестны",1,False,1,0,46968.0,0.0,1,0,0.0002943829532292201,0.0,False,0.0,exact,2248,0.0,1,0,1.0,0.0,0.0,0.0,0.0,0.0,0.0,0.0,False,False,sample_only,46968.0,1,0.59,1.0
100000008071749100,peripheral,0.2,18,0.208109,"Вход=1, 24943.00 KZT; выход=0; глубина=4: обход обрезан, конечная роль неизвестна",4,False,1,0,24943.0,0.0,1,0,0.0002949061827934933,0.0,True,0.0,exact,2248,0.0,1,0,1.0,0.0,0.0,0.0,0.0,0.0,0.0,0.0,False,True,depth_outflows_incomplete,24943.0,1,0.2,1.0
100000008074304100,peripheral,0.2,10,0.197207,"Вход=1, 5500.00 KZT; выход=0; глубина=4: обход обрезан, конечная роль неизвестна",4,False,1,0,5500.0,0.0,1,0,0.00033242119278309483,0.0,True,0.0,exact,2248,0.0,1,0,1.0,0.0,0.0,0.0,0.0,0.0,0.0,0.0,False,True,depth_outflows_incomplete,5500.0,1,0.2,1.0
100000008077552100,terminal,0.59,8,0.403847,"Наблюдаемый получатель: входов=1, вход=214000.00 KZT; выход=0; глубина=3; вне выборки операции неизвестны",3,False,1,0,214000.0,0.0,1,0,0.00032910951980133827,0.0,False,0.0,exact,2248,0.0,1,0,1.0,0.0,0.0,0.0,0.0,0.0,0.0,0.0,False,False,sample_only,214000.0,1,0.59,1.0
100000008086440100,peripheral,0.3,0,0.772501,"Роль неоднозначна: входов=1, выходов=5; оборот=361033.00 KZT; FIFO 1–7д=24%; в тот же день=?0%; правила иных ролей не выполнены",3,False,1,5,199733.0,161300.0,1,6,0.0003376739457034379,0.8075781167859092,False,0.00010519757648287981,exact,2248,0.7495826377295493,5,2,1.0,0.39615623062616245,0.23558586484810912,38000.0,0.23558586484810912,0.0,0.0,0.7644141351518909,False,False,sample_only,361033.0,7,0.3,1.0
100000008088082100,peripheral,0.55,12,0.47865,"Мало связей: входов=1, выходов=1; оборот=89138.00 KZT; FIFO 1–7д=0%; в тот же день=?0%; правила иных ролей не выполнены",3,False,1,1,39138.0,50000.0,1,1,0.00030005728529521367,1.2775307884920026,False,1.922024458454748e-05,exact,2248,0.2871452420701169,2,0,1.0,1.0,0.0,0.0,0.0,0.0,0.0,1.0,False,False,sample_only,89138.0,2,0.55,1.0
100000008094734100,consolidator,0.816508,0,0.554363,Гипотеза сбора: отправителей=4; вход=236249.00 KZT; выход/вход=0.00; крупнейший вход=63%,1,False,4,0,236249.0,0.0,4,0,0.0003441360031889836,0.0,False,0.0,exact,2248,0.0,4,2,0.6349233224267616,0.0,0.0,0.0,0.0,0.0,0.0,0.0,False,False,sample_only,236249.0,4,0.816508,1.0
100000008097580100,terminal,0.63,8,0.463863,"Наблюдаемый получатель: входов=2, вход=32000.00 KZT; выход=0; глубина=3; вне выборки операции неизвестны",3,False,2,0,32000.0,0.0,4,0,0.0006747919200885517,0.0,False,0.0,exact,2248,0.0,2,1,0.78125,0.0,0.0,0.0,0.0,0.0,0.0,0.0,False,False,sample_only,32000.0,4,0.63,1.0
100000008104567100,coordinator,0.817988,18,0.800208,"Гипотеза связующего: соседей=6, внешних сообществ=2; посредничество=0.00203; не доказательство управления",2,False,3,3,53550.0,40000.0,3,4,0.000538042367569946,0.7469654528478058,False,0.002026018530957738,exact,2248,0.9649415692821369,6,2,0.5135387488328664,0.5,0.7,28000.0,0.7,12000.0,0.3,0.0,False,False,sample_only,93550.0,7,0.817988,1.0
100000008106997100,peripheral,0.3,0,0.492951,"Роль неоднозначна: входов=2, выходов=1; оборот=56200.00 KZT; FIFO 1–7д=0%; в тот же день=?100%; правила иных ролей не выполнены",2,False,2,1,35600.0,20600.0,2,1,0.0003053704876347346,0.5786516853932584,False,1.922024458454748e-05,exact,2248,0.2871452420701169,3,1,0.5786516853932584,1.0,0.0,0.0,0.0,20600.0,1.0,0.0,False,False,sample_only,56200.0,3,0.3,1.0
100000008111003100,consolidator,0.871276,0,0.839649,Гипотеза сбора: отправителей=6; вход=222716.00 KZT; выход/вход=0.16; крупнейший вход=25%,2,False,6,1,222716.0,35000.0,9,1,0.000469621700735246,0.15715081089818422,False,0.0008819050437118928,exact,2248,0.9298831385642737,6,2,0.2515131378077911,1.0,1.0,35000.0,1.0,0.0,0.0,0.0,False,False,sample_only,257716.0,10,0.871276,1.0
100000008116374100,terminal,0.59,16,0.194022,"Наблюдаемый получатель: входов=1, вход=31284.00 KZT; выход=0; глубина=1; вне выборки операции неизвестны",1,False,1,0,31284.0,0.0,1,0,0.00028893288900381874,0.0,False,0.0,exact,2248,0.0,1,0,1.0,0.0,0.0,0.0,0.0,0.0,0.0,0.0,False,False,sample_only,31284.0,1,0.59,1.0
100000008117324100,peripheral,0.0,83,0.0,"Связей=0, операций=0; изолирован, данных для роли нет; seed: вход неполон",0,True,0,0,0.0,0.0,0,0,0.0002855692942172909,,False,0.0,exact,2248,0.0,0,0,0.0,0.0,0.0,0.0,0.0,0.0,0.0,0.0,True,False,no_operations;seed_inflows_incomplete,0.0,0,0.0,1.0
100000008121806100,distributor,0.693082,8,0.766871,"Гипотеза распределения: входов=1, получателей=4; выход=248509.00 KZT; крупнейший выход=58%; источник средств неизвестен",3,False,1,4,67000.0,248509.0,1,6,0.0003003687971376974,3.709089552238806,False,0.0007808641134044802,exact,2248,0.9232053422370617,5,2,1.0,0.579455874837531,0.4386159052589645,32000.0,0.12876797218611802,35000.0,0.14083996957856657,0.7303920582353154,False,False,sample_only,315509.0,7,0.693082,1.0
100000008129393100,terminal,0.59,81,0.192183,"Наблюдаемый получатель: входов=1, вход=10000.00 KZT; выход=0; глубина=1; вне выборки операции неизвестны",1,False,1,0,10000.0,0.0,1,0,0.0003116981820260491,0.0,False,0.0,exact,2248,0.0,1,0,1.0,0.0,0.0,0.0,0.0,0.0,0.0,0.0,False,False,sample_only,10000.0,1,0.59,1.0
100000008130868100,peripheral,0.2,24,0.291016,"Вход=1, 22782.00 KZT; выход=0; глубина=4: обход обрезан, конечная роль неизвестна",4,False,1,0,22782.0,0.0,1,0,0.0004516044976627326,0.0,True,0.0,exact,2248,0.0,1,0,1.0,0.0,0.0,0.0,0.0,0.0,0.0,0.0,False,True,depth_outflows_incomplete,22782.0,1,0.2,1.0
100000008136608100,peripheral,0.2,18,0.451066,"Вход=1, 170000.00 KZT; выход=0; глубина=4: обход обрезан, конечная роль неизвестна",4,False,1,0,170000.0,0.0,1,0,0.0005643778935793363,0.0,True,0.0,exact,2248,0.0,1,0,1.0,0.0,0.0,0.0,0.0,0.0,0.0,0.0,False,True,depth_outflows_incomplete,170000.0,1,0.2,1.0
100000008137435100,distributor,0.775836,29,0.835812,"Гипотеза распределения: входов=2, получателей=6; выход=1419700.00 KZT; крупнейший выход=29%; источник средств неизвестен",1,False,2,6,93906.0,1419700.0,2,7,0.0003142779777322604,15.118309799160864,False,0.00029840915818895366,exact,2248,0.8664440734557596,8,1,0.5324473409579793,0.29442840036627455,0.0,0.0,0.0,93906.0,0.06614496020285976,0.9338550397971402,False,False,sample_only,1513606.0,9,0.775836,1.0
100000008141170100,terminal,0.59,16,0.279845,"Наблюдаемый получатель: входов=1, вход=11000.00 KZT; выход=0; глубина=2; вне выборки операции неизвестны",2,False,1,0,11000.0,0.0,1,0,0.0006219001408928704,0.0,False,0.0,exact,2248,0.0,1,0,1.0,0.0,0.0,0.0,0.0,0.0,0.0,0.0,False,False,sample_only,11000.0,1,0.59,1.0
100000008144528100,terminal,0.75,16,0.701122,"Наблюдаемый получатель: входов=5, вход=1068202.60 KZT; выход=0; глубина=2; вне выборки операции неизвестны",2,False,5,0,1068202.6,0.0,13,0,0.001055538276590802,0.0,False,0.0,exact,2248,0.0,5,2,0.9589941084210054,0.0,0.0,0.0,0.0,0.0,0.0,0.0,False,False,sample_only,1068202.6,13,0.75,1.0
100000008151098100,peripheral,0.2,14,0.257952,"Вход=1, 30000.00 KZT; выход=0; глубина=4: обход обрезан, конечная роль неизвестна",4,False,1,0,30000.0,0.0,1,0,0.0003093477246134631,0.0,True,0.0,exact,2248,0.0,1,0,1.0,0.0,0.0,0.0,0.0,0.0,0.0,0.0,False,True,depth_outflows_incomplete,30000.0,1,0.2,1.0
100000008165763100,peripheral,0.3,2,0.951983,"Роль неоднозначна: входов=15, выходов=17; оборот=2433673.00 KZT; FIFO 1–7д=22%; в тот же день=?28%; правила иных ролей не выполнены",1,False,15,17,1165815.0,1267858.0,26,17,0.0009102399259160803,1.087529324978663,False,0.0003452940332330958,exact,2248,0.8881469115191987,32,7,0.2144422571334217,0.18395987563276014,0.8207133606444886,282880.0,0.22311646887900696,351870.0,0.2775310799789882,0.4993524511420049,False,False,sample_only,2433673.0,43,0.3,1.0
100000008168850100,peripheral,0.2,10,0.47906,"Вход=1, 187910.00 KZT; выход=0; глубина=4: обход обрезан, конечная роль неизвестна",4,False,1,0,187910.0,0.0,2,0,0.0005330795799856522,0.0,True,0.0,exact,2248,0.0,1,0,1.0,0.0,0.0,0.0,0.0,0.0,0.0,0.0,False,True,depth_outflows_incomplete,187910.0,2,0.2,1.0
100000008169544100,peripheral,0.3,16,0.695699,"Роль неоднозначна: входов=1, выходов=4; оборот=179904.00 KZT; FIFO 1–7д=29%; в тот же день=?0%; правила иных ролей не выполнены",1,False,1,4,137104.0,42800.0,2,7,0.0003003104494280091,0.31217178200490137,False,0.00011830662935118883,exact,2248,0.7679465776293823,4,2,1.0,0.40420560747663553,0.28738317757009346,12300.0,0.28738317757009346,0.0,0.0,0.7126168224299065,False,False,sample_only,179904.0,9,0.3,1.0
100000008172352100,distributor,0.766946,41,0.822054,"Гипотеза распределения: входов=3, получателей=7; выход=289510.00 KZT; крупнейший выход=49%; источник средств неизвестен",1,False,3,7,90265.0,289510.0,3,8,0.00037526567278554397,3.207333961114496,False,0.00018673359274719116,exact,2248,0.8297161936560935,10,2,0.47637511770896807,0.48702980898759973,0.5191530517080585,54500.0,0.18824911056612897,35765.0,0.12353631998894685,0.6882145694449242,False,False,sample_only,379775.0,11,0.766946,1.0
100000008172721100,peripheral,0.2,8,0.417082,"Вход=1, 168335.00 KZT; выход=0; глубина=4: обход обрезан, конечная роль неизвестна",4,False,1,0,168335.0,0.0,1,0,0.00039521609203523213,0.0,True,0.0,exact,2248,0.0,1,0,1.0,0.0,0.0,0.0,0.0,0.0,0.0,0.0,False,True,depth_outflows_incomplete,168335.0,1,0.2,1.0
100000008173359100,terminal,0.59,16,0.087203,"Наблюдаемый получатель: входов=1, вход=6110.00 KZT; выход=0; глубина=1; вне выборки операции неизвестны",1,False,1,0,6110.0,0.0,1,0,0.00028622622952433876,0.0,False,0.0,exact,2248,0.0,1,0,1.0,0.0,0.0,0.0,0.0,0.0,0.0,0.0,False,False,sample_only,6110.0,1,0.59,1.0
100000008174521100,terminal,0.59,16,0.379262,"Наблюдаемый получатель: входов=1, вход=82110.00 KZT; выход=0; глубина=2; вне выборки операции неизвестны",2,False,1,0,82110.0,0.0,1,0,0.0004405287548340974,0.0,False,0.0,exact,2248,0.0,1,0,1.0,0.0,0.0,0.0,0.0,0.0,0.0,0.0,False,False,sample_only,82110.0,1,0.59,1.0
100000008175078100,peripheral,0.2,20,0.582245,"Вход=1, 1846711.00 KZT; выход=0; глубина=4: обход обрезан, конечная роль неизвестна",4,False,1,0,1846711.0,0.0,15,0,0.00046907194584128284,0.0,True,0.0,exact,2248,0.0,1,0,1.0,0.0,0.0,0.0,0.0,0.0,0.0,0.0,False,True,depth_outflows_incomplete,1846711.0,15,0.2,1.0
100000008183752100,peripheral,0.2,35,0.423452,"Вход=1, 140000.00 KZT; выход=0; глубина=4: обход обрезан, конечная роль неизвестна",4,False,1,0,140000.0,0.0,1,0,0.0005301890395310136,0.0,True,0.0,exact,2248,0.0,1,0,1.0,0.0,0.0,0.0,0.0,0.0,0.0,0.0,False,True,depth_outflows_incomplete,140000.0,1,0.2,1.0
100000008188026100,distributor,0.717867,3,0.731714,"Гипотеза распределения: входов=2, получателей=4; выход=337983.17 KZT; крупнейший выход=41%; источник средств неизвестен",1,False,2,4,86468.0,337983.17,5,4,0.0002993035967853829,3.9087659018365173,False,8.203279647425419e-05,exact,2248,0.7212020033388982,6,1,0.7327334967849378,0.4142218087368078,0.0,0.0,0.0,0.0,0.0,1.0,False,False,sample_only,424451.17,9,0.717867,1.0
100000008190411100,peripheral,0.2,48,0.495615,"Вход=1, 198450.00 KZT; выход=0; глубина=4: обход обрезан, конечная роль неизвестна",4,False,1,0,198450.0,0.0,12,0,0.00042413486368425655,0.0,True,0.0,exact,2248,0.0,1,0,1.0,0.0,0.0,0.0,0.0,0.0,0.0,0.0,False,True,depth_outflows_incomplete,198450.0,12,0.2,1.0
100000008190442100,terminal,0.59,22,0.119123,"Наблюдаемый получатель: входов=1, вход=13000.00 KZT; выход=0; глубина=3; вне выборки операции неизвестны",3,False,1,0,13000.0,0.0,1,0,0.000287598305346668,0.0,False,0.0,exact,2248,0.0,1,0,1.0,0.0,0.0,0.0,0.0,0.0,0.0,0.0,False,False,sample_only,13000.0,1,0.59,1.0
100000008192264100,peripheral,0.55,10,0.530086,"Мало связей: входов=1, выходов=1; оборот=350720.00 KZT; FIFO 1–7д=0%; в тот же день=?87%; правила иных ролей не выполнены",3,False,1,1,162810.0,187910.0,1,2,0.00029084583184829237,1.1541674344327744,False,1.922024458454748e-05,exact,2248,0.2871452420701169,2,0,1.0,1.0,0.0,0.0,0.0,162810.0,0.8664254164227556,0.13357458357724442,False,False,sample_only,350720.0,3,0.55,1.0
100000008193258100,peripheral,0.55,28,0.495631,"Мало связей: входов=1, выходов=1; оборот=105000.00 KZT; FIFO 1–7д=0%; в тот же день=?0%; правила иных ролей не выполнены",3,False,1,1,75000.0,30000.0,2,1,0.00029737422274379974,0.4,False,1.922024458454748e-05,exact,2248,0.2871452420701169,2,0,1.0,1.0,0.0,0.0,0.0,0.0,0.0,1.0,False,False,sample_only,105000.0,3,0.55,1.0
100000008193577100,distributor,0.732525,9,0.714753,"Гипотеза распределения: входов=2, получателей=5; выход=480180.00 KZT; крупнейший выход=45%; источник средств неизвестен",1,False,2,5,154300.0,480180.0,6,16,0.0012389478209868787,3.1119896305897603,False,9.90734256935437e-07,exact,2248,0.08180300500834725,5,0,0.5638366817887233,0.44983131325752845,0.4958348952476155,125800.0,0.26198508892498645,6500.0,0.013536590445249698,0.7244783206297638,False,False,sample_only,634480.0,22,0.732525,1.0
100000008200810100,terminal,0.59,24,0.421546,"Наблюдаемый получатель: входов=1, вход=475000.00 KZT; выход=0; глубина=3; вне выборки операции неизвестны",3,False,1,0,475000.0,0.0,1,0,0.00030819442208498927,0.0,False,0.0,exact,2248,0.0,1,0,1.0,0.0,0.0,0.0,0.0,0.0,0.0,0.0,False,False,sample_only,475000.0,1,0.59,1.0
100000008205000100,peripheral,0.0,84,0.0,"Связей=0, операций=0; изолирован, данных для роли нет; seed: вход неполон",0,True,0,0,0.0,0.0,0,0,0.0002855692942172909,,False,0.0,exact,2248,0.0,0,0,0.0,0.0,0.0,0.0,0.0,0.0,0.0,0.0,True,False,no_operations;seed_inflows_incomplete,0.0,0,0.0,1.0
100000008205937100,terminal,0.59,12,0.337607,"Наблюдаемый получатель: входов=1, вход=35000.00 KZT; выход=0; глубина=2; вне выборки операции неизвестны",2,False,1,0,35000.0,0.0,3,0,0.00033164706434217267,0.0,False,0.0,exact,2248,0.0,1,0,1.0,0.0,0.0,0.0,0.0,0.0,0.0,0.0,False,False,sample_only,35000.0,3,0.59,1.0
100000008213966100,peripheral,0.3,15,0.835566,"Роль неоднозначна: входов=3, выходов=1; оборот=623904.00 KZT; FIFO 1–7д=14%; в тот же день=?20%; правила иных ролей не выполнены",2,False,3,1,187004.0,436900.0,7,8,0.0019335519524195826,2.336313661739856,False,4.319601360238506e-05,exact,2248,0.6143572621035058,3,1,0.7753844837543582,1.0,0.6742961776150149,61000.0,0.13962005035477226,87004.0,0.19913939116502632,0.6612405584802015,False,False,sample_only,623904.0,15,0.3,1.0
100000008219168100,terminal,0.59,1,0.263044,"Наблюдаемый получатель: входов=1, вход=53200.00 KZT; выход=0; глубина=1; вне выборки операции неизвестны",1,False,1,0,53200.0,0.0,2,0,0.0002886199013188332,0.0,False,0.0,exact,2248,0.0,1,0,1.0,0.0,0.0,0.0,0.0,0.0,0.0,0.0,False,False,sample_only,53200.0,2,0.59,1.0
100000008221543100,terminal,0.63,28,0.563167,"Наблюдаемый получатель: входов=2, вход=542000.00 KZT; выход=0; глубина=1; вне выборки операции неизвестны",1,False,2,0,542000.0,0.0,2,0,0.0003714846452253974,0.0,False,0.0,exact,2248,0.0,2,1,0.9630996309963099,0.0,0.0,0.0,0.0,0.0,0.0,0.0,False,False,sample_only,542000.0,2,0.63,1.0
100000008221765100,peripheral,0.2,10,0.439468,"Вход=1, 156354.00 KZT; выход=0; глубина=4: обход обрезан, конечная роль неизвестна",4,False,1,0,156354.0,0.0,1,0,0.0005404417175185718,0.0,True,0.0,exact,2248,0.0,1,0,1.0,0.0,0.0,0.0,0.0,0.0,0.0,0.0,False,True,depth_outflows_incomplete,156354.0,1,0.2,1.0
100000008223661100,peripheral,0.3,42,0.805834,"Роль неоднозначна: входов=2, выходов=5; оборот=464580.00 KZT; FIFO 1–7д=9%; в тот же день=?13%; правила иных ролей не выполнены",3,False,2,5,202000.0,262580.0,2,5,0.00031466917502238233,1.29990099009901,False,0.0003254231789280599,exact,2248,0.8831385642737897,7,3,0.504950495049505,0.5891537817046234,0.09325919719704472,24488.0,0.09325919719704472,33385.0,0.1271422042806002,0.7795985985223551,False,False,sample_only,464580.0,7,0.3,1.0
100000008223756100,terminal,0.63,8,0.532391,"Наблюдаемый получатель: входов=2, вход=331682.00 KZT; выход=0; глубина=3; вне выборки операции неизвестны",3,False,2,0,331682.0,0.0,2,0,0.0003562811211633059,0.0,False,0.0,exact,2248,0.0,2,1,0.9532323128779976,0.0,0.0,0.0,0.0,0.0,0.0,0.0,False,False,sample_only,331682.0,2,0.63,1.0
100000008229700100,peripheral,0.55,7,0.292859,"Мало связей: входов=1, выходов=1; оборот=30700.00 KZT; FIFO 1–7д=0%; в тот же день=?0%; правила иных ролей не выполнены",1,False,1,1,23500.0,7200.0,1,1,0.0002894692379814412,0.30638297872340425,False,1.981468513870874e-07,exact,2248,0.01001669449081803,2,0,1.0,1.0,0.0,0.0,0.0,0.0,0.0,1.0,False,False,sample_only,30700.0,2,0.55,1.0
100000008232832100,peripheral,0.55,42,0.589906,"Мало связей: входов=1, выходов=1; оборот=475000.00 KZT; FIFO 1–7д=0%; в тот же день=?0%; правила иных ролей не выполнены",1,False,1,1,337000.0,138000.0,2,1,0.0004942271899045277,0.4094955489614243,False,0.0,exact,2248,0.0,2,0,1.0,1.0,0.0,0.0,0.0,0.0,0.0,1.0,False,False,sample_only,475000.0,3,0.55,1.0
100000008237827100,terminal,0.59,2,0.238033,"Наблюдаемый получатель: входов=1, вход=40001.00 KZT; выход=0; глубина=1; вне выборки операции неизвестны",1,False,1,0,40001.0,0.0,1,0,0.00029357895180421055,0.0,False,0.0,exact,2248,0.0,1,0,1.0,0.0,0.0,0.0,0.0,0.0,0.0,0.0,False,False,sample_only,40001.0,1,0.59,1.0
100000008238112100,terminal,0.59,10,0.326795,"Наблюдаемый получатель: входов=1, вход=190000.00 KZT; выход=0; глубина=3; вне выборки операции неизвестны",3,False,1,0,190000.0,0.0,1,0,0.0002917270372913667,0.0,False,0.0,exact,2248,0.0,1,0,1.0,0.0,0.0,0.0,0.0,0.0,0.0,0.0,False,False,sample_only,190000.0,1,0.59,1.0
100000008238989100,terminal,0.59,29,0.431707,"Наблюдаемый получатель: входов=1, вход=200000.00 KZT; выход=0; глубина=2; вне выборки операции неизвестны",2,False,1,0,200000.0,0.0,2,0,0.000323247651083571,0.0,False,0.0,exact,2248,0.0,1,0,1.0,0.0,0.0,0.0,0.0,0.0,0.0,0.0,False,False,sample_only,200000.0,2,0.59,1.0
100000008244300100,consolidator,0.8582,10,0.520076,Гипотеза сбора: отправителей=5; вход=65430.00 KZT; выход/вход=0.00; крупнейший вход=42%,1,False,5,0,65430.0,0.0,6,0,0.000479365914728666,0.0,False,0.0,exact,2248,0.0,5,3,0.41800397371236436,0.0,0.0,0.0,0.0,0.0,0.0,0.0,False,False,sample_only,65430.0,6,0.8582,1.0
100000008251939100,peripheral,0.2,18,0.2702,"Вход=1, 44360.00 KZT; выход=0; глубина=4: обход обрезан, конечная роль неизвестна",4,False,1,0,44360.0,0.0,1,0,0.00030217452924276257,0.0,True,0.0,exact,2248,0.0,1,0,1.0,0.0,0.0,0.0,0.0,0.0,0.0,0.0,False,True,depth_outflows_incomplete,44360.0,1,0.2,1.0
100000008254069100,distributor,0.71907,47,0.711849,"Гипотеза распределения: входов=1, получателей=5; выход=107500.00 KZT; крупнейший выход=54%; источник средств неизвестен",2,False,1,5,10200.0,107500.0,2,6,0.0003424861412375226,10.53921568627451,False,9.351210406461278e-05,exact,2248,0.7278797996661102,5,1,1.0,0.5395348837209303,0.0,0.0,0.0,10000.0,0.09302325581395349,0.9069767441860465,False,False,sample_only,117700.0,8,0.71907,1.0
100000008254576100,peripheral,0.55,38,0.45478,"Мало связей: входов=1, выходов=1; оборот=68000.00 KZT; FIFO 1–7д=0%; в тот же день=?0%; правила иных ролей не выполнены",3,False,1,1,8000.0,60000.0,1,1,0.00029167108817849144,7.5,False,1.9616538287321655e-05,exact,2248,0.3831385642737897,2,0,1.0,1.0,0.0,0.0,0.0,0.0,0.0,1.0,False,False,sample_only,68000.0,2,0.55,1.0
100000008255655100,peripheral,0.2,28,0.241128,"Вход=1, 5400.00 KZT; выход=0; глубина=4: обход обрезан, конечная роль неизвестна",4,False,1,0,5400.0,0.0,1,0,0.0005311928331096004,0.0,True,0.0,exact,2248,0.0,1,0,1.0,0.0,0.0,0.0,0.0,0.0,0.0,0.0,False,True,depth_outflows_incomplete,5400.0,1,0.2,1.0
100000008258083100,peripheral,0.3,33,0.887296,"Роль неоднозначна: входов=2, выходов=2; оборот=5195150.00 KZT; FIFO 1–7д=4%; в тот же день=?2%; правила иных ролей не выполнены",2,False,2,2,3149500.0,2045650.0,13,6,0.0010500443938968613,0.6495157961581204,False,7.767356574373826e-05,exact,2248,0.7111853088480802,3,0,0.9525321479599936,0.9926673673404541,0.9926673673404541,73500.0,0.03592990003177474,44000.0,0.02150905580133454,0.9425610441668907,False,False,sample_only,5195150.0,19,0.3,1.0
100000008258458100,peripheral,0.3,67,0.671139,"Роль неоднозначна: входов=1, выходов=2; оборот=1576988.00 KZT; FIFO 1–7д=0%; в тот же день=?1%; правила иных ролей не выполнены",3,False,1,2,19000.0,1557988.0,1,4,0.0002912603933485006,81.99936842105264,False,3.844048916909496e-05,exact,2248,0.5450751252086812,3,1,1.0,0.7134766121433541,0.0,0.0,0.0,19000.0,0.012195215880995232,0.9878047841190047,False,False,sample_only,1576988.0,5,0.3,1.0
100000008259451100,terminal,0.59,40,0.289446,"Наблюдаемый получатель: входов=1, вход=55000.00 KZT; выход=0; глубина=3; вне выборки операции неизвестны",3,False,1,0,55000.0,0.0,1,0,0.0003011151344797481,0.0,False,0.0,exact,2248,0.0,1,0,1.0,0.0,0.0,0.0,0.0,0.0,0.0,0.0,False,False,sample_only,55000.0,1,0.59,1.0
100000008279405100,terminal,0.59,8,0.445951,"Наблюдаемый получатель: входов=1, вход=234738.00 KZT; выход=0; глубина=3; вне выборки операции неизвестны",3,False,1,0,234738.0,0.0,2,0,0.00033332885250302973,0.0,False,0.0,exact,2248,0.0,1,0,1.0,0.0,0.0,0.0,0.0,0.0,0.0,0.0,False,False,sample_only,234738.0,2,0.59,1.0
100000008283183100,terminal,0.59,22,0.222376,"Наблюдаемый получатель: входов=1, вход=29000.00 KZT; выход=0; глубина=2; вне выборки операции неизвестны",2,False,1,0,29000.0,0.0,1,0,0.0002954187762246869,0.0,False,0.0,exact,2248,0.0,1,0,1.0,0.0,0.0,0.0,0.0,0.0,0.0,0.0,False,False,sample_only,29000.0,1,0.59,1.0
100000008289539100,terminal,0.59,3,0.146646,"Наблюдаемый получатель: входов=1, вход=14912.00 KZT; выход=0; глубина=2; вне выборки операции неизвестны",2,False,1,0,14912.0,0.0,1,0,0.0002903134116978226,0.0,False,0.0,exact,2248,0.0,1,0,1.0,0.0,0.0,0.0,0.0,0.0,0.0,0.0,False,False,sample_only,14912.0,1,0.59,1.0
100000008293431100,distributor,0.691414,0,0.628804,"Гипотеза распределения: входов=1, получателей=5; выход=297000.00 KZT; крупнейший выход=72%; источник средств неизвестен",3,False,1,5,15000.0,297000.0,1,7,0.00028689952801563704,19.8,False,5.687061687524575e-05,exact,2248,0.6393989983305509,5,2,1.0,0.7239057239057239,0.0,0.0,0.0,0.0,0.0,1.0,False,False,sample_only,312000.0,8,0.691414,1.0
100000008295429100,terminal,0.59,10,0.38146,"Наблюдаемый получатель: входов=1, вход=352000.00 KZT; выход=0; глубина=3; вне выборки операции неизвестны",3,False,1,0,352000.0,0.0,1,0,0.00029697732349136816,0.0,False,0.0,exact,2248,0.0,1,0,1.0,0.0,0.0,0.0,0.0,0.0,0.0,0.0,False,False,sample_only,352000.0,1,0.59,1.0
100000008297199100,terminal,0.59,0,0.252434,"Наблюдаемый получатель: входов=1, вход=42268.00 KZT; выход=0; глубина=3; вне выборки операции неизвестны",3,False,1,0,42268.0,0.0,1,0,0.0002965958116631634,0.0,False,0.0,exact,2248,0.0,1,0,1.0,0.0,0.0,0.0,0.0,0.0,0.0,0.0,False,False,sample_only,42268.0,1,0.59,1.0
100000008304115100,terminal,0.59,7,0.260038,"Наблюдаемый получатель: входов=1, вход=51000.00 KZT; выход=0; глубина=1; вне выборки операции неизвестны",1,False,1,0,51000.0,0.0,1,0,0.00029403300196076604,0.0,False,0.0,exact,2248,0.0,1,0,1.0,0.0,0.0,0.0,0.0,0.0,0.0,0.0,False,False,sample_only,51000.0,1,0.59,1.0
100000008304139100,coordinator,0.889649,2,0.874466,"Гипотеза связующего: соседей=27, внешних сообществ=9; посредничество=0.00131; не доказательство управления",1,False,4,24,189329.75,1692997.0,4,43,0.0003136180059586537,8.942054801213228,False,0.0013103045314002593,exact,2248,0.9482470784641068,27,9,0.49421710005955216,0.26816349940372014,0.6287648471911055,174329.75,0.10297109209289798,15000.0,0.008860027513338772,0.8881688803937633,False,False,sample_only,1882326.75,47,0.889649,1.0
100000008306857100,terminal,0.59,24,0.302613,"Наблюдаемый получатель: входов=1, вход=125000.00 KZT; выход=0; глубина=3; вне выборки операции неизвестны",3,False,1,0,125000.0,0.0,1,0,0.0002915232752351062,0.0,False,0.0,exact,2248,0.0,1,0,1.0,0.0,0.0,0.0,0.0,0.0,0.0,0.0,False,False,sample_only,125000.0,1,0.59,1.0
100000008308418100,peripheral,0.2,0,0.347678,"Вход=1, 50000.00 KZT; выход=0; глубина=4: обход обрезан, конечная роль неизвестна",4,False,1,0,50000.0,0.0,1,0,0.0004315993314662991,0.0,True,0.0,exact,2248,0.0,1,0,1.0,0.0,0.0,0.0,0.0,0.0,0.0,0.0,False,True,depth_outflows_incomplete,50000.0,1,0.2,1.0
100000008309514100,terminal,0.59,22,0.140568,"Наблюдаемый получатель: входов=1, вход=17200.00 KZT; выход=0; глубина=3; вне выборки операции неизвестны",3,False,1,0,17200.0,0.0,1,0,0.000288253832019236,0.0,False,0.0,exact,2248,0.0,1,0,1.0,0.0,0.0,0.0,0.0,0.0,0.0,0.0,False,False,sample_only,17200.0,1,0.59,1.0
100000008314203100,transit,0.65,42,0.628802,"Гипотеза транзита: вход=382076.00, выход=327000.00 KZT; FIFO 1–7д=51%; в тот же день=?5%; те же деньги не установлены; seed: вход неполон",0,True,2,2,382076.0,327000.0,10,13,0.0005029908624026965,0.8558506684533967,False,0.0,exact,2248,0.0,2,0,0.8429631801002941,0.709480122324159,0.5626911314984709,167076.0,0.5109357798165137,16924.0,0.05175535168195718,0.43730886850152906,True,False,seed_inflows_incomplete,709076.0,23,0.714413,0.65
100000008314863100,terminal,0.59,2,0.260734,"Наблюдаемый получатель: входов=1, вход=12000.00 KZT; выход=0; глубина=3; вне выборки операции неизвестны",3,False,1,0,12000.0,0.0,1,0,0.0005170968391841085,0.0,False,0.0,exact,2248,0.0,1,0,1.0,0.0,0.0,0.0,0.0,0.0,0.0,0.0,False,False,sample_only,12000.0,1,0.59,1.0
100000008321975100,peripheral,0.2,32,0.165444,"Вход=1, 5900.00 KZT; выход=0; глубина=4: обход обрезан, конечная роль неизвестна",4,False,1,0,5900.0,0.0,1,0,0.00030322854188756906,0.0,True,0.0,exact,2248,0.0,1,0,1.0,0.0,0.0,0.0,0.0,0.0,0.0,0.0,False,True,depth_outflows_incomplete,5900.0,1,0.2,1.0
100000008324800100,peripheral,0.3,82,0.769981,"Роль неоднозначна: входов=3, выходов=1; оборот=1037500.00 KZT; FIFO 1–7д=45%; в тот же день=?36%; правила иных ролей не выполнены",2,False,3,1,526500.0,511000.0,17,13,0.0018517826355651506,0.9705603038936372,False,1.922024458454748e-05,exact,2248,0.2871452420701169,3,2,0.6581196581196581,1.0,0.7945205479452054,228500.0,0.4471624266144814,185000.0,0.36203522504892366,0.1908023483365949,False,False,sample_only,1037500.0,30,0.3,1.0
100000008327791100,peripheral,0.2,28,0.266207,"Вход=1, 11000.00 KZT; выход=0; глубина=4: обход обрезан, конечная роль неизвестна",4,False,1,0,11000.0,0.0,1,0,0.0005367685704661637,0.0,True,0.0,exact,2248,0.0,1,0,1.0,0.0,0.0,0.0,0.0,0.0,0.0,0.0,False,True,depth_outflows_incomplete,11000.0,1,0.2,1.0
100000008331280100,peripheral,0.2,14,0.325471,"Вход=1, 41000.00 KZT; выход=0; глубина=4: обход обрезан, конечная роль неизвестна",4,False,1,0,41000.0,0.0,2,0,0.00031806648242539286,0.0,True,0.0,exact,2248,0.0,1,0,1.0,0.0,0.0,0.0,0.0,0.0,0.0,0.0,False,True,depth_outflows_incomplete,41000.0,2,0.2,1.0
100000008332511100,terminal,0.59,1,0.438997,"Наблюдаемый получатель: входов=1, вход=100000.00 KZT; выход=0; глубина=3; вне выборки операции неизвестны",3,False,1,0,100000.0,0.0,1,0,0.0011127776746800726,0.0,False,0.0,exact,2248,0.0,1,0,1.0,0.0,0.0,0.0,0.0,0.0,0.0,0.0,False,False,sample_only,100000.0,1,0.59,1.0
100000008333492100,peripheral,0.2,57,0.438033,"Вход=1, 216400.00 KZT; выход=0; глубина=4: обход обрезан, конечная роль неизвестна",4,False,1,0,216400.0,0.0,1,0,0.000438010856156945,0.0,True,0.0,exact,2248,0.0,1,0,1.0,0.0,0.0,0.0,0.0,0.0,0.0,0.0,False,True,depth_outflows_incomplete,216400.0,1,0.2,1.0
100000008335401100,terminal,0.59,18,0.484421,"Наблюдаемый получатель: входов=1, вход=150000.00 KZT; выход=0; глубина=2; вне выборки операции неизвестны",2,False,1,0,150000.0,0.0,3,0,0.0005512278448300623,0.0,False,0.0,exact,2248,0.0,1,0,1.0,0.0,0.0,0.0,0.0,0.0,0.0,0.0,False,False,sample_only,150000.0,3,0.59,1.0
100000008336318100,peripheral,0.2,4,0.39068,"Вход=1, 170000.00 KZT; выход=0; глубина=4: обход обрезан, конечная роль неизвестна",4,False,1,0,170000.0,0.0,1,0,0.00032671946741775836,0.0,True,0.0,exact,2248,0.0,1,0,1.0,0.0,0.0,0.0,0.0,0.0,0.0,0.0,False,True,depth_outflows_incomplete,170000.0,1,0.2,1.0
100000008337304100,peripheral,0.2,8,0.41181,"Вход=1, 105465.00 KZT; выход=0; глубина=4: обход обрезан, конечная роль неизвестна",4,False,1,0,105465.0,0.0,2,0,0.00035426504692391266,0.0,True,0.0,exact,2248,0.0,1,0,1.0,0.0,0.0,0.0,0.0,0.0,0.0,0.0,False,True,depth_outflows_incomplete,105465.0,2,0.2,1.0
100000008343415100,peripheral,0.2,8,0.440209,"Вход=1, 100000.00 KZT; выход=0; глубина=4: обход обрезан, конечная роль неизвестна",4,False,1,0,100000.0,0.0,3,0,0.0004339920196479948,0.0,True,0.0,exact,2248,0.0,1,0,1.0,0.0,0.0,0.0,0.0,0.0,0.0,0.0,False,True,depth_outflows_incomplete,100000.0,3,0.2,1.0
100000008343874100,peripheral,0.3,8,0.706502,"Роль неоднозначна: входов=2, выходов=2; оборот=459935.00 KZT; FIFO 1–7д=81%; в тот же день=?0%; правила иных ролей не выполнены",3,False,2,2,283535.0,176400.0,2,5,0.0003076522795593052,0.6221454141464017,False,3.883678287186913e-05,exact,2248,0.5684474123539232,4,1,0.6184421676336255,0.5668934240362812,0.8129251700680272,143400.0,0.8129251700680272,0.0,0.0,0.1870748299319728,False,False,sample_only,459935.0,7,0.3,1.0
100000008346837100,coordinator,0.9,12,0.951458,"Гипотеза связующего: соседей=32, внешних сообществ=7; посредничество=0.00898; не доказательство управления",2,False,9,25,254359.0,1258643.0,12,26,0.0005474079827287937,4.948293553599441,False,0.008981156281324022,exact,2248,1.0,32,7,0.44032253625780887,0.2614982961808869,0.6879464629763961,139059.0,0.11048327444716254,115300.0,0.09160659535706313,0.7979101301957744,False,False,sample_only,1513002.0,38,0.9,1.0
100000008349675100,peripheral,0.55,1,0.357125,"Мало связей: входов=1, выходов=1; оборот=83170.00 KZT; FIFO 1–7д=0%; в тот же день=?50%; правила иных ролей не выполнены",1,False,1,1,46520.0,36650.0,1,2,0.0002882368551639779,0.7878331900257953,False,1.981468513870874e-07,exact,2248,0.01001669449081803,2,0,1.0,1.0,0.0,0.0,0.0,18500.0,0.504774897680764,0.495225102319236,False,False,sample_only,83170.0,3,0.55,1.0
100000008349740100,peripheral,0.2,20,0.305731,"Вход=1, 70000.00 KZT; выход=0; глубина=4: обход обрезан, конечная роль неизвестна",4,False,1,0,70000.0,0.0,2,0,0.00029252500391614434,0.0,True,0.0,exact,2248,0.0,1,0,1.0,0.0,0.0,0.0,0.0,0.0,0.0,0.0,False,True,depth_outflows_incomplete,70000.0,2,0.2,1.0
100000008352542100,terminal,0.59,2,0.31928,"Наблюдаемый получатель: входов=1, вход=50220.00 KZT; выход=0; глубина=2; вне выборки операции неизвестны",2,False,1,0,50220.0,0.0,1,0,0.00033147541987125204,0.0,False,0.0,exact,2248,0.0,1,0,1.0,0.0,0.0,0.0,0.0,0.0,0.0,0.0,False,False,sample_only,50220.0,1,0.59,1.0
100000008356606100,terminal,0.63,12,0.549574,"Наблюдаемый получатель: входов=2, вход=168500.00 KZT; выход=0; глубина=2; вне выборки операции неизвестны",2,False,2,0,168500.0,0.0,2,0,0.0006267853006401153,0.0,False,0.0,exact,2248,0.0,2,0,0.712166172106825,0.0,0.0,0.0,0.0,0.0,0.0,0.0,False,False,sample_only,168500.0,2,0.63,1.0
100000008376089100,terminal,0.59,33,0.343932,"Наблюдаемый получатель: входов=1, вход=135000.00 KZT; выход=0; глубина=2; вне выборки операции неизвестны",2,False,1,0,135000.0,0.0,1,0,0.000302435334778072,0.0,False,0.0,exact,2248,0.0,1,0,1.0,0.0,0.0,0.0,0.0,0.0,0.0,0.0,False,False,sample_only,135000.0,1,0.59,1.0
100000008376785100,peripheral,0.2,10,0.490186,"Вход=1, 234250.00 KZT; выход=0; глубина=4: обход обрезан, конечная роль неизвестна",4,False,1,0,234250.0,0.0,2,0,0.0005318070054641104,0.0,True,0.0,exact,2248,0.0,1,0,1.0,0.0,0.0,0.0,0.0,0.0,0.0,0.0,False,True,depth_outflows_incomplete,234250.0,2,0.2,1.0
100000008379273100,coordinator,0.853485,18,0.686623,"Гипотеза связующего: соседей=6, внешних сообществ=3; посредничество=0.00170; не доказательство управления",3,False,2,4,36000.0,38000.0,2,4,0.0002990171904496492,1.0555555555555556,False,0.0017005148871402581,exact,2248,0.9549248747913188,6,3,0.5555555555555556,0.4473684210526316,0.7368421052631579,20000.0,0.5263157894736842,0.0,0.0,0.47368421052631576,False,False,sample_only,74000.0,6,0.853485,1.0
100000008383405100,terminal,0.59,21,0.272757,"Наблюдаемый получатель: входов=1, вход=25000.00 KZT; выход=0; глубина=1; вне выборки операции неизвестны",1,False,1,0,25000.0,0.0,2,0,0.0003060252661737654,0.0,False,0.0,exact,2248,0.0,1,0,1.0,0.0,0.0,0.0,0.0,0.0,0.0,0.0,False,False,sample_only,25000.0,2,0.59,1.0
100000008388049100,terminal,0.59,24,0.424888,"Наблюдаемый получатель: входов=1, вход=496400.00 KZT; выход=0; глубина=3; вне выборки операции неизвестны",3,False,1,0,496400.0,0.0,1,0,0.00030921374363523924,0.0,False,0.0,exact,2248,0.0,1,0,1.0,0.0,0.0,0.0,0.0,0.0,0.0,0.0,False,False,sample_only,496400.0,1,0.59,1.0
100000008389800100,distributor,0.803697,16,0.859263,"Гипотеза распределения: входов=3, получателей=7; выход=401620.00 KZT; крупнейший выход=24%; источник средств неизвестен",2,False,3,7,189000.0,401620.0,3,8,0.0005050963840560336,2.124973544973545,False,0.00015931006851521828,exact,2248,0.8180300500834724,8,1,0.6349206349206349,0.24201981973009312,0.828195806981724,118400.0,0.2948060355559982,49000.0,0.1220058762013844,0.5831880882426174,False,False,sample_only,590620.0,11,0.803697,1.0
100000008405209100,terminal,0.59,28,0.266117,"Наблюдаемый получатель: входов=1, вход=54400.00 KZT; выход=0; глубина=3; вне выборки операции неизвестны",3,False,1,0,54400.0,0.0,1,0,0.00029413180237518533,0.0,False,0.0,exact,2248,0.0,1,0,1.0,0.0,0.0,0.0,0.0,0.0,0.0,0.0,False,False,sample_only,54400.0,1,0.59,1.0
100000008406609100,terminal,0.59,47,0.319886,"Наблюдаемый получатель: входов=1, вход=34000.00 KZT; выход=0; глубина=2; вне выборки операции неизвестны",2,False,1,0,34000.0,0.0,1,0,0.00043050382065094834,0.0,False,0.0,exact,2248,0.0,1,0,1.0,0.0,0.0,0.0,0.0,0.0,0.0,0.0,False,False,sample_only,34000.0,1,0.59,1.0
100000008413748100,coordinator,0.84447,28,0.894107,"Гипотеза связующего: соседей=20, внешних сообществ=3; посредничество=0.00062; не доказательство управления",2,False,2,18,26480.0,1377320.22,2,21,0.00039089149206356923,52.01360347432024,False,0.00062471678307907,exact,2248,0.9098497495826378,20,3,0.5090634441087614,0.32672140687806067,0.6595306645538102,26480.0,0.01922573967584677,0.0,0.0,0.9807742603241533,False,False,sample_only,1403800.22,23,0.84447,1.0
100000008416433100,terminal,0.59,40,0.174641,"Наблюдаемый получатель: входов=1, вход=20000.00 KZT; выход=0; глубина=3; вне выборки операции неизвестны",3,False,1,0,20000.0,0.0,1,0,0.0002912223270400026,0.0,False,0.0,exact,2248,0.0,1,0,1.0,0.0,0.0,0.0,0.0,0.0,0.0,0.0,False,False,sample_only,20000.0,1,0.59,1.0
100000008417029100,terminal,0.59,4,0.33635,"Наблюдаемый получатель: входов=1, вход=100000.00 KZT; выход=0; глубина=3; вне выборки операции неизвестны",3,False,1,0,100000.0,0.0,1,0,0.00030663007931043686,0.0,False,0.0,exact,2248,0.0,1,0,1.0,0.0,0.0,0.0,0.0,0.0,0.0,0.0,False,False,sample_only,100000.0,1,0.59,1.0
100000008417359100,peripheral,0.3,28,0.447656,"Роль неоднозначна: входов=1, выходов=2; оборот=151570.00 KZT; FIFO 1–7д=28%; в тот же день=?0%; правила иных ролей не выполнены",3,False,1,2,40810.0,110760.0,2,3,0.0002919927493261819,2.714040676304827,False,0.0,exact,2248,0.0,3,0,1.0,0.8125677139761647,0.8125677139761647,30810.0,0.27816901408450706,0.0,0.0,0.721830985915493,False,False,sample_only,151570.0,5,0.3,1.0
100000008418835100,peripheral,0.3,70,0.900937,"Роль неоднозначна: входов=1, выходов=4; оборот=1558179.00 KZT; FIFO 1–7д=100%; в тот же день=?0%; правила иных ролей не выполнены; seed: вход неполон",0,True,1,4,1372000.0,186179.0,67,6,0.0005285862410602083,0.13569897959183674,False,0.00031663866851656567,exact,2248,0.8781302170283807,5,2,1.0,0.4058191310513001,1.0,186179.0,1.0,0.0,0.0,0.0,True,False,seed_inflows_incomplete,1558179.0,73,0.3,1.0
100000008418934100,terminal,0.59,4,0.42352,"Наблюдаемый получатель: входов=1, вход=360000.00 KZT; выход=0; глубина=2; вне выборки операции неизвестны",2,False,1,0,360000.0,0.0,1,0,0.00031944516765308105,0.0,False,0.0,exact,2248,0.0,1,0,1.0,0.0,0.0,0.0,0.0,0.0,0.0,0.0,False,False,sample_only,360000.0,1,0.59,1.0
100000008422226100,terminal,0.59,0,0.272577,"Наблюдаемый получатель: входов=1, вход=87450.00 KZT; выход=0; глубина=3; вне выборки операции неизвестны",3,False,1,0,87450.0,0.0,1,0,0.0002904944753360778,0.0,False,0.0,exact,2248,0.0,1,0,1.0,0.0,0.0,0.0,0.0,0.0,0.0,0.0,False,False,sample_only,87450.0,1,0.59,1.0
100000008427027100,terminal,0.59,2,0.477109,"Наблюдаемый получатель: входов=1, вход=300000.00 KZT; выход=0; глубина=3; вне выборки операции неизвестны",3,False,1,0,300000.0,0.0,1,0,0.0005512640793595239,0.0,False,0.0,exact,2248,0.0,1,0,1.0,0.0,0.0,0.0,0.0,0.0,0.0,0.0,False,False,sample_only,300000.0,1,0.59,1.0
100000008430691100,peripheral,0.55,51,0.631698,"Мало связей: входов=1, выходов=2; оборот=624900.00 KZT; FIFO 1–7д=0%; в тот же день=?3%; правила иных ролей не выполнены",3,False,1,2,20000.0,604900.0,1,2,0.0003069779355111296,30.245,False,1.9616538287321655e-05,exact,2248,0.3831385642737897,2,1,1.0,0.96693668374938,0.03306331625061994,0.0,0.0,20000.0,0.03306331625061994,0.96693668374938,False,False,sample_only,624900.0,3,0.55,1.0
100000008432942100,terminal,0.59,0,0.239446,"Наблюдаемый получатель: входов=1, вход=44542.00 KZT; выход=0; глубина=3; вне выборки операции неизвестны",3,False,1,0,44542.0,0.0,2,0,0.0002880778981897667,0.0,False,0.0,exact,2248,0.0,1,0,1.0,0.0,0.0,0.0,0.0,0.0,0.0,0.0,False,False,sample_only,44542.0,2,0.59,1.0
100000008436257100,terminal,0.63,28,0.327254,"Наблюдаемый получатель: входов=2, вход=35000.00 KZT; выход=0; глубина=3; вне выборки операции неизвестны",3,False,2,0,35000.0,0.0,2,0,0.0002945798149854981,0.0,False,0.0,exact,2248,0.0,2,0,0.8272571428571428,0.0,0.0,0.0,0.0,0.0,0.0,0.0,False,False,sample_only,35000.0,2,0.63,1.0
100000008438656100,peripheral,0.3,2,0.54724,"Роль неоднозначна: входов=2, выходов=1; оборот=85000.00 KZT; FIFO 1–7д=0%; в тот же день=?100%; правила иных ролей не выполнены",1,False,2,1,80000.0,5000.0,2,1,0.00029739252742606105,0.0625,False,2.377762216645049e-05,exact,2248,0.49165275459098495,3,1,0.6875,1.0,0.0,0.0,0.0,5000.0,1.0,0.0,False,False,sample_only,85000.0,3,0.3,1.0
100000008443341100,peripheral,0.3,7,0.780599,"Роль неоднозначна: входов=2, выходов=3; оборот=84500.00 KZT; FIFO 1–7д=34%; в тот же день=?28%; правила иных ролей не выполнены",1,False,2,3,34500.0,50000.0,2,4,0.000668969993048666,1.4492753623188406,False,0.0003600989624119565,exact,2248,0.8914858096828047,4,1,0.7101449275362319,0.38,0.62,17000.0,0.34,14000.0,0.28,0.38,False,False,sample_only,84500.0,6,0.3,1.0
100000008454065100,terminal,0.59,40,0.195256,"Наблюдаемый получатель: входов=1, вход=24050.00 KZT; выход=0; глубина=3; вне выборки операции неизвестны",3,False,1,0,24050.0,0.0,1,0,0.00029236706618660175,0.0,False,0.0,exact,2248,0.0,1,0,1.0,0.0,0.0,0.0,0.0,0.0,0.0,0.0,False,False,sample_only,24050.0,1,0.59,1.0
100000008459449100,terminal,0.59,0,0.282582,"Наблюдаемый получатель: входов=1, вход=53700.00 KZT; выход=0; глубина=3; вне выборки операции неизвестны",3,False,1,0,53700.0,0.0,1,0,0.0002995780948902197,0.0,False,0.0,exact,2248,0.0,1,0,1.0,0.0,0.0,0.0,0.0,0.0,0.0,0.0,False,False,sample_only,53700.0,1,0.59,1.0
100000008460102100,distributor,0.867455,18,0.812817,"Гипотеза распределения: входов=1, получателей=31; выход=476570.00 KZT; крупнейший выход=22%; источник средств неизвестен",3,False,1,31,17500.0,476570.0,1,34,0.00029968918055683897,27.23257142857143,False,0.0009777226136943517,exact,2248,0.9348914858096828,32,2,1.0,0.21696707723944017,0.5069979226556435,0.0,0.0,17500.0,0.036720733575340454,0.9632792664246596,False,False,sample_only,494070.0,35,0.867455,1.0
100000008461217100,peripheral,0.2,45,0.295211,"Вход=1, 18000.00 KZT; выход=0; глубина=4: обход обрезан, конечная роль неизвестна",4,False,1,0,18000.0,0.0,1,0,0.0005455897895490723,0.0,True,0.0,exact,2248,0.0,1,0,1.0,0.0,0.0,0.0,0.0,0.0,0.0,0.0,False,True,depth_outflows_incomplete,18000.0,1,0.2,1.0
100000008461532100,distributor,0.793599,14,0.929892,"Гипотеза распределения: входов=2, получателей=8; выход=2530090.00 KZT; крупнейший выход=44%; источник средств неизвестен",2,False,2,8,565300.0,2530090.0,2,9,0.0007452506208527072,4.475658942154608,False,0.00027126303954892267,exact,2248,0.8597662771285476,9,1,0.990624447196179,0.44267199981028343,0.0045966744266014254,0.0,0.0,565300.0,0.2234307870471011,0.7765692129528989,False,False,sample_only,3095390.0,11,0.793599,1.0
100000008463968100,terminal,0.59,22,0.10461,"Наблюдаемый получатель: входов=1, вход=10000.00 KZT; выход=0; глубина=3; вне выборки операции неизвестны",3,False,1,0,10000.0,0.0,1,0,0.00028713007200911945,0.0,False,0.0,exact,2248,0.0,1,0,1.0,0.0,0.0,0.0,0.0,0.0,0.0,0.0,False,False,sample_only,10000.0,1,0.59,1.0
100000008465789100,distributor,0.872391,42,0.797002,"Гипотеза распределения: входов=1, получателей=16; выход=1858100.00 KZT; крупнейший выход=18%; источник средств неизвестен",3,False,1,16,30099.0,1858100.0,1,17,0.0002898880397943201,61.732947938469714,False,0.00084509640584407,exact,2248,0.9265442404006677,17,2,1.0,0.18405898498466175,0.564824282869598,0.0,0.0,30099.0,0.0161988052311501,0.9838011947688499,False,False,sample_only,1888199.0,18,0.872391,1.0
100000008466579100,coordinator,0.880968,42,0.887157,"Гипотеза связующего: соседей=19, внешних сообществ=4; посредничество=0.00051; не доказательство управления",2,False,2,17,36952.0,1933000.0,2,20,0.0003534138885849357,52.31110630006495,False,0.0005056322361854107,exact,2248,0.9048414023372288,19,4,0.8118640398354622,0.1577858251422659,0.06466632177961718,30000.0,0.015519917227108122,6952.0,0.0035964821520951887,0.9808836006207967,False,False,sample_only,1969952.0,22,0.880968,1.0
100000008468762100,terminal,0.63,35,0.46624,"Наблюдаемый получатель: входов=2, вход=170000.00 KZT; выход=0; глубина=3; вне выборки операции неизвестны",3,False,2,0,170000.0,0.0,2,0,0.000310405073841,0.0,False,0.0,exact,2248,0.0,2,1,0.8235294117647058,0.0,0.0,0.0,0.0,0.0,0.0,0.0,False,False,sample_only,170000.0,2,0.63,1.0
100000008469048100,peripheral,0.2,0,0.536395,"Вход=1, 265200.00 KZT; выход=0; глубина=4: обход обрезан, конечная роль неизвестна",4,False,1,0,265200.0,0.0,7,0,0.0005788057669614712,0.0,True,0.0,exact,2248,0.0,1,0,1.0,0.0,0.0,0.0,0.0,0.0,0.0,0.0,False,True,depth_outflows_incomplete,265200.0,7,0.2,1.0
100000008470470100,terminal,0.59,22,0.221433,"Наблюдаемый получатель: входов=1, вход=33547.00 KZT; выход=0; глубина=1; вне выборки операции неизвестны",1,False,1,0,33547.0,0.0,1,0,0.00029261041656514913,0.0,False,0.0,exact,2248,0.0,1,0,1.0,0.0,0.0,0.0,0.0,0.0,0.0,0.0,False,False,sample_only,33547.0,1,0.59,1.0
100000008471634100,peripheral,0.2,13,0.325561,"Вход=1, 20000.00 KZT; выход=0; глубина=4: обход обрезан, конечная роль неизвестна",4,False,1,0,20000.0,0.0,1,0,0.0011246149928916334,0.0,True,0.0,exact,2248,0.0,1,0,1.0,0.0,0.0,0.0,0.0,0.0,0.0,0.0,False,True,depth_outflows_incomplete,20000.0,1,0.2,1.0
100000008472324100,terminal,0.59,10,0.335431,"Наблюдаемый получатель: входов=1, вход=205200.00 KZT; выход=0; глубина=3; вне выборки операции неизвестны",3,False,1,0,205200.0,0.0,1,0,0.0002922196567372928,0.0,False,0.0,exact,2248,0.0,1,0,1.0,0.0,0.0,0.0,0.0,0.0,0.0,0.0,False,False,sample_only,205200.0,1,0.59,1.0
100000008473207100,terminal,0.59,8,0.511922,"Наблюдаемый получатель: входов=1, вход=202000.00 KZT; выход=0; глубина=2; вне выборки операции неизвестны",2,False,1,0,202000.0,0.0,4,0,0.0005562056073953195,0.0,False,0.0,exact,2248,0.0,1,0,1.0,0.0,0.0,0.0,0.0,0.0,0.0,0.0,False,False,sample_only,202000.0,4,0.59,1.0
100000008473765100,terminal,0.59,8,0.208603,"Наблюдаемый получатель: входов=1, вход=30000.00 KZT; выход=0; глубина=3; вне выборки операции неизвестны",3,False,1,0,30000.0,0.0,1,0,0.0002916730641589798,0.0,False,0.0,exact,2248,0.0,1,0,1.0,0.0,0.0,0.0,0.0,0.0,0.0,0.0,False,False,sample_only,30000.0,1,0.59,1.0
100000008474308100,peripheral,0.55,7,0.341487,"Мало связей: входов=1, выходов=1; оборот=24000.00 KZT; FIFO 1–7д=0%; в тот же день=?0%; правила иных ролей не выполнены",2,False,1,1,14000.0,10000.0,2,1,0.0004450220360099154,0.7142857142857143,False,0.0,exact,2248,0.0,1,0,1.0,1.0,0.0,0.0,0.0,0.0,0.0,1.0,False,False,sample_only,24000.0,3,0.55,1.0
100000008474391100,terminal,0.59,29,0.275852,"Наблюдаемый получатель: входов=1, вход=20000.00 KZT; выход=0; глубина=3; вне выборки операции неизвестны",3,False,1,0,20000.0,0.0,1,0,0.0004071507212217605,0.0,False,0.0,exact,2248,0.0,1,0,1.0,0.0,0.0,0.0,0.0,0.0,0.0,0.0,False,False,sample_only,20000.0,1,0.59,1.0
100000008477350100,coordinator,0.895659,0,0.980465,"Гипотеза связующего: соседей=49, внешних сообществ=4; посредничество=0.00252; не доказательство управления",2,False,11,39,610100.0,3374866.0,14,44,0.0010342350786611244,5.531660383543682,False,0.0025171940682580047,exact,2248,0.9782971619365609,49,4,0.3638747746271103,0.10074474068007441,0.46371381856346294,130800.0,0.03875709435574627,310700.0,0.09206291449793859,0.8691799911463152,False,False,sample_only,3984966.0,58,0.895659,1.0
100000008478414100,terminal,0.59,22,0.120446,"Наблюдаемый получатель: входов=1, вход=10000.00 KZT; выход=0; глубина=2; вне выборки операции неизвестны",2,False,1,0,10000.0,0.0,1,0,0.00028896566732328953,0.0,False,0.0,exact,2248,0.0,1,0,1.0,0.0,0.0,0.0,0.0,0.0,0.0,0.0,False,False,sample_only,10000.0,1,0.59,1.0
100000008486520100,peripheral,0.55,16,0.404918,"Мало связей: входов=1, выходов=1; оборот=49720.00 KZT; FIFO 1–7д=0%; в тот же день=?0%; правила иных ролей не выполнены",1,False,1,1,35720.0,14000.0,2,1,0.00028940983908926294,0.3919372900335946,False,1.922024458454748e-05,exact,2248,0.2871452420701169,2,0,1.0,1.0,0.0,0.0,0.0,0.0,0.0,1.0,False,False,sample_only,49720.0,3,0.55,1.0
100000008488166100,terminal,0.59,22,0.086485,"Наблюдаемый получатель: входов=1, вход=5600.00 KZT; выход=0; глубина=3; вне выборки операции неизвестны",3,False,1,0,5600.0,0.0,1,0,0.0002864433297807149,0.0,False,0.0,exact,2248,0.0,1,0,1.0,0.0,0.0,0.0,0.0,0.0,0.0,0.0,False,False,sample_only,5600.0,1,0.59,1.0
100000008489604100,terminal,0.59,22,0.111788,"Наблюдаемый получатель: входов=1, вход=11000.00 KZT; выход=0; глубина=3; вне выборки операции неизвестны",3,False,1,0,11000.0,0.0,1,0,0.0002872861497883023,0.0,False,0.0,exact,2248,0.0,1,0,1.0,0.0,0.0,0.0,0.0,0.0,0.0,0.0,False,False,sample_only,11000.0,1,0.59,1.0
100000008489922100,coordinator,0.885643,4,0.952141,"Гипотеза связующего: соседей=38, внешних сообществ=6; посредничество=0.00087; не доказательство управления",3,False,3,36,262010.0,3789900.0,5,41,0.0005858952858663094,14.464715087210411,False,0.0008721882963004521,exact,2248,0.9282136894824707,38,6,0.4694477310026335,0.09762790574949207,0.590648829784427,214010.0,0.05646850840391567,48000.0,0.012665241826961134,0.9308662497691232,False,False,sample_only,4051910.0,46,0.885643,1.0
100000008490127100,distributor,0.733868,10,0.78069,"Гипотеза распределения: входов=1, получателей=6; выход=923000.00 KZT; крупнейший выход=57%; источник средств неизвестен",3,False,1,6,431755.0,923000.0,2,9,0.0002995621171696467,2.137786476126507,False,0.00011532146750728487,exact,2248,0.7621035058430717,7,0,1.0,0.5742145178764897,0.0,0.0,0.0,0.0,0.0,1.0,False,False,sample_only,1354755.0,11,0.733868,1.0
100000008491390100,terminal,0.59,0,0.190096,"Наблюдаемый получатель: входов=1, вход=36000.00 KZT; выход=0; глубина=3; вне выборки операции неизвестны",3,False,1,0,36000.0,0.0,1,0,0.00028759681303119975,0.0,False,0.0,exact,2248,0.0,1,0,1.0,0.0,0.0,0.0,0.0,0.0,0.0,0.0,False,False,sample_only,36000.0,1,0.59,1.0
100000008493007100,transit,0.9,22,0.359305,"Гипотеза транзита: вход=26150.00, выход=26150.00 KZT; FIFO 1–7д=100%; в тот же день=?0%; те же деньги не установлены",3,False,1,1,26150.0,26150.0,1,1,0.0002896507281429226,1.0,False,1.387027959709612e-06,exact,2248,0.11519198664440734,2,0,1.0,1.0,1.0,26150.0,1.0,0.0,0.0,0.0,False,False,sample_only,52300.0,2,0.9,1.0
100000008497298100,terminal,0.59,4,0.46116,"Наблюдаемый получатель: входов=1, вход=600000.00 KZT; выход=0; глубина=2; вне выборки операции неизвестны",2,False,1,0,600000.0,0.0,1,0,0.00034202908327694116,0.0,False,0.0,exact,2248,0.0,1,0,1.0,0.0,0.0,0.0,0.0,0.0,0.0,0.0,False,False,sample_only,600000.0,1,0.59,1.0
100000008501413100,transit,0.891176,11,0.437111,"Гипотеза транзита: вход=5000.00, выход=5100.00 KZT; FIFO 1–7д=98%; в тот же день=?0%; те же деньги не установлены",3,False,1,1,5000.0,5100.0,1,1,0.00036664528360685786,1.02,False,2.1201713098418353e-05,exact,2248,0.44741235392320533,2,0,1.0,1.0,1.0,5000.0,0.9803921568627451,0.0,0.0,0.0196078431372549,False,False,sample_only,10100.0,2,0.891176,1.0
100000008502995100,terminal,0.59,0,0.368495,"Наблюдаемый получатель: входов=1, вход=25000.00 KZT; выход=0; глубина=3; вне выборки операции неизвестны",3,False,1,0,25000.0,0.0,2,0,0.0007270949451502088,0.0,False,0.0,exact,2248,0.0,1,0,1.0,0.0,0.0,0.0,0.0,0.0,0.0,0.0,False,False,sample_only,25000.0,2,0.59,1.0
100000008503177100,terminal,0.59,8,0.221433,"Наблюдаемый получатель: входов=1, вход=33951.00 KZT; выход=0; глубина=3; вне выборки операции неизвестны",3,False,1,0,33951.0,0.0,1,0,0.0002924769306603002,0.0,False,0.0,exact,2248,0.0,1,0,1.0,0.0,0.0,0.0,0.0,0.0,0.0,0.0,False,False,sample_only,33951.0,1,0.59,1.0
100000008507703100,terminal,0.59,22,0.193843,"Наблюдаемый получатель: входов=1, вход=28500.00 KZT; выход=0; глубина=3; вне выборки операции неизвестны",3,False,1,0,28500.0,0.0,1,0,0.00029001751092400227,0.0,False,0.0,exact,2248,0.0,1,0,1.0,0.0,0.0,0.0,0.0,0.0,0.0,0.0,False,False,sample_only,28500.0,1,0.59,1.0
100000008512552100,peripheral,0.3,28,0.896665,"Роль неоднозначна: входов=4, выходов=6; оборот=1696635.00 KZT; FIFO 1–7д=5%; в тот же день=?25%; правила иных ролей не выполнены",2,False,4,6,394360.0,1302275.0,9,11,0.0004258788196805511,3.3022492139162187,False,0.00043072956564757015,exact,2248,0.8948247078464107,9,2,0.6240490922000203,0.4215699449041101,0.5784300550958899,63800.0,0.04899118849705324,330560.0,0.25383271582423067,0.6971760956787161,False,False,sample_only,1696635.0,20,0.3,1.0
100000008512827100,distributor,0.849859,24,0.847298,"Гипотеза распределения: входов=3, получателей=10; выход=1944500.00 KZT; крупнейший выход=33%; источник средств неизвестен",2,False,3,10,107949.0,1944500.0,3,10,0.0003352561979240575,18.01313583266172,False,0.00013726544500137545,exact,2248,0.7963272120200334,13,5,0.5049606758747186,0.3342761635381846,0.8508614039598869,107949.0,0.05551504242735922,0.0,0.0,0.9444849575726407,False,False,sample_only,2052449.0,13,0.849859,1.0
100000008513251100,peripheral,0.0,85,0.0,"Связей=0, операций=0; изолирован, данных для роли нет; seed: вход неполон",0,True,0,0,0.0,0.0,0,0,0.0002855692942172909,,False,0.0,exact,2248,0.0,0,0,0.0,0.0,0.0,0.0,0.0,0.0,0.0,0.0,True,False,no_operations;seed_inflows_incomplete,0.0,0,0.0,1.0
100000008514970100,peripheral,0.55,8,0.531408,"Мало связей: входов=1, выходов=1; оборот=410966.00 KZT; FIFO 1–7д=0%; в тот же день=?100%; правила иных ролей не выполнены",3,False,1,1,379966.0,31000.0,1,1,0.0003126314885305634,0.0815862471905381,False,7.925874055483496e-07,exact,2248,0.06928213689482471,2,0,1.0,1.0,0.0,0.0,0.0,31000.0,1.0,0.0,False,False,sample_only,410966.0,2,0.55,1.0
100000008516839100,consolidator,0.65,47,0.591644,Гипотеза сбора: отправителей=3; вход=155000.00 KZT; выход/вход=0.00; крупнейший вход=42%; seed: вход неполон,0,True,3,0,155000.0,0.0,4,0,0.0010695838614429964,0.0,False,0.0,exact,2248,0.0,3,0,0.41935483870967744,0.0,0.0,0.0,0.0,0.0,0.0,0.0,True,False,seed_inflows_incomplete,155000.0,4,0.818065,0.65
100000008517061100,peripheral,0.2,40,0.559208,"Вход=1, 1844000.00 KZT; выход=0; глубина=4: обход обрезан, конечная роль неизвестна",4,False,1,0,1844000.0,0.0,4,0,0.00041305671798624714,0.0,True,0.0,exact,2248,0.0,1,0,1.0,0.0,0.0,0.0,0.0,0.0,0.0,0.0,False,True,depth_outflows_incomplete,1844000.0,4,0.2,1.0
100000008517538100,distributor,0.880195,4,0.833963,"Гипотеза распределения: входов=3, получателей=17; выход=1439000.00 KZT; крупнейший выход=13%; источник средств неизвестен",3,False,3,17,155500.0,1439000.0,6,18,0.00030701646079282416,9.254019292604502,False,0.0002458053647176589,exact,2248,0.8514190317195326,20,4,0.4533762057877814,0.1320361362056984,1.0,120500.0,0.08373870743571925,35000.0,0.024322446143154968,0.8919388464211258,False,False,sample_only,1594500.0,24,0.880195,1.0
100000008522127100,peripheral,0.55,56,0.313739,"Мало связей: входов=0, выходов=1; оборот=145000.00 KZT; FIFO 1–7д=0%; в тот же день=?0%; правила иных ролей не выполнены; seed: вход неполон",0,True,0,1,0.0,145000.0,0,3,0.0002855692942172909,,False,0.0,exact,2248,0.0,1,0,0.0,1.0,0.0,0.0,0.0,0.0,0.0,1.0,True,False,seed_inflows_incomplete,145000.0,3,0.55,1.0
100000008524903100,peripheral,0.2,0,0.229666,"Вход=1, 15000.00 KZT; выход=0; глубина=4: обход обрезан, конечная роль неизвестна",4,False,1,0,15000.0,0.0,1,0,0.0003317732501869909,0.0,True,0.0,exact,2248,0.0,1,0,1.0,0.0,0.0,0.0,0.0,0.0,0.0,0.0,False,True,depth_outflows_incomplete,15000.0,1,0.2,1.0
100000008525136100,peripheral,0.2,0,0.130002,"Вход=1, 14100.00 KZT; выход=0; глубина=4: обход обрезан, конечная роль неизвестна",4,False,1,0,14100.0,0.0,1,0,0.0002885216550484359,0.0,True,0.0,exact,2248,0.0,1,0,1.0,0.0,0.0,0.0,0.0,0.0,0.0,0.0,False,True,depth_outflows_incomplete,14100.0,1,0.2,1.0
100000008531133100,distributor,0.669965,16,0.701894,"Гипотеза распределения: входов=1, получателей=3; выход=158271.68 KZT; крупнейший выход=60%; источник средств неизвестен",2,False,1,3,25000.0,158271.68,1,3,0.0005327484529006038,6.3308672,False,2.3348303988445135e-05,exact,2248,0.48747913188647746,4,1,1.0,0.6002337246941462,0.0,0.0,0.0,25000.0,0.15795624334056477,0.8420437566594352,False,False,sample_only,183271.68,4,0.669965,1.0
100000008531186100,terminal,0.59,2,0.389648,"Наблюдаемый получатель: входов=1, вход=125000.00 KZT; выход=0; глубина=2; вне выборки операции неизвестны",2,False,1,0,125000.0,0.0,1,0,0.0003619550454860551,0.0,False,0.0,exact,2248,0.0,1,0,1.0,0.0,0.0,0.0,0.0,0.0,0.0,0.0,False,False,sample_only,125000.0,1,0.59,1.0
100000008532050100,terminal,0.59,10,0.404296,"Наблюдаемый получатель: входов=1, вход=455156.00 KZT; выход=0; глубина=3; вне выборки операции неизвестны",3,False,1,0,455156.0,0.0,1,0,0.0003003205242521543,0.0,False,0.0,exact,2248,0.0,1,0,1.0,0.0,0.0,0.0,0.0,0.0,0.0,0.0,False,False,sample_only,455156.0,1,0.59,1.0
100000008536546100,terminal,0.63,35,0.496815,"Наблюдаемый получатель: входов=2, вход=250000.00 KZT; выход=0; глубина=3; вне выборки операции неизвестны",3,False,2,0,250000.0,0.0,2,0,0.0003172528720016747,0.0,False,0.0,exact,2248,0.0,2,1,0.8,0.0,0.0,0.0,0.0,0.0,0.0,0.0,False,False,sample_only,250000.0,2,0.63,1.0
100000008537380100,terminal,0.59,22,0.094942,"Наблюдаемый получатель: входов=1, вход=8000.00 KZT; выход=0; глубина=3; вне выборки операции неизвестны",3,False,1,0,8000.0,0.0,1,0,0.00028681791645075375,0.0,False,0.0,exact,2248,0.0,1,0,1.0,0.0,0.0,0.0,0.0,0.0,0.0,0.0,False,False,sample_only,8000.0,1,0.59,1.0
100000008545727100,distributor,0.734814,18,0.836152,"Гипотеза распределения: входов=1, получателей=6; выход=1866500.00 KZT; крупнейший выход=57%; источник средств неизвестен",2,False,1,6,30000.0,1866500.0,1,7,0.00033870100433984517,62.21666666666667,False,0.00013420203177516877,exact,2248,0.7896494156928213,6,0,1.0,0.5679078489150817,0.0,0.0,0.0,30000.0,0.016072863648540048,0.9839271363514599,False,False,sample_only,1896500.0,8,0.734814,1.0
100000008546855100,consolidator,0.852038,43,0.747359,Гипотеза сбора: отправителей=6; вход=71790.00 KZT; выход/вход=0.14; крупнейший вход=47%,2,False,6,2,71790.0,10000.0,8,2,0.0014269758891576917,0.1392951664577239,False,5.8849614861964964e-05,exact,2248,0.6619365609348915,6,2,0.4706783674606491,0.5,1.0,10000.0,1.0,0.0,0.0,0.0,False,False,sample_only,81790.0,10,0.852038,1.0
100000008547295100,terminal,0.59,1,0.286552,"Наблюдаемый получатель: входов=1, вход=15000.00 KZT; выход=0; глубина=3; вне выборки операции неизвестны",3,False,1,0,15000.0,0.0,1,0,0.0005629711569533369,0.0,False,0.0,exact,2248,0.0,1,0,1.0,0.0,0.0,0.0,0.0,0.0,0.0,0.0,False,False,sample_only,15000.0,1,0.59,1.0
100000008547844100,coordinator,0.891319,42,0.898469,"Гипотеза связующего: соседей=21, внешних сообществ=5; посредничество=0.00179; не доказательство управления",2,False,3,19,177600.0,2042199.0,3,21,0.0003443380521779434,11.498868243243244,False,0.0017876098818035264,exact,2248,0.9565943238731218,21,5,0.5630630630630631,0.12045838823738529,0.24032917458092967,120700.0,0.05910295715549758,56900.0,0.02786212313295619,0.9130349197115463,False,False,sample_only,2219799.0,24,0.891319,1.0
100000008547948100,coordinator,0.888314,4,0.926207,"Гипотеза связующего: соседей=30, внешних сообществ=6; посредничество=0.00113; не доказательство управления",2,False,6,26,212665.0,5185600.0,7,31,0.0004277037249167612,24.383890155878966,False,0.0011322141374262575,exact,2248,0.9415692821368948,30,6,0.2868361037312205,0.1849352051835853,0.5759217834001852,6468.0,0.0012473002159827213,206197.0,0.03976338321505708,0.9589893165689602,False,False,sample_only,5398265.0,38,0.888314,1.0
100000008548853100,terminal,0.59,22,0.122577,"Наблюдаемый получатель: входов=1, вход=14000.00 KZT; выход=0; глубина=3; вне выборки операции неизвестны",3,False,1,0,14000.0,0.0,1,0,0.00028775438312585085,0.0,False,0.0,exact,2248,0.0,1,0,1.0,0.0,0.0,0.0,0.0,0.0,0.0,0.0,False,False,sample_only,14000.0,1,0.59,1.0
100000008551752100,peripheral,0.2,62,0.477939,"Вход=1, 406000.00 KZT; выход=0; глубина=4: обход обрезан, конечная роль неизвестна",4,False,1,0,406000.0,0.0,2,0,0.0003415570643909764,0.0,True,0.0,exact,2248,0.0,1,0,1.0,0.0,0.0,0.0,0.0,0.0,0.0,0.0,False,True,depth_outflows_incomplete,406000.0,2,0.2,1.0
100000008554390100,peripheral,0.2,18,0.160128,"Вход=1, 14000.00 KZT; выход=0; глубина=4: обход обрезан, конечная роль неизвестна",4,False,1,0,14000.0,0.0,1,0,0.00029306138884771293,0.0,True,0.0,exact,2248,0.0,1,0,1.0,0.0,0.0,0.0,0.0,0.0,0.0,0.0,False,True,depth_outflows_incomplete,14000.0,1,0.2,1.0
100000008555233100,terminal,0.59,35,0.455574,"Наблюдаемый получатель: входов=1, вход=440600.00 KZT; выход=0; глубина=3; вне выборки операции неизвестны",3,False,1,0,440600.0,0.0,1,0,0.0003634087205622213,0.0,False,0.0,exact,2248,0.0,1,0,1.0,0.0,0.0,0.0,0.0,0.0,0.0,0.0,False,False,sample_only,440600.0,1,0.59,1.0
100000008555918100,peripheral,0.3,2,0.65758,"Роль неоднозначна: входов=1, выходов=2; оборот=182511.00 KZT; FIFO 1–7д=0%; в тот же день=?0%; правила иных ролей не выполнены",1,False,1,2,139211.0,43300.0,1,2,0.00031344440839775313,0.3110386391879952,False,4.755524433290098e-05,exact,2248,0.6210350584307178,3,0,1.0,0.76905311778291,0.0,0.0,0.0,0.0,0.0,1.0,False,False,sample_only,182511.0,3,0.3,1.0
100000008556318100,terminal,0.63,2,0.546658,"Наблюдаемый получатель: входов=2, вход=180132.00 KZT; выход=0; глубина=1; вне выборки операции неизвестны",1,False,2,0,180132.0,0.0,2,0,0.000560504103069661,0.0,False,0.0,exact,2248,0.0,2,0,0.6474807363488997,0.0,0.0,0.0,0.0,0.0,0.0,0.0,False,False,sample_only,180132.0,2,0.63,1.0
100000008557672100,terminal,0.59,22,0.2798,"Наблюдаемый получатель: входов=1, вход=49125.00 KZT; выход=0; глубина=2; вне выборки операции неизвестны",2,False,1,0,49125.0,0.0,1,0,0.0003022539771005091,0.0,False,0.0,exact,2248,0.0,1,0,1.0,0.0,0.0,0.0,0.0,0.0,0.0,0.0,False,False,sample_only,49125.0,1,0.59,1.0
100000008560263100,peripheral,0.2,10,0.34631,"Вход=1, 100000.00 KZT; выход=0; глубина=4: обход обрезан, конечная роль неизвестна",4,False,1,0,100000.0,0.0,1,0,0.0003131893168807817,0.0,True,0.0,exact,2248,0.0,1,0,1.0,0.0,0.0,0.0,0.0,0.0,0.0,0.0,False,True,depth_outflows_incomplete,100000.0,1,0.2,1.0
100000008560717100,consolidator,0.875444,10,0.682957,Гипотеза сбора: отправителей=7; вход=529000.00 KZT; выход/вход=0.05; крупнейший вход=57%,1,False,7,1,529000.0,25000.0,9,1,0.0003308341565552128,0.04725897920604915,False,1.922024458454748e-05,exact,2248,0.2871452420701169,8,3,0.5746691871455577,1.0,0.0,0.0,0.0,0.0,0.0,1.0,False,False,sample_only,554000.0,10,0.875444,1.0
100000008561016100,peripheral,0.55,4,0.612748,"Мало связей: входов=1, выходов=1; оборот=365000.00 KZT; FIFO 1–7д=14%; в тот же день=?84%; правила иных ролей не выполнены",3,False,1,1,180000.0,185000.0,2,4,0.0002948428406003132,1.0277777777777777,False,2.2390594206740877e-05,exact,2248,0.4774624373956594,2,0,1.0,1.0,0.7027027027027027,25000.0,0.13513513513513514,155000.0,0.8378378378378378,0.02702702702702703,False,False,sample_only,365000.0,6,0.55,1.0
100000008566737100,terminal,0.63,0,0.511687,"Наблюдаемый получатель: входов=2, вход=230000.00 KZT; выход=0; глубина=1; вне выборки операции неизвестны",1,False,2,0,230000.0,0.0,2,0,0.0003494638119095339,0.0,False,0.0,exact,2248,0.0,2,1,0.5478260869565217,0.0,0.0,0.0,0.0,0.0,0.0,0.0,False,False,sample_only,230000.0,2,0.63,1.0
100000008568512100,terminal,0.59,10,0.331303,"Наблюдаемый получатель: входов=1, вход=199640.00 KZT; выход=0; глубина=3; вне выборки операции неизвестны",3,False,1,0,199640.0,0.0,1,0,0.00029203946172944083,0.0,False,0.0,exact,2248,0.0,1,0,1.0,0.0,0.0,0.0,0.0,0.0,0.0,0.0,False,False,sample_only,199640.0,1,0.59,1.0
100000008571243100,terminal,0.59,18,0.35055,"Наблюдаемый получатель: входов=1, вход=134000.00 KZT; выход=0; глубина=3; вне выборки операции неизвестны",3,False,1,0,134000.0,0.0,1,0,0.00030626343281042745,0.0,False,0.0,exact,2248,0.0,1,0,1.0,0.0,0.0,0.0,0.0,0.0,0.0,0.0,False,False,sample_only,134000.0,1,0.59,1.0
100000008571433100,peripheral,0.3,55,0.710727,"Роль неоднозначна: входов=2, выходов=2; оборот=1784000.00 KZT; FIFO 1–7д=21%; в тот же день=?3%; правила иных ролей не выполнены; seed: вход неполон",0,True,2,2,350000.0,1434000.0,2,3,0.0016264807087207904,4.097142857142857,False,9.90734256935437e-07,exact,2248,0.08180300500834725,3,0,0.5714285714285714,0.7419804741980475,1.0,300000.0,0.20920502092050208,50000.0,0.03486750348675035,0.7559274755927475,True,False,seed_inflows_incomplete,1784000.0,5,0.3,1.0
100000008571443100,terminal,0.63,12,0.41467,"Наблюдаемый получатель: входов=2, вход=65000.00 KZT; выход=0; глубина=2; вне выборки операции неизвестны",2,False,2,0,65000.0,0.0,2,0,0.00031474857317144927,0.0,False,0.0,exact,2248,0.0,2,1,0.6153846153846154,0.0,0.0,0.0,0.0,0.0,0.0,0.0,False,False,sample_only,65000.0,2,0.63,1.0
100000008575624100,distributor,0.65,68,0.371164,"Гипотеза распределения: входов=0, получателей=3; выход=89500.00 KZT; крупнейший выход=44%; источник средств неизвестен; seed: вход неполон",0,True,0,3,0.0,89500.0,0,5,0.0002855692942172909,,False,0.0,exact,2248,0.0,3,0,0.0,0.43575418994413406,0.0,0.0,0.0,0.0,0.0,1.0,True,False,seed_inflows_incomplete,89500.0,5,0.694637,0.65
100000008576243100,terminal,0.63,0,0.539412,"Наблюдаемый получатель: входов=2, вход=82920.00 KZT; выход=0; глубина=3; вне выборки операции неизвестны",3,False,2,0,82920.0,0.0,4,0,0.0016515737888683508,0.0,False,0.0,exact,2248,0.0,2,0,0.7959479015918958,0.0,0.0,0.0,0.0,0.0,0.0,0.0,False,False,sample_only,82920.0,4,0.63,1.0
100000008576528100,terminal,0.59,10,0.164883,"Наблюдаемый получатель: входов=1, вход=28000.00 KZT; выход=0; глубина=3; вне выборки операции неизвестны",3,False,1,0,28000.0,0.0,1,0,0.0002864767510913652,0.0,False,0.0,exact,2248,0.0,1,0,1.0,0.0,0.0,0.0,0.0,0.0,0.0,0.0,False,False,sample_only,28000.0,1,0.59,1.0
100000008579978100,peripheral,0.55,10,0.452047,"Мало связей: входов=1, выходов=1; оборот=111000.00 KZT; FIFO 1–7д=22%; в тот же день=?13%; правила иных ролей не выполнены",3,False,1,1,34000.0,77000.0,1,6,0.0002866712061358097,2.264705882352941,False,1.922024458454748e-05,exact,2248,0.2871452420701169,2,0,1.0,1.0,0.22077922077922077,17000.0,0.22077922077922077,10000.0,0.12987012987012986,0.6493506493506493,False,False,sample_only,111000.0,7,0.55,1.0
100000008582730100,peripheral,0.55,43,0.318943,"Мало связей: входов=1, выходов=1; оборот=10000.00 KZT; FIFO 1–7д=0%; в тот же день=?100%; правила иных ролей не выполнены",3,False,1,1,5000.0,5000.0,1,1,0.0008925911171850297,1.0,False,0.0,exact,2248,0.0,1,0,1.0,1.0,0.0,0.0,0.0,5000.0,1.0,0.0,False,False,sample_only,10000.0,2,0.55,1.0
100000008583360100,peripheral,0.55,18,0.583047,"Мало связей: входов=1, выходов=1; оборот=282843.00 KZT; FIFO 1–7д=66%; в тот же день=?0%; правила иных ролей не выполнены",3,False,1,1,112843.0,170000.0,1,1,0.0003276125928311374,1.5065179054083992,False,1.922024458454748e-05,exact,2248,0.2871452420701169,2,0,1.0,1.0,1.0,112843.0,0.6637823529411765,0.0,0.0,0.3362176470588235,False,False,sample_only,282843.0,2,0.55,1.0
100000008583971100,peripheral,0.2,0,0.412674,"Вход=2, 51000.00 KZT; выход=0; глубина=4: обход обрезан, конечная роль неизвестна",4,False,2,0,51000.0,0.0,2,0,0.00032971602313587925,0.0,True,0.0,exact,2248,0.0,2,0,0.7843137254901961,0.0,0.0,0.0,0.0,0.0,0.0,0.0,False,True,depth_outflows_incomplete,51000.0,2,0.2,1.0
100000008586731100,terminal,0.59,7,0.115467,"Наблюдаемый получатель: входов=1, вход=12000.00 KZT; выход=0; глубина=1; вне выборки операции неизвестны",1,False,1,0,12000.0,0.0,1,0,0.00028756075486281447,0.0,False,0.0,exact,2248,0.0,1,0,1.0,0.0,0.0,0.0,0.0,0.0,0.0,0.0,False,False,sample_only,12000.0,1,0.59,1.0
100000008587459100,peripheral,0.3,0,0.623559,"Роль неоднозначна: входов=2, выходов=2; оборот=868007.00 KZT; FIFO 1–7д=0%; в тот же день=?0%; правила иных ролей не выполнены",2,False,2,2,181507.0,686500.0,2,4,0.00030075681163842634,3.782223275135394,False,1.7724578204740185e-05,exact,2248,0.21702838063439064,4,1,0.7300379599684861,0.8608885651857247,0.0,0.0,0.0,0.0,0.0,1.0,False,False,sample_only,868007.0,6,0.3,1.0
100000008588665100,peripheral,0.2,0,0.276503,"Вход=1, 25000.00 KZT; выход=0; глубина=4: обход обрезан, конечная роль неизвестна",4,False,1,0,25000.0,0.0,1,0,0.0003524909066556901,0.0,True,0.0,exact,2248,0.0,1,0,1.0,0.0,0.0,0.0,0.0,0.0,0.0,0.0,False,True,depth_outflows_incomplete,25000.0,1,0.2,1.0
100000008595687100,peripheral,0.55,16,0.623368,"Мало связей: входов=1, выходов=1; оборот=74795.00 KZT; FIFO 1–7д=100%; в тот же день=?0%; правила иных ролей не выполнены",3,False,1,1,64395.0,10400.0,1,1,0.00030485762729909343,0.161503222299868,False,0.00030108414068267934,exact,2248,0.8697829716193656,2,0,1.0,1.0,1.0,10400.0,1.0,0.0,0.0,0.0,False,False,sample_only,74795.0,2,0.55,1.0
100000008596924100,terminal,0.59,1,0.390725,"Наблюдаемый получатель: входов=1, вход=100000.00 KZT; выход=0; глубина=3; вне выборки операции неизвестны",3,False,1,0,100000.0,0.0,1,0,0.00041602042429942244,0.0,False,0.0,exact,2248,0.0,1,0,1.0,0.0,0.0,0.0,0.0,0.0,0.0,0.0,False,False,sample_only,100000.0,1,0.59,1.0
100000008598972100,terminal,0.59,8,0.314053,"Наблюдаемый получатель: входов=1, вход=120000.00 KZT; выход=0; глубина=3; вне выборки операции неизвестны",3,False,1,0,120000.0,0.0,1,0,0.00029411601502281744,0.0,False,0.0,exact,2248,0.0,1,0,1.0,0.0,0.0,0.0,0.0,0.0,0.0,0.0,False,False,sample_only,120000.0,1,0.59,1.0
100000008599354100,peripheral,0.55,0,0.556926,"Мало связей: входов=1, выходов=1; оборот=215200.00 KZT; FIFO 1–7д=0%; в тот же день=?0%; правила иных ролей не выполнены",3,False,1,1,177000.0,38200.0,1,2,0.0003317435534185647,0.21581920903954802,False,4.359230730515923e-06,exact,2248,0.18113522537562604,2,1,1.0,1.0,0.0,0.0,0.0,0.0,0.0,1.0,False,False,sample_only,215200.0,3,0.55,1.0
100000008601794100,peripheral,0.55,39,0.694128,"Мало связей: входов=2, выходов=1; оборот=1365800.00 KZT; FIFO 1–7д=4%; в тот же день=?4%; правила иных ролей не выполнены; seed: вход неполон",0,True,2,1,494400.0,871400.0,8,13,0.002367779758018107,1.7625404530744337,False,3.962937027741748e-07,exact,2248,0.030884808013355594,2,0,0.9615695792880259,1.0,0.09341289878356668,31400.0,0.03603396832683039,35000.0,0.0401652513197154,0.9238007803534543,True,False,seed_inflows_incomplete,1365800.0,21,0.55,1.0
100000008603331100,distributor,0.759335,42,0.833784,"Гипотеза распределения: входов=2, получателей=6; выход=741774.00 KZT; крупнейший выход=40%; источник средств неизвестен",2,False,2,6,39500.0,741774.0,3,6,0.0003442340297094514,18.779088607594936,False,0.0001957690891704424,exact,2248,0.8363939899833055,7,2,0.7088607594936709,0.4044358524294462,0.8133932976890536,5000.0,0.006740597540490769,34500.0,0.046510123029386306,0.9467492794301229,False,False,sample_only,781274.0,9,0.759335,1.0
100000008603629100,coordinator,0.898664,8,0.989537,"Гипотеза связующего: соседей=73, внешних сообществ=7; посредничество=0.00576; не доказательство управления",2,False,19,61,1817300.0,4986156.0,45,74,0.0011918072731347837,2.7437165025037142,False,0.00576052874226788,exact,2248,0.993322203672788,73,7,0.32905959390304296,0.08182656138315769,1.0,344325.0,0.06905620281435237,1472975.0,0.2954129393464625,0.6355308578391852,False,False,sample_only,6803456.0,119,0.898664,1.0
100000008612257100,terminal,0.59,28,0.104789,"Наблюдаемый получатель: входов=1, вход=9500.00 KZT; выход=0; глубина=3; вне выборки операции неизвестны",3,False,1,0,9500.0,0.0,1,0,0.00028786387694202796,0.0,False,0.0,exact,2248,0.0,1,0,1.0,0.0,0.0,0.0,0.0,0.0,0.0,0.0,False,False,sample_only,9500.0,1,0.59,1.0
100000008619159100,peripheral,0.2,67,0.487584,"Вход=1, 446400.00 KZT; выход=0; глубина=4: обход обрезан, конечная роль неизвестна",4,False,1,0,446400.0,0.0,2,0,0.00035658738939848845,0.0,True,0.0,exact,2248,0.0,1,0,1.0,0.0,0.0,0.0,0.0,0.0,0.0,0.0,False,True,depth_outflows_incomplete,446400.0,2,0.2,1.0
100000008619857100,peripheral,0.3,0,0.352786,"Роль неоднозначна: входов=1, выходов=2; оборот=42000.00 KZT; FIFO 1–7д=0%; в тот же день=?62%; правила иных ролей не выполнены",3,False,1,2,29000.0,13000.0,1,2,0.0002872025732618286,0.4482758620689655,False,1.75823270987009e-06,exact,2248,0.13689482470784642,3,1,1.0,0.6153846153846154,0.0,0.0,0.0,8000.0,0.6153846153846154,0.38461538461538464,False,False,sample_only,42000.0,3,0.3,1.0
100000008620570100,peripheral,0.3,8,0.671404,"Роль неоднозначна: входов=2, выходов=2; оборот=176800.00 KZT; FIFO 1–7д=0%; в тот же день=?31%; правила иных ролей не выполнены",3,False,2,2,145000.0,31800.0,2,2,0.0003485384395879508,0.2193103448275862,False,3.308344750837977e-05,exact,2248,0.5225375626043406,4,2,0.5517241379310345,0.6855345911949685,0.0,0.0,0.0,10000.0,0.31446540880503143,0.6855345911949685,False,False,sample_only,176800.0,4,0.3,1.0
100000008624978100,terminal,0.59,35,0.371658,"Наблюдаемый получатель: входов=1, вход=109000.00 KZT; выход=0; глубина=2; вне выборки операции неизвестны",2,False,1,0,109000.0,0.0,1,0,0.00033803190556376176,0.0,False,0.0,exact,2248,0.0,1,0,1.0,0.0,0.0,0.0,0.0,0.0,0.0,0.0,False,False,sample_only,109000.0,1,0.59,1.0
100000008625905100,peripheral,0.3,3,0.784929,"Роль неоднозначна: входов=1, выходов=2; оборот=832800.00 KZT; FIFO 1–7д=0%; в тот же день=?0%; правила иных ролей не выполнены",3,False,1,2,197800.0,635000.0,1,2,0.0005453128171044595,3.210313447927199,False,3.962937027741748e-05,exact,2248,0.5884808013355592,3,0,1.0,0.5669291338582677,0.0,0.0,0.0,0.0,0.0,1.0,False,False,sample_only,832800.0,3,0.3,1.0
100000008628231100,peripheral,0.3,72,0.705248,"Роль неоднозначна: входов=1, выходов=2; оборот=677870.00 KZT; FIFO 1–7д=8%; в тот же день=?0%; правила иных ролей не выполнены",1,False,1,2,50000.0,627870.0,1,19,0.00029558111590539824,12.5574,False,4.755524433290098e-05,exact,2248,0.6210350584307178,3,1,1.0,0.6836606303852708,1.0,50000.0,0.0796343192062051,0.0,0.0,0.9203656807937949,False,False,sample_only,677870.0,20,0.3,1.0
100000008628818100,peripheral,0.2,18,0.276032,"Вход=1, 46310.00 KZT; выход=0; глубина=4: обход обрезан, конечная роль неизвестна",4,False,1,0,46310.0,0.0,1,0,0.00030290447081849904,0.0,True,0.0,exact,2248,0.0,1,0,1.0,0.0,0.0,0.0,0.0,0.0,0.0,0.0,False,True,depth_outflows_incomplete,46310.0,1,0.2,1.0
100000008629504100,peripheral,0.2,0,0.21439,"Вход=1, 20000.00 KZT; выход=0; глубина=4: обход обрезан, конечная роль неизвестна",4,False,1,0,20000.0,0.0,1,0,0.00030201034173378495,0.0,True,0.0,exact,2248,0.0,1,0,1.0,0.0,0.0,0.0,0.0,0.0,0.0,0.0,False,True,depth_outflows_incomplete,20000.0,1,0.2,1.0
100000008629581100,terminal,0.59,2,0.312461,"Наблюдаемый получатель: входов=1, вход=54184.00 KZT; выход=0; глубина=2; вне выборки операции неизвестны",2,False,1,0,54184.0,0.0,1,0,0.00031532894612265345,0.0,False,0.0,exact,2248,0.0,1,0,1.0,0.0,0.0,0.0,0.0,0.0,0.0,0.0,False,False,sample_only,54184.0,1,0.59,1.0
100000008631800100,peripheral,0.2,18,0.154094,"Вход=1, 12850.00 KZT; выход=0; глубина=4: обход обрезан, конечная роль неизвестна",4,False,1,0,12850.0,0.0,1,0,0.00029244596678878543,0.0,True,0.0,exact,2248,0.0,1,0,1.0,0.0,0.0,0.0,0.0,0.0,0.0,0.0,False,True,depth_outflows_incomplete,12850.0,1,0.2,1.0
100000008632060100,distributor,0.85015,0,0.718149,"Гипотеза распределения: входов=1, получателей=9; выход=339200.00 KZT; крупнейший выход=20%; источник средств неизвестен",3,False,1,9,6000.0,339200.0,1,12,0.0002880256481640291,56.53333333333333,False,0.0005365436581217867,exact,2248,0.9065108514190318,10,3,1.0,0.19899764150943397,0.20784198113207547,6000.0,0.01768867924528302,0.0,0.0,0.9823113207547169,False,False,sample_only,345200.0,13,0.85015,1.0
100000008633099100,peripheral,0.55,1,0.382374,"Мало связей: входов=1, выходов=1; оборот=32968.00 KZT; FIFO 1–7д=0%; в тот же день=?0%; правила иных ролей не выполнены",3,False,1,1,19468.0,13500.0,1,1,0.00029196202177266776,0.6934456544072324,False,1.922024458454748e-05,exact,2248,0.2871452420701169,2,0,1.0,1.0,0.0,0.0,0.0,0.0,0.0,1.0,False,False,sample_only,32968.0,2,0.55,1.0
100000008634520100,terminal,0.59,42,0.308445,"Наблюдаемый получатель: входов=1, вход=90000.00 KZT; выход=0; глубина=3; вне выборки операции неизвестны",3,False,1,0,90000.0,0.0,1,0,0.00029848291599650714,0.0,False,0.0,exact,2248,0.0,1,0,1.0,0.0,0.0,0.0,0.0,0.0,0.0,0.0,False,False,sample_only,90000.0,1,0.59,1.0
100000008636603100,coordinator,0.897329,16,0.807417,"Гипотеза связующего: соседей=7, внешних сообществ=4; посредничество=0.00347; не доказательство управления",2,False,2,6,35460.0,159375.0,2,7,0.0003387006850594576,4.494500846023689,False,0.003474565491670118,exact,2248,0.986644407345576,7,4,0.6404399323181049,0.2936470588235294,0.431843137254902,0.0,0.0,35460.0,0.22249411764705881,0.7775058823529412,False,False,sample_only,194835.0,9,0.897329,1.0
100000008637537100,peripheral,0.3,42,0.890104,"Роль неоднозначна: входов=3, выходов=3; оборот=2971385.00 KZT; FIFO 1–7д=7%; в тот же день=?16%; правила иных ролей не выполнены; seed: вход неполон",0,True,3,3,619890.0,2351495.0,22,30,0.0008287331534345294,3.793406894771653,False,7.75353843868499e-05,exact,2248,0.7061769616026711,4,1,0.6160609140331349,0.9709142481697813,0.9281308274097968,170405.0,0.07246666482386736,381080.0,0.16205860527026425,0.7654747299058684,True,False,seed_inflows_incomplete,2971385.0,52,0.3,1.0
100000008638859100,peripheral,0.2,43,0.340074,"Вход=1, 34000.00 KZT; выход=0; глубина=4: обход обрезан, конечная роль неизвестна",4,False,1,0,34000.0,0.0,1,0,0.0005396486131466575,0.0,True,0.0,exact,2248,0.0,1,0,1.0,0.0,0.0,0.0,0.0,0.0,0.0,0.0,False,True,depth_outflows_incomplete,34000.0,1,0.2,1.0
100000008647905100,peripheral,0.3,43,0.69274,"Роль неоднозначна: входов=1, выходов=2; оборот=394222.00 KZT; FIFO 1–7д=15%; в тот же день=?0%; правила иных ролей не выполнены",2,False,1,2,50000.0,344222.0,1,2,0.0003287103258672675,6.88444,False,3.844048916909496e-05,exact,2248,0.5450751252086812,3,0,1.0,0.670497527758249,1.0,50000.0,0.14525509700135378,0.0,0.0,0.8547449029986462,False,False,sample_only,394222.0,3,0.3,1.0
100000008648783100,peripheral,0.2,18,0.097858,"Вход=1, 5200.00 KZT; выход=0; глубина=4: обход обрезан, конечная роль неизвестна",4,False,1,0,5200.0,0.0,1,0,0.0002883520722228762,0.0,True,0.0,exact,2248,0.0,1,0,1.0,0.0,0.0,0.0,0.0,0.0,0.0,0.0,False,True,depth_outflows_incomplete,5200.0,1,0.2,1.0
100000008649416100,peripheral,0.2,28,0.239693,"Вход=1, 5000.00 KZT; выход=0; глубина=4: обход обрезан, конечная роль неизвестна",4,False,1,0,5000.0,0.0,1,0,0.000533726717629368,0.0,True,0.0,exact,2248,0.0,1,0,1.0,0.0,0.0,0.0,0.0,0.0,0.0,0.0,False,True,depth_outflows_incomplete,5000.0,1,0.2,1.0
100000008650785100,peripheral,0.3,16,0.724047,"Роль неоднозначна: входов=2, выходов=2; оборот=212120.00 KZT; FIFO 1–7д=47%; в тот же день=?0%; правила иных ролей не выполнены; seed: вход неполон",0,True,2,2,92000.0,120120.0,2,2,0.0006125210138081811,1.3056521739130436,False,2.2423618681972056e-05,exact,2248,0.48080133555926546,4,0,0.6141304347826086,0.5829170829170829,1.0,56500.0,0.47036297036297037,0.0,0.0,0.5296370296370296,True,False,seed_inflows_incomplete,212120.0,4,0.3,1.0
100000008652094100,terminal,0.59,0,0.187539,"Наблюдаемый получатель: входов=1, вход=35000.00 KZT; выход=0; глубина=3; вне выборки операции неизвестны",3,False,1,0,35000.0,0.0,1,0,0.0002875404930641467,0.0,False,0.0,exact,2248,0.0,1,0,1.0,0.0,0.0,0.0,0.0,0.0,0.0,0.0,False,False,sample_only,35000.0,1,0.59,1.0
100000008653041100,terminal,0.59,22,0.191801,"Наблюдаемый получатель: входов=1, вход=28000.00 KZT; выход=0; глубина=3; вне выборки операции неизвестны",3,False,1,0,28000.0,0.0,1,0,0.00028993947203441087,0.0,False,0.0,exact,2248,0.0,1,0,1.0,0.0,0.0,0.0,0.0,0.0,0.0,0.0,False,False,sample_only,28000.0,1,0.59,1.0
100000008654653100,peripheral,0.55,16,0.210846,"Мало связей: входов=0, выходов=1; оборот=54000.00 KZT; FIFO 1–7д=0%; в тот же день=?0%; правила иных ролей не выполнены; seed: вход неполон",0,True,0,1,0.0,54000.0,0,1,0.0002855692942172909,,False,0.0,exact,2248,0.0,1,0,0.0,1.0,0.0,0.0,0.0,0.0,0.0,1.0,True,False,seed_inflows_incomplete,54000.0,1,0.55,1.0
100000008655035100,terminal,0.59,1,0.331707,"Наблюдаемый получатель: входов=1, вход=30000.00 KZT; выход=0; глубина=2; вне выборки операции неизвестны",2,False,1,0,30000.0,0.0,1,0,0.0005401427143175893,0.0,False,0.0,exact,2248,0.0,1,0,1.0,0.0,0.0,0.0,0.0,0.0,0.0,0.0,False,False,sample_only,30000.0,1,0.59,1.0
100000008655779100,peripheral,0.3,15,0.65382,"Роль неоднозначна: входов=1, выходов=2; оборот=71704.00 KZT; FIFO 1–7д=0%; в тот же день=?0%; правила иных ролей не выполнены",3,False,1,2,47000.0,24704.0,1,2,0.00039705232861292827,0.5256170212765957,False,5.920977464216475e-05,exact,2248,0.666110183639399,3,0,1.0,0.7692681347150259,0.0,0.0,0.0,0.0,0.0,1.0,False,False,sample_only,71704.0,3,0.3,1.0
100000008656043100,terminal,0.59,22,0.213336,"Наблюдаемый получатель: входов=1, вход=26200.00 KZT; выход=0; глубина=2; вне выборки операции неизвестны",2,False,1,0,26200.0,0.0,1,0,0.0002944677917550073,0.0,False,0.0,exact,2248,0.0,1,0,1.0,0.0,0.0,0.0,0.0,0.0,0.0,0.0,False,False,sample_only,26200.0,1,0.59,1.0
100000008659445100,peripheral,0.3,9,0.728021,"Роль неоднозначна: входов=3, выходов=4; оборот=1013640.00 KZT; FIFO 1–7д=15%; в тот же день=?1%; правила иных ролей не выполнены; seed: вход неполон",0,True,3,4,138490.0,875150.0,7,18,0.0024238038911821246,6.319228825185934,False,9.90734256935437e-07,exact,2248,0.08180300500834725,4,0,0.5581630442631237,0.3104610638176313,0.6469748043192596,131990.0,0.15081985945266527,6500.0,0.007427298177455293,0.8417528423698795,True,False,seed_inflows_incomplete,1013640.0,25,0.3,1.0
100000008659950100,terminal,0.59,42,0.407122,"Наблюдаемый получатель: входов=1, вход=246000.00 KZT; выход=0; глубина=3; вне выборки операции неизвестны",3,False,1,0,246000.0,0.0,1,0,0.0003208665270804821,0.0,False,0.0,exact,2248,0.0,1,0,1.0,0.0,0.0,0.0,0.0,0.0,0.0,0.0,False,False,sample_only,246000.0,1,0.59,1.0
100000008661550100,terminal,0.59,22,0.167418,"Наблюдаемый получатель: входов=1, вход=22800.00 KZT; выход=0; глубина=3; вне выборки операции неизвестны",3,False,1,0,22800.0,0.0,1,0,0.00028912786758266,0.0,False,0.0,exact,2248,0.0,1,0,1.0,0.0,0.0,0.0,0.0,0.0,0.0,0.0,False,False,sample_only,22800.0,1,0.59,1.0
100000008661585100,terminal,0.59,22,0.245974,"Наблюдаемый получатель: входов=1, вход=43141.00 KZT; выход=0; глубина=1; вне выборки операции неизвестны",1,False,1,0,43141.0,0.0,1,0,0.00029462408478601393,0.0,False,0.0,exact,2248,0.0,1,0,1.0,0.0,0.0,0.0,0.0,0.0,0.0,0.0,False,False,sample_only,43141.0,1,0.59,1.0
100000008662216100,terminal,0.59,22,0.186642,"Наблюдаемый получатель: входов=1, вход=26200.00 KZT; выход=0; глубина=3; вне выборки операции неизвестны",3,False,1,0,26200.0,0.0,1,0,0.00028965853203188175,0.0,False,0.0,exact,2248,0.0,1,0,1.0,0.0,0.0,0.0,0.0,0.0,0.0,0.0,False,False,sample_only,26200.0,1,0.59,1.0
100000008662805100,terminal,0.59,22,0.137248,"Наблюдаемый получатель: входов=1, вход=16500.00 KZT; выход=0; глубина=3; вне выборки операции неизвестны",3,False,1,0,16500.0,0.0,1,0,0.000288144577573808,0.0,False,0.0,exact,2248,0.0,1,0,1.0,0.0,0.0,0.0,0.0,0.0,0.0,0.0,False,False,sample_only,16500.0,1,0.59,1.0
100000008663007100,terminal,0.59,22,0.129038,"Наблюдаемый получатель: входов=1, вход=14000.00 KZT; выход=0; глубина=1; вне выборки операции неизвестны",1,False,1,0,14000.0,0.0,1,0,0.0002885077302285591,0.0,False,0.0,exact,2248,0.0,1,0,1.0,0.0,0.0,0.0,0.0,0.0,0.0,0.0,False,False,sample_only,14000.0,1,0.59,1.0
100000008663723100,terminal,0.59,22,0.131886,"Наблюдаемый получатель: входов=1, вход=15600.00 KZT; выход=0; глубина=3; вне выборки операции неизвестны",3,False,1,0,15600.0,0.0,1,0,0.00028800410757254345,0.0,False,0.0,exact,2248,0.0,1,0,1.0,0.0,0.0,0.0,0.0,0.0,0.0,0.0,False,False,sample_only,15600.0,1,0.59,1.0
100000008664469100,terminal,0.59,2,0.187584,"Наблюдаемый получатель: входов=1, вход=25000.00 KZT; выход=0; глубина=1; вне выборки операции неизвестны",1,False,1,0,25000.0,0.0,1,0,0.0002905752050613446,0.0,False,0.0,exact,2248,0.0,1,0,1.0,0.0,0.0,0.0,0.0,0.0,0.0,0.0,False,False,sample_only,25000.0,1,0.59,1.0
100000008664774100,terminal,0.59,22,0.136126,"Наблюдаемый получатель: входов=1, вход=16300.00 KZT; выход=0; глубина=3; вне выборки операции неизвестны",3,False,1,0,16300.0,0.0,1,0,0.0002881133620179714,0.0,False,0.0,exact,2248,0.0,1,0,1.0,0.0,0.0,0.0,0.0,0.0,0.0,0.0,False,False,sample_only,16300.0,1,0.59,1.0
100000008665380100,peripheral,0.3,0,0.468141,"Роль неоднозначна: входов=2, выходов=1; оборот=87300.00 KZT; FIFO 1–7д=100%; в тот же день=?0%; правила иных ролей не выполнены",1,False,2,1,69100.0,18200.0,2,1,0.00029077432850192693,0.2633863965267728,False,1.922024458454748e-05,exact,2248,0.2871452420701169,3,0,0.8552821997105644,1.0,1.0,18200.0,1.0,0.0,0.0,0.0,False,False,sample_only,87300.0,3,0.3,1.0
100000008666075100,terminal,0.59,22,0.196579,"Наблюдаемый получатель: входов=1, вход=26217.00 KZT; выход=0; глубина=1; вне выборки операции неизвестны",1,False,1,0,26217.0,0.0,1,0,0.0002910719354249637,0.0,False,0.0,exact,2248,0.0,1,0,1.0,0.0,0.0,0.0,0.0,0.0,0.0,0.0,False,False,sample_only,26217.0,1,0.59,1.0
100000008667058100,terminal,0.59,22,0.151649,"Наблюдаемый получатель: входов=1, вход=17534.00 KZT; выход=0; глубина=1; вне выборки операции неизвестны",1,False,1,0,17534.0,0.0,1,0,0.00028924947543311784,0.0,False,0.0,exact,2248,0.0,1,0,1.0,0.0,0.0,0.0,0.0,0.0,0.0,0.0,False,False,sample_only,17534.0,1,0.59,1.0
100000008667795100,terminal,0.59,22,0.212349,"Наблюдаемый получатель: входов=1, вход=34000.00 KZT; выход=0; глубина=3; вне выборки операции неизвестны",3,False,1,0,34000.0,0.0,1,0,0.000290875938709508,0.0,False,0.0,exact,2248,0.0,1,0,1.0,0.0,0.0,0.0,0.0,0.0,0.0,0.0,False,False,sample_only,34000.0,1,0.59,1.0
100000008667799100,terminal,0.59,22,0.212349,"Наблюдаемый получатель: входов=1, вход=34000.00 KZT; выход=0; глубина=3; вне выборки операции неизвестны",3,False,1,0,34000.0,0.0,1,0,0.000290875938709508,0.0,False,0.0,exact,2248,0.0,1,0,1.0,0.0,0.0,0.0,0.0,0.0,0.0,0.0,False,False,sample_only,34000.0,1,0.59,1.0
100000008668099100,terminal,0.59,22,0.132918,"Наблюдаемый получатель: входов=1, вход=15700.00 KZT; выход=0; глубина=3; вне выборки операции неизвестны",3,False,1,0,15700.0,0.0,1,0,0.00028801971535046174,0.0,False,0.0,exact,2248,0.0,1,0,1.0,0.0,0.0,0.0,0.0,0.0,0.0,0.0,False,False,sample_only,15700.0,1,0.59,1.0
100000008669037100,peripheral,0.0,86,0.0,"Связей=0, операций=0; изолирован, данных для роли нет; seed: вход неполон",0,True,0,0,0.0,0.0,0,0,0.0002855692942172909,,False,0.0,exact,2248,0.0,0,0,0.0,0.0,0.0,0.0,0.0,0.0,0.0,0.0,True,False,no_operations;seed_inflows_incomplete,0.0,0,0.0,1.0
100000008669310100,terminal,0.59,0,0.272959,"Наблюдаемый получатель: входов=1, вход=59567.00 KZT; выход=0; глубина=3; вне выборки операции неизвестны",3,False,1,0,59567.0,0.0,2,0,0.00028892410569473836,0.0,False,0.0,exact,2248,0.0,1,0,1.0,0.0,0.0,0.0,0.0,0.0,0.0,0.0,False,False,sample_only,59567.0,2,0.59,1.0
100000008670667100,terminal,0.59,22,0.139939,"Наблюдаемый получатель: входов=1, вход=15534.00 KZT; выход=0; глубина=1; вне выборки операции неизвестны",1,False,1,0,15534.0,0.0,1,0,0.0002888296988600795,0.0,False,0.0,exact,2248,0.0,1,0,1.0,0.0,0.0,0.0,0.0,0.0,0.0,0.0,False,False,sample_only,15534.0,1,0.59,1.0
100000008671026100,terminal,0.59,22,0.18072,"Наблюдаемый получатель: входов=1, вход=23534.00 KZT; выход=0; глубина=1; вне выборки операции неизвестны",1,False,1,0,23534.0,0.0,1,0,0.0002905088051522328,0.0,False,0.0,exact,2248,0.0,1,0,1.0,0.0,0.0,0.0,0.0,0.0,0.0,0.0,False,False,sample_only,23534.0,1,0.59,1.0
100000008671081100,terminal,0.59,22,0.221658,"Наблюдаемый получатель: входов=1, вход=37200.00 KZT; выход=0; глубина=3; вне выборки операции неизвестны",3,False,1,0,37200.0,0.0,1,0,0.0002913753876028931,0.0,False,0.0,exact,2248,0.0,1,0,1.0,0.0,0.0,0.0,0.0,0.0,0.0,0.0,False,False,sample_only,37200.0,1,0.59,1.0
100000008671129100,terminal,0.59,22,0.186642,"Наблюдаемый получатель: входов=1, вход=26200.00 KZT; выход=0; глубина=3; вне выборки операции неизвестны",3,False,1,0,26200.0,0.0,1,0,0.00028965853203188175,0.0,False,0.0,exact,2248,0.0,1,0,1.0,0.0,0.0,0.0,0.0,0.0,0.0,0.0,False,False,sample_only,26200.0,1,0.59,1.0
100000008671929100,terminal,0.59,2,0.337876,"Наблюдаемый получатель: входов=1, вход=75000.00 KZT; выход=0; глубина=1; вне выборки операции неизвестны",1,False,1,0,75000.0,0.0,2,0,0.00030058702674945194,0.0,False,0.0,exact,2248,0.0,1,0,1.0,0.0,0.0,0.0,0.0,0.0,0.0,0.0,False,False,sample_only,75000.0,2,0.59,1.0
100000008672162100,terminal,0.59,22,0.140568,"Наблюдаемый получатель: входов=1, вход=15550.00 KZT; выход=0; глубина=1; вне выборки операции неизвестны",1,False,1,0,15550.0,0.0,1,0,0.0002888330570726638,0.0,False,0.0,exact,2248,0.0,1,0,1.0,0.0,0.0,0.0,0.0,0.0,0.0,0.0,False,False,sample_only,15550.0,1,0.59,1.0
100000008672200100,terminal,0.59,22,0.099764,"Наблюдаемый получатель: входов=1, вход=8511.00 KZT; выход=0; глубина=1; вне выборки операции неизвестны",1,False,1,0,8511.0,0.0,1,0,0.00028735565342385543,0.0,False,0.0,exact,2248,0.0,1,0,1.0,0.0,0.0,0.0,0.0,0.0,0.0,0.0,False,False,sample_only,8511.0,1,0.59,1.0
100000008672480100,terminal,0.59,22,0.139536,"Наблюдаемый получатель: входов=1, вход=13000.00 KZT; выход=0; глубина=2; вне выборки операции неизвестны",2,False,1,0,13000.0,0.0,1,0,0.0002899845792550891,0.0,False,0.0,exact,2248,0.0,1,0,1.0,0.0,0.0,0.0,0.0,0.0,0.0,0.0,False,False,sample_only,13000.0,1,0.59,1.0
100000008672493100,terminal,0.59,22,0.122577,"Наблюдаемый получатель: входов=1, вход=14000.00 KZT; выход=0; глубина=3; вне выборки операции неизвестны",3,False,1,0,14000.0,0.0,1,0,0.00028775438312585085,0.0,False,0.0,exact,2248,0.0,1,0,1.0,0.0,0.0,0.0,0.0,0.0,0.0,0.0,False,False,sample_only,14000.0,1,0.59,1.0
100000008672603100,terminal,0.59,2,0.207055,"Наблюдаемый получатель: входов=1, вход=21200.00 KZT; выход=0; глубина=2; вне выборки операции неизвестны",2,False,1,0,21200.0,0.0,1,0,0.00029721303813419784,0.0,False,0.0,exact,2248,0.0,1,0,1.0,0.0,0.0,0.0,0.0,0.0,0.0,0.0,False,False,sample_only,21200.0,1,0.59,1.0
100000008672762100,terminal,0.59,22,0.139536,"Наблюдаемый получатель: входов=1, вход=13000.00 KZT; выход=0; глубина=2; вне выборки операции неизвестны",2,False,1,0,13000.0,0.0,1,0,0.0002899845792550891,0.0,False,0.0,exact,2248,0.0,1,0,1.0,0.0,0.0,0.0,0.0,0.0,0.0,0.0,False,False,sample_only,13000.0,1,0.59,1.0
100000008673001100,terminal,0.59,47,0.380092,"Наблюдаемый получатель: входов=1, вход=80000.00 KZT; выход=0; глубина=0; вне выборки операции неизвестны; seed: вход неполон",0,True,1,0,80000.0,0.0,1,0,0.0004689783107025115,0.0,False,0.0,exact,2248,0.0,1,0,1.0,0.0,0.0,0.0,0.0,0.0,0.0,0.0,True,False,seed_inflows_incomplete,80000.0,1,0.59,0.65
100000008675322100,peripheral,0.2,20,0.472017,"Вход=1, 340000.00 KZT; выход=0; глубина=4: обход обрезан, конечная роль неизвестна",4,False,1,0,340000.0,0.0,4,0,0.0003193541698974364,0.0,True,0.0,exact,2248,0.0,1,0,1.0,0.0,0.0,0.0,0.0,0.0,0.0,0.0,False,True,depth_outflows_incomplete,340000.0,4,0.2,1.0
100000008676812100,terminal,0.59,43,0.445031,"Наблюдаемый получатель: входов=1, вход=230800.00 KZT; выход=0; глубина=3; вне выборки операции неизвестны",3,False,1,0,230800.0,0.0,1,0,0.0004731341579895603,0.0,False,0.0,exact,2248,0.0,1,0,1.0,0.0,0.0,0.0,0.0,0.0,0.0,0.0,False,False,sample_only,230800.0,1,0.59,1.0
100000008677215100,terminal,0.59,29,0.175493,"Наблюдаемый получатель: входов=1, вход=9000.00 KZT; выход=0; глубина=3; вне выборки операции неизвестны",3,False,1,0,9000.0,0.0,1,0,0.0003043767156368611,0.0,False,0.0,exact,2248,0.0,1,0,1.0,0.0,0.0,0.0,0.0,0.0,0.0,0.0,False,False,sample_only,9000.0,1,0.59,1.0
100000008677368100,peripheral,0.2,1,0.27159,"Вход=1, 13500.00 KZT; выход=0; глубина=4: обход обрезан, конечная роль неизвестна",4,False,1,0,13500.0,0.0,1,0,0.0005340288694748735,0.0,True,0.0,exact,2248,0.0,1,0,1.0,0.0,0.0,0.0,0.0,0.0,0.0,0.0,False,True,depth_outflows_incomplete,13500.0,1,0.2,1.0
100000008677518100,terminal,0.59,22,0.248934,"Наблюдаемый получатель: входов=1, вход=48700.00 KZT; выход=0; глубина=3; вне выборки операции неизвестны",3,False,1,0,48700.0,0.0,1,0,0.000293170282063496,0.0,False,0.0,exact,2248,0.0,1,0,1.0,0.0,0.0,0.0,0.0,0.0,0.0,0.0,False,False,sample_only,48700.0,1,0.59,1.0
100000008679986100,terminal,0.59,22,0.158692,"Наблюдаемый получатель: входов=1, вход=19000.00 KZT; выход=0; глубина=1; вне выборки операции неизвестны",1,False,1,0,19000.0,0.0,1,0,0.00028955717166115493,0.0,False,0.0,exact,2248,0.0,1,0,1.0,0.0,0.0,0.0,0.0,0.0,0.0,0.0,False,False,sample_only,19000.0,1,0.59,1.0
100000008680061100,peripheral,0.2,10,0.315489,"Вход=1, 41300.00 KZT; выход=0; глубина=4: обход обрезан, конечная роль неизвестна",4,False,1,0,41300.0,0.0,2,0,0.0003106855908070421,0.0,True,0.0,exact,2248,0.0,1,0,1.0,0.0,0.0,0.0,0.0,0.0,0.0,0.0,False,True,depth_outflows_incomplete,41300.0,2,0.2,1.0
100000008680451100,terminal,0.59,22,0.18072,"Наблюдаемый получатель: входов=1, вход=23534.00 KZT; выход=0; глубина=1; вне выборки операции неизвестны",1,False,1,0,23534.0,0.0,1,0,0.0002905088051522328,0.0,False,0.0,exact,2248,0.0,1,0,1.0,0.0,0.0,0.0,0.0,0.0,0.0,0.0,False,False,sample_only,23534.0,1,0.59,1.0
100000008680731100,distributor,0.65,7,0.532761,"Гипотеза распределения: входов=0, получателей=27; выход=1464354.00 KZT; крупнейший выход=13%; источник средств неизвестен; seed: вход неполон",0,True,0,27,0.0,1464354.0,0,28,0.0002855692942172909,,False,0.0,exact,2248,0.0,27,4,0.0,0.12995832974813468,0.0,0.0,0.0,0.0,0.0,1.0,True,False,seed_inflows_incomplete,1464354.0,28,0.880506,0.65
100000008680912100,peripheral,0.55,0,0.415018,"Мало связей: входов=1, выходов=1; оборот=51102.85 KZT; FIFO 1–7д=100%; в тот же день=?0%; правила иных ролей не выполнены",3,False,1,1,45112.0,5990.85,2,1,0.0005351757124790597,0.13279947685759888,False,0.0,exact,2248,0.0,1,0,1.0,1.0,1.0,5990.85,1.0,0.0,0.0,0.0,False,False,sample_only,51102.85,3,0.55,1.0
100000008682426100,terminal,0.59,40,0.174641,"Наблюдаемый получатель: входов=1, вход=20000.00 KZT; выход=0; глубина=3; вне выборки операции неизвестны",3,False,1,0,20000.0,0.0,1,0,0.0002912223270400026,0.0,False,0.0,exact,2248,0.0,1,0,1.0,0.0,0.0,0.0,0.0,0.0,0.0,0.0,False,False,sample_only,20000.0,1,0.59,1.0
100000008683818100,terminal,0.59,22,0.167239,"Наблюдаемый получатель: входов=1, вход=17400.00 KZT; выход=0; глубина=2; вне выборки операции неизвестны",2,False,1,0,17400.0,0.0,1,0,0.0002914789834217285,0.0,False,0.0,exact,2248,0.0,1,0,1.0,0.0,0.0,0.0,0.0,0.0,0.0,0.0,False,False,sample_only,17400.0,1,0.59,1.0
100000008684452100,terminal,0.59,22,0.259567,"Наблюдаемый получатель: входов=1, вход=51800.00 KZT; выход=0; глубина=3; вне выборки операции неизвестны",3,False,1,0,51800.0,0.0,1,0,0.0002936541231789628,0.0,False,0.0,exact,2248,0.0,1,0,1.0,0.0,0.0,0.0,0.0,0.0,0.0,0.0,False,False,sample_only,51800.0,1,0.59,1.0
100000008684767100,terminal,0.59,22,0.204677,"Наблюдаемый получатель: входов=1, вход=31100.00 KZT; выход=0; глубина=3; вне выборки операции неизвестны",3,False,1,0,31100.0,0.0,1,0,0.0002904233131498777,0.0,False,0.0,exact,2248,0.0,1,0,1.0,0.0,0.0,0.0,0.0,0.0,0.0,0.0,False,False,sample_only,31100.0,1,0.59,1.0
100000008684951100,terminal,0.59,22,0.140568,"Наблюдаемый получатель: входов=1, вход=17200.00 KZT; выход=0; глубина=3; вне выборки операции неизвестны",3,False,1,0,17200.0,0.0,1,0,0.000288253832019236,0.0,False,0.0,exact,2248,0.0,1,0,1.0,0.0,0.0,0.0,0.0,0.0,0.0,0.0,False,False,sample_only,17200.0,1,0.59,1.0
100000008686214100,terminal,0.59,8,0.219078,"Наблюдаемый получатель: входов=1, вход=25000.00 KZT; выход=0; глубина=3; вне выборки операции неизвестны",3,False,1,0,25000.0,0.0,1,0,0.00029772792993778554,0.0,False,0.0,exact,2248,0.0,1,0,1.0,0.0,0.0,0.0,0.0,0.0,0.0,0.0,False,False,sample_only,25000.0,1,0.59,1.0
100000008686234100,terminal,0.59,0,0.233277,"Наблюдаемый получатель: входов=1, вход=39778.00 KZT; выход=0; глубина=1; вне выборки операции неизвестны",1,False,1,0,39778.0,0.0,1,0,0.0002930337323065542,0.0,False,0.0,exact,2248,0.0,1,0,1.0,0.0,0.0,0.0,0.0,0.0,0.0,0.0,False,False,sample_only,39778.0,1,0.59,1.0
100000008686247100,peripheral,0.55,21,0.304363,"Мало связей: входов=1, выходов=1; оборот=27000.00 KZT; FIFO 1–7д=0%; в тот же день=?0%; правила иных ролей не выполнены",3,False,1,1,22000.0,5000.0,2,1,0.0003136737677799251,0.22727272727272727,False,0.0,exact,2248,0.0,1,0,1.0,1.0,0.0,0.0,0.0,0.0,0.0,1.0,False,False,sample_only,27000.0,3,0.55,1.0
100000008686313100,coordinator,0.892321,0,0.925798,"Гипотеза связующего: соседей=10, внешних сообществ=4; посредничество=0.00198; не доказательство управления",1,False,6,7,1912716.0,333800.0,16,13,0.0004676329022286972,0.17451623764322566,False,0.001984826024832945,exact,2248,0.9616026711185309,10,4,0.5777036423598694,0.47902935889754344,1.0,306941.0,0.9195356500898741,26859.0,0.08046434991012583,0.0,False,False,sample_only,2246516.0,29,0.892321,1.0
100000008686494100,terminal,0.59,22,0.132918,"Наблюдаемый получатель: входов=1, вход=15700.00 KZT; выход=0; глубина=3; вне выборки операции неизвестны",3,False,1,0,15700.0,0.0,1,0,0.00028801971535046174,0.0,False,0.0,exact,2248,0.0,1,0,1.0,0.0,0.0,0.0,0.0,0.0,0.0,0.0,False,False,sample_only,15700.0,1,0.59,1.0
100000008687492100,terminal,0.59,22,0.150976,"Наблюдаемый получатель: входов=1, вход=15000.00 KZT; выход=0; глубина=2; вне выборки операции неизвестны",2,False,1,0,15000.0,0.0,1,0,0.0002906638538762888,0.0,False,0.0,exact,2248,0.0,1,0,1.0,0.0,0.0,0.0,0.0,0.0,0.0,0.0,False,False,sample_only,15000.0,1,0.59,1.0
100000008687617100,terminal,0.59,22,0.269818,"Наблюдаемый получатель: входов=1, вход=43350.00 KZT; выход=0; глубина=3; вне выборки операции неизвестны",3,False,1,0,43350.0,0.0,2,0,0.0002923352659448677,0.0,False,0.0,exact,2248,0.0,1,0,1.0,0.0,0.0,0.0,0.0,0.0,0.0,0.0,False,False,sample_only,43350.0,2,0.59,1.0
100000008687671100,terminal,0.59,22,0.232604,"Наблюдаемый получатель: входов=1, вход=37500.00 KZT; выход=0; глубина=1; вне выборки операции неизвестны",1,False,1,0,37500.0,0.0,1,0,0.0002934401049617594,0.0,False,0.0,exact,2248,0.0,1,0,1.0,0.0,0.0,0.0,0.0,0.0,0.0,0.0,False,False,sample_only,37500.0,1,0.59,1.0
100000008687733100,terminal,0.59,22,0.125157,"Наблюдаемый получатель: входов=1, вход=14650.00 KZT; выход=0; глубина=3; вне выборки операции неизвестны",3,False,1,0,14650.0,0.0,1,0,0.00028785583368231974,0.0,False,0.0,exact,2248,0.0,1,0,1.0,0.0,0.0,0.0,0.0,0.0,0.0,0.0,False,False,sample_only,14650.0,1,0.59,1.0
100000008687990100,terminal,0.59,22,0.143416,"Наблюдаемый получатель: входов=1, вход=17600.00 KZT; выход=0; глубина=3; вне выборки операции неизвестны",3,False,1,0,17600.0,0.0,1,0,0.00028831626313090915,0.0,False,0.0,exact,2248,0.0,1,0,1.0,0.0,0.0,0.0,0.0,0.0,0.0,0.0,False,False,sample_only,17600.0,1,0.59,1.0
100000008688109100,terminal,0.59,22,0.118248,"Наблюдаемый получатель: входов=1, вход=12800.00 KZT; выход=0; глубина=3; вне выборки операции неизвестны",3,False,1,0,12800.0,0.0,1,0,0.0002875670897908314,0.0,False,0.0,exact,2248,0.0,1,0,1.0,0.0,0.0,0.0,0.0,0.0,0.0,0.0,False,False,sample_only,12800.0,1,0.59,1.0
100000008688155100,terminal,0.59,22,0.171568,"Наблюдаемый получатель: входов=1, вход=23600.00 KZT; выход=0; глубина=3; вне выборки операции неизвестны",3,False,1,0,23600.0,0.0,1,0,0.00028925272980600625,0.0,False,0.0,exact,2248,0.0,1,0,1.0,0.0,0.0,0.0,0.0,0.0,0.0,0.0,False,False,sample_only,23600.0,1,0.59,1.0
100000008688476100,terminal,0.59,22,0.2012,"Наблюдаемый получатель: входов=1, вход=24000.00 KZT; выход=0; глубина=2; вне выборки операции неизвестны",2,False,1,0,24000.0,0.0,1,0,0.0002937205896716876,0.0,False,0.0,exact,2248,0.0,1,0,1.0,0.0,0.0,0.0,0.0,0.0,0.0,0.0,False,False,sample_only,24000.0,1,0.59,1.0
100000008688881100,terminal,0.59,22,0.265938,"Наблюдаемый получатель: входов=1, вход=44211.00 KZT; выход=0; глубина=2; вне выборки операции неизвестны",2,False,1,0,44211.0,0.0,1,0,0.00030058499935622143,0.0,False,0.0,exact,2248,0.0,1,0,1.0,0.0,0.0,0.0,0.0,0.0,0.0,0.0,False,False,sample_only,44211.0,1,0.59,1.0
100000008690762100,terminal,0.59,22,0.188369,"Наблюдаемый получатель: входов=1, вход=26750.00 KZT; выход=0; глубина=3; вне выборки операции неизвестны",3,False,1,0,26750.0,0.0,1,0,0.00028974437481043224,0.0,False,0.0,exact,2248,0.0,1,0,1.0,0.0,0.0,0.0,0.0,0.0,0.0,0.0,False,False,sample_only,26750.0,1,0.59,1.0
100000008690932100,terminal,0.59,22,0.178073,"Наблюдаемый получатель: входов=1, вход=23000.00 KZT; выход=0; глубина=1; вне выборки операции неизвестны",1,False,1,0,23000.0,0.0,1,0,0.00029039672480723154,0.0,False,0.0,exact,2248,0.0,1,0,1.0,0.0,0.0,0.0,0.0,0.0,0.0,0.0,False,False,sample_only,23000.0,1,0.59,1.0
100000008691027100,terminal,0.59,22,0.151649,"Наблюдаемый получатель: входов=1, вход=17534.00 KZT; выход=0; глубина=1; вне выборки операции неизвестны",1,False,1,0,17534.0,0.0,1,0,0.00028924947543311784,0.0,False,0.0,exact,2248,0.0,1,0,1.0,0.0,0.0,0.0,0.0,0.0,0.0,0.0,False,False,sample_only,17534.0,1,0.59,1.0
100000008691168100,terminal,0.59,22,0.2012,"Наблюдаемый получатель: входов=1, вход=24000.00 KZT; выход=0; глубина=2; вне выборки операции неизвестны",2,False,1,0,24000.0,0.0,1,0,0.0002937205896716876,0.0,False,0.0,exact,2248,0.0,1,0,1.0,0.0,0.0,0.0,0.0,0.0,0.0,0.0,False,False,sample_only,24000.0,1,0.59,1.0
100000008691330100,terminal,0.59,22,0.17352,"Наблюдаемый получатель: входов=1, вход=21440.00 KZT; выход=0; глубина=1; вне выборки операции неизвестны",1,False,1,0,21440.0,0.0,1,0,0.0002900692990802617,0.0,False,0.0,exact,2248,0.0,1,0,1.0,0.0,0.0,0.0,0.0,0.0,0.0,0.0,False,False,sample_only,21440.0,1,0.59,1.0
100000008691495100,terminal,0.59,22,0.199249,"Наблюдаемый получатель: входов=1, вход=27000.00 KZT; выход=0; глубина=1; вне выборки операции неизвестны",1,False,1,0,27000.0,0.0,1,0,0.0002912362779533082,0.0,False,0.0,exact,2248,0.0,1,0,1.0,0.0,0.0,0.0,0.0,0.0,0.0,0.0,False,False,sample_only,27000.0,1,0.59,1.0
100000008692291100,transit,0.818974,42,0.722011,"Гипотеза транзита: вход=160000.00, выход=156000.00 KZT; FIFO 1–7д=78%; в тот же день=?0%; те же деньги не установлены",3,False,3,3,160000.0,156000.0,3,3,0.000307852986577175,0.975,False,6.419957984941633e-05,exact,2248,0.6811352253756261,6,2,0.46875,0.6410256410256411,0.7756410256410257,121000.0,0.7756410256410257,0.0,0.0,0.22435897435897437,False,False,sample_only,316000.0,6,0.818974,1.0
100000008693069100,terminal,0.59,22,0.16513,"Наблюдаемый получатель: входов=1, вход=20000.00 KZT; выход=0; глубина=1; вне выборки операции неизвестны",1,False,1,0,20000.0,0.0,1,0,0.0002897670599476741,0.0,False,0.0,exact,2248,0.0,1,0,1.0,0.0,0.0,0.0,0.0,0.0,0.0,0.0,False,False,sample_only,20000.0,1,0.59,1.0
100000008695133100,terminal,0.59,22,0.220132,"Наблюдаемый получатель: входов=1, вход=36610.00 KZT; выход=0; глубина=3; вне выборки операции неизвестны",3,False,1,0,36610.0,0.0,1,0,0.00029128330171317526,0.0,False,0.0,exact,2248,0.0,1,0,1.0,0.0,0.0,0.0,0.0,0.0,0.0,0.0,False,False,sample_only,36610.0,1,0.59,1.0
100000008695157100,peripheral,0.2,8,0.525022,"Вход=1, 425546.00 KZT; выход=0; глубина=4: обход обрезан, конечная роль неизвестна",4,False,1,0,425546.0,0.0,3,0,0.0004975174254247277,0.0,True,0.0,exact,2248,0.0,1,0,1.0,0.0,0.0,0.0,0.0,0.0,0.0,0.0,False,True,depth_outflows_incomplete,425546.0,3,0.2,1.0
100000008695495100,terminal,0.59,22,0.17159,"Наблюдаемый получатель: входов=1, вход=21000.00 KZT; выход=0; глубина=1; вне выборки операции неизвестны",1,False,1,0,21000.0,0.0,1,0,0.00028997694823419326,0.0,False,0.0,exact,2248,0.0,1,0,1.0,0.0,0.0,0.0,0.0,0.0,0.0,0.0,False,False,sample_only,21000.0,1,0.59,1.0
100000008695566100,terminal,0.59,22,0.211339,"Наблюдаемый получатель: входов=1, вход=33700.00 KZT; выход=0; глубина=3; вне выборки операции неизвестны",3,False,1,0,33700.0,0.0,1,0,0.0002908291153757531,0.0,False,0.0,exact,2248,0.0,1,0,1.0,0.0,0.0,0.0,0.0,0.0,0.0,0.0,False,False,sample_only,33700.0,1,0.59,1.0
100000008695689100,terminal,0.59,22,0.186642,"Наблюдаемый получатель: входов=1, вход=26200.00 KZT; выход=0; глубина=3; вне выборки операции неизвестны",3,False,1,0,26200.0,0.0,1,0,0.00028965853203188175,0.0,False,0.0,exact,2248,0.0,1,0,1.0,0.0,0.0,0.0,0.0,0.0,0.0,0.0,False,False,sample_only,26200.0,1,0.59,1.0
100000008696692100,terminal,0.59,22,0.174798,"Наблюдаемый получатель: входов=1, вход=19000.00 KZT; выход=0; глубина=2; вне выборки операции неизвестны",2,False,1,0,19000.0,0.0,1,0,0.00029202240311868824,0.0,False,0.0,exact,2248,0.0,1,0,1.0,0.0,0.0,0.0,0.0,0.0,0.0,0.0,False,False,sample_only,19000.0,1,0.59,1.0
100000008696919100,terminal,0.59,22,0.217485,"Наблюдаемый получатель: входов=1, вход=31945.00 KZT; выход=0; глубина=1; вне выборки операции неизвестны",1,False,1,0,31945.0,0.0,1,0,0.00029227417553014546,0.0,False,0.0,exact,2248,0.0,1,0,1.0,0.0,0.0,0.0,0.0,0.0,0.0,0.0,False,False,sample_only,31945.0,1,0.59,1.0
100000008697670100,terminal,0.59,22,0.182178,"Наблюдаемый получатель: входов=1, вход=25350.00 KZT; выход=0; глубина=3; вне выборки операции неизвестны",3,False,1,0,25350.0,0.0,1,0,0.0002895258659195763,0.0,False,0.0,exact,2248,0.0,1,0,1.0,0.0,0.0,0.0,0.0,0.0,0.0,0.0,False,False,sample_only,25350.0,1,0.59,1.0
100000008699083100,peripheral,0.2,24,0.384601,"Вход=1, 238500.00 KZT; выход=0; глубина=4: обход обрезан, конечная роль неизвестна",4,False,1,0,238500.0,0.0,1,0,0.00030640170893457883,0.0,True,0.0,exact,2248,0.0,1,0,1.0,0.0,0.0,0.0,0.0,0.0,0.0,0.0,False,True,depth_outflows_incomplete,238500.0,1,0.2,1.0
100000008701222100,peripheral,0.0,87,0.0,"Связей=0, операций=0; изолирован, данных для роли нет; seed: вход неполон",0,True,0,0,0.0,0.0,0,0,0.0002855692942172909,,False,0.0,exact,2248,0.0,0,0,0.0,0.0,0.0,0.0,0.0,0.0,0.0,0.0,True,False,no_operations;seed_inflows_incomplete,0.0,0,0.0,1.0
100000008701256100,terminal,0.59,0,0.298194,"Наблюдаемый получатель: входов=1, вход=58250.00 KZT; выход=0; глубина=2; вне выборки операции неизвестны",2,False,1,0,58250.0,0.0,1,0,0.0003037426349007179,0.0,False,0.0,exact,2248,0.0,1,0,1.0,0.0,0.0,0.0,0.0,0.0,0.0,0.0,False,False,sample_only,58250.0,1,0.59,1.0
100000008701944100,terminal,0.59,70,0.349069,"Наблюдаемый получатель: входов=1, вход=52124.00 KZT; выход=0; глубина=1; вне выборки операции неизвестны",1,False,1,0,52124.0,0.0,1,0,0.0004115202535123902,0.0,False,0.0,exact,2248,0.0,1,0,1.0,0.0,0.0,0.0,0.0,0.0,0.0,0.0,False,False,sample_only,52124.0,1,0.59,1.0
100000008703533100,peripheral,0.2,42,0.287965,"Вход=1, 75000.00 KZT; выход=0; глубина=4: обход обрезан, конечная роль неизвестна",4,False,1,0,75000.0,0.0,1,0,0.00029552677799059583,0.0,True,0.0,exact,2248,0.0,1,0,1.0,0.0,0.0,0.0,0.0,0.0,0.0,0.0,False,True,depth_outflows_incomplete,75000.0,1,0.2,1.0
100000008706846100,terminal,0.59,22,0.123789,"Наблюдаемый получатель: входов=1, вход=14200.00 KZT; выход=0; глубина=3; вне выборки операции неизвестны",3,False,1,0,14200.0,0.0,1,0,0.00028778559868168743,0.0,False,0.0,exact,2248,0.0,1,0,1.0,0.0,0.0,0.0,0.0,0.0,0.0,0.0,False,False,sample_only,14200.0,1,0.59,1.0
100000008706947100,terminal,0.59,22,0.140568,"Наблюдаемый получатель: входов=1, вход=17200.00 KZT; выход=0; глубина=3; вне выборки операции неизвестны",3,False,1,0,17200.0,0.0,1,0,0.000288253832019236,0.0,False,0.0,exact,2248,0.0,1,0,1.0,0.0,0.0,0.0,0.0,0.0,0.0,0.0,False,False,sample_only,17200.0,1,0.59,1.0
100000008707810100,terminal,0.59,22,0.186642,"Наблюдаемый получатель: входов=1, вход=26200.00 KZT; выход=0; глубина=3; вне выборки операции неизвестны",3,False,1,0,26200.0,0.0,1,0,0.00028965853203188175,0.0,False,0.0,exact,2248,0.0,1,0,1.0,0.0,0.0,0.0,0.0,0.0,0.0,0.0,False,False,sample_only,26200.0,1,0.59,1.0
100000008708025100,terminal,0.59,15,0.188369,"Наблюдаемый получатель: входов=1, вход=10000.00 KZT; выход=0; глубина=3; вне выборки операции неизвестны",3,False,1,0,10000.0,0.0,1,0,0.0003092890887695541,0.0,False,0.0,exact,2248,0.0,1,0,1.0,0.0,0.0,0.0,0.0,0.0,0.0,0.0,False,False,sample_only,10000.0,1,0.59,1.0
100000008708061100,terminal,0.59,22,0.097566,"Наблюдаемый получатель: входов=1, вход=8650.00 KZT; выход=0; глубина=3; вне выборки операции неизвестны",3,False,1,0,8650.0,0.0,1,0,0.0002869193670072226,0.0,False,0.0,exact,2248,0.0,1,0,1.0,0.0,0.0,0.0,0.0,0.0,0.0,0.0,False,False,sample_only,8650.0,1,0.59,1.0
100000008708207100,terminal,0.63,4,0.552041,"Наблюдаемый получатель: входов=2, вход=465000.00 KZT; выход=0; глубина=3; вне выборки операции неизвестны",3,False,2,0,465000.0,0.0,2,0,0.00035978690472981295,0.0,False,0.0,exact,2248,0.0,2,0,0.6451612903225806,0.0,0.0,0.0,0.0,0.0,0.0,0.0,False,False,sample_only,465000.0,2,0.63,1.0
100000008708368100,terminal,0.59,22,0.182178,"Наблюдаемый получатель: входов=1, вход=23677.00 KZT; выход=0; глубина=1; вне выборки операции неизвестны",1,False,1,0,23677.0,0.0,1,0,0.00029053881917720503,0.0,False,0.0,exact,2248,0.0,1,0,1.0,0.0,0.0,0.0,0.0,0.0,0.0,0.0,False,False,sample_only,23677.0,1,0.59,1.0
100000008708595100,terminal,0.59,22,0.140568,"Наблюдаемый получатель: входов=1, вход=17200.00 KZT; выход=0; глубина=3; вне выборки операции неизвестны",3,False,1,0,17200.0,0.0,1,0,0.000288253832019236,0.0,False,0.0,exact,2248,0.0,1,0,1.0,0.0,0.0,0.0,0.0,0.0,0.0,0.0,False,False,sample_only,17200.0,1,0.59,1.0
100000008708743100,terminal,0.59,22,0.131415,"Наблюдаемый получатель: входов=1, вход=15550.00 KZT; выход=0; глубина=3; вне выборки операции неизвестны",3,False,1,0,15550.0,0.0,1,0,0.0002879963036835843,0.0,False,0.0,exact,2248,0.0,1,0,1.0,0.0,0.0,0.0,0.0,0.0,0.0,0.0,False,False,sample_only,15550.0,1,0.59,1.0
100000008710791100,distributor,0.875822,4,0.881161,"Гипотеза распределения: входов=3, получателей=23; выход=5521511.00 KZT; крупнейший выход=16%; источник средств неизвестен",2,False,3,23,181510.0,5521511.0,3,25,0.0003342621960762572,30.41987218335078,False,0.00031460850776037077,exact,2248,0.8764607679465777,26,3,0.6335739077736764,0.16118776182823868,0.938241542939967,12000.0,0.00217331813700996,169510.0,0.03069992978371319,0.9671267520792769,False,False,sample_only,5703021.0,28,0.875822,1.0
100000008710843100,coordinator,0.889316,35,0.819103,"Гипотеза связующего: соседей=15, внешних сообществ=5; посредничество=0.00124; не доказательство управления",2,False,2,13,33944.0,1985500.0,3,14,0.00029287559446499275,58.49340089559274,False,0.0012357500791213899,exact,2248,0.9465776293823038,15,5,0.5361772330897949,0.29211785444472427,0.39687736086628056,18944.0,0.00954117350793251,15000.0,0.007554772097708386,0.9829040543943591,False,False,sample_only,2019444.0,17,0.889316,1.0
100000008710913100,peripheral,0.2,4,0.124955,"Вход=1, 14000.00 KZT; выход=0; глубина=4: обход обрезан, конечная роль неизвестна",4,False,1,0,14000.0,0.0,1,0,0.00028811097479962785,0.0,True,0.0,exact,2248,0.0,1,0,1.0,0.0,0.0,0.0,0.0,0.0,0.0,0.0,False,True,depth_outflows_incomplete,14000.0,1,0.2,1.0
100000008712036100,terminal,0.59,22,0.162573,"Наблюдаемый получатель: входов=1, вход=21000.00 KZT; выход=0; глубина=3; вне выборки операции неизвестны",3,False,1,0,21000.0,0.0,1,0,0.00028884692758013086,0.0,False,0.0,exact,2248,0.0,1,0,1.0,0.0,0.0,0.0,0.0,0.0,0.0,0.0,False,False,sample_only,21000.0,1,0.59,1.0
100000008712184100,terminal,0.59,22,0.146086,"Наблюдаемый получатель: входов=1, вход=18000.00 KZT; выход=0; глубина=3; вне выборки операции неизвестны",3,False,1,0,18000.0,0.0,1,0,0.0002883786942425823,0.0,False,0.0,exact,2248,0.0,1,0,1.0,0.0,0.0,0.0,0.0,0.0,0.0,0.0,False,False,sample_only,18000.0,1,0.59,1.0
100000008712827100,terminal,0.59,22,0.295368,"Наблюдаемый получатель: входов=1, вход=76000.00 KZT; выход=0; глубина=3; вне выборки операции неизвестны",3,False,1,0,76000.0,0.0,1,0,0.0002974312054351879,0.0,False,0.0,exact,2248,0.0,1,0,1.0,0.0,0.0,0.0,0.0,0.0,0.0,0.0,False,False,sample_only,76000.0,1,0.59,1.0
100000008712991100,terminal,0.59,22,0.28312,"Наблюдаемый получатель: входов=1, вход=66100.00 KZT; выход=0; глубина=3; вне выборки операции неизвестны",3,False,1,0,66100.0,0.0,1,0,0.00029588603542127765,0.0,False,0.0,exact,2248,0.0,1,0,1.0,0.0,0.0,0.0,0.0,0.0,0.0,0.0,False,False,sample_only,66100.0,1,0.59,1.0
100000008713270100,distributor,0.681053,1,0.494263,"Гипотеза распределения: входов=1, получателей=3; выход=190000.00 KZT; крупнейший выход=53%; источник средств неизвестен",2,False,1,3,30000.0,190000.0,1,3,0.00029125521728309953,6.333333333333333,False,1.1888811083225246e-06,exact,2248,0.09849749582637729,4,0,1.0,0.5263157894736842,0.7894736842105263,30000.0,0.15789473684210525,0.0,0.0,0.8421052631578947,False,False,sample_only,220000.0,4,0.681053,1.0
100000008713685100,terminal,0.59,22,0.251043,"Наблюдаемый получатель: входов=1, вход=49700.00 KZT; выход=0; глубина=3; вне выборки операции неизвестны",3,False,1,0,49700.0,0.0,1,0,0.0002933263598426788,0.0,False,0.0,exact,2248,0.0,1,0,1.0,0.0,0.0,0.0,0.0,0.0,0.0,0.0,False,False,sample_only,49700.0,1,0.59,1.0
100000008714412100,terminal,0.59,18,0.373923,"Наблюдаемый получатель: входов=1, вход=169000.00 KZT; выход=0; глубина=3; вне выборки операции неизвестны",3,False,1,0,169000.0,0.0,1,0,0.0003116686182638587,0.0,False,0.0,exact,2248,0.0,1,0,1.0,0.0,0.0,0.0,0.0,0.0,0.0,0.0,False,False,sample_only,169000.0,1,0.59,1.0
100000008715513100,peripheral,0.2,18,0.254542,"Вход=1, 32500.00 KZT; выход=0; глубина=4: обход обрезан, конечная роль неизвестна",4,False,1,0,32500.0,0.0,1,0,0.00030296165675219926,0.0,True,0.0,exact,2248,0.0,1,0,1.0,0.0,0.0,0.0,0.0,0.0,0.0,0.0,False,True,depth_outflows_incomplete,32500.0,1,0.2,1.0
100000008715887100,terminal,0.59,22,0.146086,"Наблюдаемый получатель: входов=1, вход=18000.00 KZT; выход=0; глубина=3; вне выборки операции неизвестны",3,False,1,0,18000.0,0.0,1,0,0.0002883786942425823,0.0,False,0.0,exact,2248,0.0,1,0,1.0,0.0,0.0,0.0,0.0,0.0,0.0,0.0,False,False,sample_only,18000.0,1,0.59,1.0
100000008716072100,terminal,0.59,22,0.115332,"Наблюдаемый получатель: входов=1, вход=12100.00 KZT; выход=0; глубина=3; вне выборки операции неизвестны",3,False,1,0,12100.0,0.0,1,0,0.00028745783534540344,0.0,False,0.0,exact,2248,0.0,1,0,1.0,0.0,0.0,0.0,0.0,0.0,0.0,0.0,False,False,sample_only,12100.0,1,0.59,1.0
100000008716222100,terminal,0.59,22,0.155238,"Наблюдаемый получатель: входов=1, вход=18000.00 KZT; выход=0; глубина=1; вне выборки операции неизвестны",1,False,1,0,18000.0,0.0,1,0,0.00028934728337463573,0.0,False,0.0,exact,2248,0.0,1,0,1.0,0.0,0.0,0.0,0.0,0.0,0.0,0.0,False,False,sample_only,18000.0,1,0.59,1.0
100000008716439100,terminal,0.59,22,0.120267,"Наблюдаемый получатель: входов=1, вход=12267.00 KZT; выход=0; глубина=1; вне выборки операции неизвестны",1,False,1,0,12267.0,0.0,1,0,0.00028814399382802143,0.0,False,0.0,exact,2248,0.0,1,0,1.0,0.0,0.0,0.0,0.0,0.0,0.0,0.0,False,False,sample_only,12267.0,1,0.59,1.0
100000008716773100,terminal,0.59,22,0.141824,"Наблюдаемый получатель: входов=1, вход=15677.00 KZT; выход=0; глубина=1; вне выборки операции неизвестны",1,False,1,0,15677.0,0.0,1,0,0.00028885971288505175,0.0,False,0.0,exact,2248,0.0,1,0,1.0,0.0,0.0,0.0,0.0,0.0,0.0,0.0,False,False,sample_only,15677.0,1,0.59,1.0
100000008717340100,terminal,0.59,22,0.242631,"Наблюдаемый получатель: входов=1, вход=41500.00 KZT; выход=0; глубина=1; вне выборки операции неизвестны",1,False,1,0,41500.0,0.0,1,0,0.000294279658107836,0.0,False,0.0,exact,2248,0.0,1,0,1.0,0.0,0.0,0.0,0.0,0.0,0.0,0.0,False,False,sample_only,41500.0,1,0.59,1.0
100000008717341100,terminal,0.59,22,0.131976,"Наблюдаемый получатель: входов=1, вход=14627.00 KZT; выход=0; глубина=1; вне выборки операции неизвестны",1,False,1,0,14627.0,0.0,1,0,0.0002886393301842066,0.0,False,0.0,exact,2248,0.0,1,0,1.0,0.0,0.0,0.0,0.0,0.0,0.0,0.0,False,False,sample_only,14627.0,1,0.59,1.0
100000008717375100,terminal,0.59,2,0.243102,"Наблюдаемый получатель: входов=1, вход=29506.00 KZT; выход=0; глубина=2; вне выборки операции неизвестны",2,False,1,0,29506.0,0.0,1,0,0.0003017749691235294,0.0,False,0.0,exact,2248,0.0,1,0,1.0,0.0,0.0,0.0,0.0,0.0,0.0,0.0,False,False,sample_only,29506.0,1,0.59,1.0
100000008717802100,terminal,0.59,22,0.185139,"Наблюдаемый получатель: входов=1, вход=26150.00 KZT; выход=0; глубина=3; вне выборки операции неизвестны",3,False,1,0,26150.0,0.0,1,0,0.0002896507281429226,0.0,False,0.0,exact,2248,0.0,1,0,1.0,0.0,0.0,0.0,0.0,0.0,0.0,0.0,False,False,sample_only,26150.0,1,0.59,1.0
100000008718089100,terminal,0.59,22,0.139939,"Наблюдаемый получатель: входов=1, вход=15534.00 KZT; выход=0; глубина=1; вне выборки операции неизвестны",1,False,1,0,15534.0,0.0,1,0,0.0002888296988600795,0.0,False,0.0,exact,2248,0.0,1,0,1.0,0.0,0.0,0.0,0.0,0.0,0.0,0.0,False,False,sample_only,15534.0,1,0.59,1.0
100000008718811100,terminal,0.59,22,0.292048,"Наблюдаемый получатель: входов=1, вход=73300.00 KZT; выход=0; глубина=3; вне выборки операции неизвестны",3,False,1,0,73300.0,0.0,1,0,0.0002970097954313942,0.0,False,0.0,exact,2248,0.0,1,0,1.0,0.0,0.0,0.0,0.0,0.0,0.0,0.0,False,False,sample_only,73300.0,1,0.59,1.0
100000008720668100,terminal,0.59,22,0.134556,"Наблюдаемый получатель: входов=1, вход=16000.00 KZT; выход=0; глубина=3; вне выборки операции неизвестны",3,False,1,0,16000.0,0.0,1,0,0.0002880665386842166,0.0,False,0.0,exact,2248,0.0,1,0,1.0,0.0,0.0,0.0,0.0,0.0,0.0,0.0,False,False,sample_only,16000.0,1,0.59,1.0
100000008720798100,terminal,0.59,22,0.139939,"Наблюдаемый получатель: входов=1, вход=15534.00 KZT; выход=0; глубина=1; вне выборки операции неизвестны",1,False,1,0,15534.0,0.0,1,0,0.0002888296988600795,0.0,False,0.0,exact,2248,0.0,1,0,1.0,0.0,0.0,0.0,0.0,0.0,0.0,0.0,False,False,sample_only,15534.0,1,0.59,1.0
100000008720856100,peripheral,0.55,10,0.526942,"Мало связей: входов=1, выходов=1; оборот=64105.00 KZT; FIFO 1–7д=0%; в тот же день=?0%; правила иных ролей не выполнены",3,False,1,1,18105.0,46000.0,1,2,0.00031932628410571523,2.5407346037006353,False,1.9616538287321655e-05,exact,2248,0.3831385642737897,2,0,1.0,1.0,0.0,0.0,0.0,0.0,0.0,1.0,False,False,sample_only,64105.0,3,0.55,1.0
100000008721637100,peripheral,0.3,1,0.602427,"Роль неоднозначна: входов=1, выходов=2; оборот=151041.00 KZT; FIFO 1–7д=0%; в тот же день=?9%; правила иных ролей не выполнены",3,False,1,2,24041.0,127000.0,1,2,0.0002904606519895623,5.282642152988644,False,7.33145040171938e-05,exact,2248,0.6961602671118531,3,1,1.0,0.905511811023622,0.0,0.0,0.0,12000.0,0.09448818897637795,0.905511811023622,False,False,sample_only,151041.0,3,0.3,1.0
100000008722328100,terminal,0.59,22,0.182178,"Наблюдаемый получатель: входов=1, вход=23677.00 KZT; выход=0; глубина=1; вне выборки операции неизвестны",1,False,1,0,23677.0,0.0,1,0,0.00029053881917720503,0.0,False,0.0,exact,2248,0.0,1,0,1.0,0.0,0.0,0.0,0.0,0.0,0.0,0.0,False,False,sample_only,23677.0,1,0.59,1.0
100000008722417100,distributor,0.701667,10,0.724817,"Гипотеза распределения: входов=1, получателей=3; выход=720000.00 KZT; крупнейший выход=39%; источник средств неизвестен",3,False,1,3,331900.0,720000.0,1,6,0.0002963258990924791,2.16932811087677,False,5.7660733753642434e-05,exact,2248,0.6469115191986644,4,0,1.0,0.3888888888888889,0.3333333333333333,71900.0,0.09986111111111111,260000.0,0.3611111111111111,0.5390277777777778,False,False,sample_only,1051900.0,7,0.701667,1.0
100000008722541100,peripheral,0.2,10,0.491891,"Вход=1, 280000.00 KZT; выход=0; глубина=4: обход обрезан, конечная роль неизвестна",4,False,1,0,280000.0,0.0,4,0,0.000383638105897556,0.0,True,0.0,exact,2248,0.0,1,0,1.0,0.0,0.0,0.0,0.0,0.0,0.0,0.0,False,True,depth_outflows_incomplete,280000.0,4,0.2,1.0
100000008723830100,transit,0.89819,16,0.689179,"Гипотеза транзита: вход=459785.00, выход=455000.00 KZT; FIFO 1–7д=100%; в тот же день=?0%; те же деньги не установлены",1,False,2,1,459785.0,455000.0,2,1,0.0003402309877065733,0.9895929619278576,False,1.9616538287321655e-05,exact,2248,0.3831385642737897,3,0,0.987418032341203,1.0,1.0,454000.0,0.9978021978021978,0.0,0.0,0.002197802197802198,False,False,sample_only,914785.0,3,0.89819,1.0
100000008724279100,terminal,0.59,16,0.109993,"Наблюдаемый получатель: входов=1, вход=11750.00 KZT; выход=0; глубина=1; вне выборки операции неизвестны",1,False,1,0,11750.0,0.0,1,0,0.00028683263134622903,0.0,False,0.0,exact,2248,0.0,1,0,1.0,0.0,0.0,0.0,0.0,0.0,0.0,0.0,False,False,sample_only,11750.0,1,0.59,1.0
100000008724461100,peripheral,0.55,4,0.54404,"Мало связей: входов=1, выходов=1; оборот=230111.00 KZT; FIFO 1–7д=0%; в тот же день=?77%; правила иных ролей не выполнены",3,False,1,1,100111.0,130000.0,1,1,0.00029072698311701726,1.298558599954051,False,2.2390594206740877e-05,exact,2248,0.4774624373956594,2,0,1.0,1.0,0.0,0.0,0.0,100111.0,0.7700846153846154,0.2299153846153846,False,False,sample_only,230111.0,2,0.55,1.0
100000008727982100,peripheral,0.2,46,0.356135,"Вход=1, 30000.00 KZT; выход=0; глубина=4: обход обрезан, конечная роль неизвестна",4,False,1,0,30000.0,0.0,2,0,0.0005138489258762213,0.0,True,0.0,exact,2248,0.0,1,0,1.0,0.0,0.0,0.0,0.0,0.0,0.0,0.0,False,True,depth_outflows_incomplete,30000.0,2,0.2,1.0
100000008728457100,terminal,0.59,11,0.238952,"Наблюдаемый получатель: входов=1, вход=45000.00 KZT; выход=0; глубина=1; вне выборки операции неизвестны",1,False,1,0,45000.0,0.0,1,0,0.0002923944521197359,0.0,False,0.0,exact,2248,0.0,1,0,1.0,0.0,0.0,0.0,0.0,0.0,0.0,0.0,False,False,sample_only,45000.0,1,0.59,1.0
100000008729597100,terminal,0.59,8,0.314121,"Наблюдаемый получатель: входов=1, вход=83090.00 KZT; выход=0; глубина=3; вне выборки операции неизвестны",3,False,1,0,83090.0,0.0,1,0,0.0003024747023657885,0.0,False,0.0,exact,2248,0.0,1,0,1.0,0.0,0.0,0.0,0.0,0.0,0.0,0.0,False,False,sample_only,83090.0,1,0.59,1.0
100000008729801100,terminal,0.59,22,0.151649,"Наблюдаемый получатель: входов=1, вход=17534.00 KZT; выход=0; глубина=1; вне выборки операции неизвестны",1,False,1,0,17534.0,0.0,1,0,0.00028924947543311784,0.0,False,0.0,exact,2248,0.0,1,0,1.0,0.0,0.0,0.0,0.0,0.0,0.0,0.0,False,False,sample_only,17534.0,1,0.59,1.0
100000008730021100,terminal,0.59,70,0.423856,"Наблюдаемый получатель: входов=1, вход=75555.00 KZT; выход=0; глубина=1; вне выборки операции неизвестны",1,False,1,0,75555.0,0.0,3,0,0.00046813825917664217,0.0,False,0.0,exact,2248,0.0,1,0,1.0,0.0,0.0,0.0,0.0,0.0,0.0,0.0,False,False,sample_only,75555.0,3,0.59,1.0
100000008730238100,peripheral,0.2,42,0.428028,"Вход=1, 113000.00 KZT; выход=0; глубина=4: обход обрезан, конечная роль неизвестна",4,False,1,0,113000.0,0.0,1,0,0.0005632359245676687,0.0,True,0.0,exact,2248,0.0,1,0,1.0,0.0,0.0,0.0,0.0,0.0,0.0,0.0,False,True,depth_outflows_incomplete,113000.0,1,0.2,1.0
100000008730371100,terminal,0.63,0,0.627927,"Наблюдаемый получатель: входов=2, вход=520000.00 KZT; выход=0; глубина=3; вне выборки операции неизвестны",3,False,2,0,520000.0,0.0,3,0,0.0008583627263123977,0.0,False,0.0,exact,2248,0.0,2,0,0.9615384615384616,0.0,0.0,0.0,0.0,0.0,0.0,0.0,False,False,sample_only,520000.0,3,0.63,1.0
100000008730846100,peripheral,0.3,11,0.864888,"Роль неоднозначна: входов=7, выходов=3; оборот=518412.00 KZT; FIFO 1–7д=11%; в тот же день=?32%; правила иных ролей не выполнены",2,False,7,3,155042.0,363370.0,11,4,0.0005360575471708012,2.343687516930896,False,0.00014091260514214476,exact,2248,0.8063439065108514,10,4,0.39086183098773236,0.5091229325480915,0.4908770674519085,39800.0,0.10953023089412996,115242.0,0.31714781077139004,0.57332195833448,False,False,sample_only,518412.0,15,0.3,1.0
100000008731444100,distributor,0.82544,0,0.843013,"Гипотеза распределения: входов=3, получателей=9; выход=879767.80 KZT; крупнейший выход=36%; источник средств неизвестен",2,False,3,9,439000.0,879767.8,5,9,0.00035336188519380433,2.0040268792710707,False,0.0001241168559002798,exact,2248,0.7796327212020033,12,3,0.6719817767653758,0.36373233937409394,0.6956014984863051,420000.0,0.4773986954284983,19000.0,0.021596607650336826,0.5010046969211649,False,False,sample_only,1318767.8,14,0.82544,1.0
100000008732098100,terminal,0.59,22,0.141824,"Наблюдаемый получатель: входов=1, вход=15677.00 KZT; выход=0; глубина=1; вне выборки операции неизвестны",1,False,1,0,15677.0,0.0,1,0,0.00028885971288505175,0.0,False,0.0,exact,2248,0.0,1,0,1.0,0.0,0.0,0.0,0.0,0.0,0.0,0.0,False,False,sample_only,15677.0,1,0.59,1.0
100000008732488100,peripheral,0.55,8,0.531836,"Мало связей: входов=1, выходов=1; оборот=147000.00 KZT; FIFO 1–7д=0%; в тот же день=?100%; правила иных ролей не выполнены",3,False,1,1,137000.0,10000.0,1,1,0.0003134431769510035,0.072992700729927,False,1.922024458454748e-05,exact,2248,0.2871452420701169,2,0,1.0,1.0,0.0,0.0,0.0,10000.0,1.0,0.0,False,False,sample_only,147000.0,2,0.55,1.0
100000008733049100,terminal,0.59,3,0.117755,"Наблюдаемый получатель: входов=1, вход=10000.00 KZT; выход=0; глубина=2; вне выборки операции неизвестны",2,False,1,0,10000.0,0.0,1,0,0.0002887507034719393,0.0,False,0.0,exact,2248,0.0,1,0,1.0,0.0,0.0,0.0,0.0,0.0,0.0,0.0,False,False,sample_only,10000.0,1,0.59,1.0
100000008733194100,peripheral,0.3,12,0.846629,"Роль неоднозначна: входов=4, выходов=8; оборот=411119.00 KZT; FIFO 1–7д=65%; в тот же день=?35%; правила иных ролей не выполнены",2,False,4,8,251424.0,159695.0,4,8,0.00047072559440912876,0.6351621165839378,False,0.00020045361098198542,exact,2248,0.8380634390651085,11,3,0.482626956853761,0.18535332978490246,0.651711074235261,104075.0,0.651711074235261,55620.0,0.348288925764739,0.0,False,False,sample_only,411119.0,12,0.3,1.0
100000008734279100,peripheral,0.2,8,0.249518,"Вход=1, 31650.00 KZT; выход=0; глубина=4: обход обрезан, конечная роль неизвестна",4,False,1,0,31650.0,0.0,1,0,0.0003013329445693454,0.0,True,0.0,exact,2248,0.0,1,0,1.0,0.0,0.0,0.0,0.0,0.0,0.0,0.0,False,True,depth_outflows_incomplete,31650.0,1,0.2,1.0
100000008734364100,terminal,0.59,22,0.213336,"Наблюдаемый получатель: входов=1, вход=26200.00 KZT; выход=0; глубина=2; вне выборки операции неизвестны",2,False,1,0,26200.0,0.0,1,0,0.0002944677917550073,0.0,False,0.0,exact,2248,0.0,1,0,1.0,0.0,0.0,0.0,0.0,0.0,0.0,0.0,False,False,sample_only,26200.0,1,0.59,1.0
100000008735384100,terminal,0.59,22,0.236911,"Наблюдаемый получатель: входов=1, вход=39220.00 KZT; выход=0; глубина=1; вне выборки операции неизвестны",1,False,1,0,39220.0,0.0,1,0,0.00029380111281457236,0.0,False,0.0,exact,2248,0.0,1,0,1.0,0.0,0.0,0.0,0.0,0.0,0.0,0.0,False,False,sample_only,39220.0,1,0.59,1.0
100000008735802100,peripheral,0.2,0,0.425067,"Вход=1, 85000.00 KZT; выход=0; глубина=4: обход обрезан, конечная роль неизвестна",4,False,1,0,85000.0,0.0,2,0,0.0005087033417052578,0.0,True,0.0,exact,2248,0.0,1,0,1.0,0.0,0.0,0.0,0.0,0.0,0.0,0.0,False,True,depth_outflows_incomplete,85000.0,2,0.2,1.0
100000008735832100,terminal,0.59,22,0.143416,"Наблюдаемый получатель: входов=1, вход=17600.00 KZT; выход=0; глубина=3; вне выборки операции неизвестны",3,False,1,0,17600.0,0.0,1,0,0.00028831626313090915,0.0,False,0.0,exact,2248,0.0,1,0,1.0,0.0,0.0,0.0,0.0,0.0,0.0,0.0,False,False,sample_only,17600.0,1,0.59,1.0
100000008736173100,terminal,0.59,22,0.214704,"Наблюдаемый получатель: входов=1, вход=31060.00 KZT; выход=0; глубина=1; вне выборки операции неизвестны",1,False,1,0,31060.0,0.0,1,0,0.000292088424396576,0.0,False,0.0,exact,2248,0.0,1,0,1.0,0.0,0.0,0.0,0.0,0.0,0.0,0.0,False,False,sample_only,31060.0,1,0.59,1.0
100000008736394100,terminal,0.59,22,0.158692,"Наблюдаемый получатель: входов=1, вход=16000.00 KZT; выход=0; глубина=2; вне выборки операции неизвестны",2,False,1,0,16000.0,0.0,1,0,0.00029100349118688865,0.0,False,0.0,exact,2248,0.0,1,0,1.0,0.0,0.0,0.0,0.0,0.0,0.0,0.0,False,False,sample_only,16000.0,1,0.59,1.0
100000008736760100,terminal,0.59,22,0.277153,"Наблюдаемый получатель: входов=1, вход=54757.00 KZT; выход=0; глубина=1; вне выборки операции неизвестны",1,False,1,0,54757.0,0.0,1,0,0.00029706214712222056,0.0,False,0.0,exact,2248,0.0,1,0,1.0,0.0,0.0,0.0,0.0,0.0,0.0,0.0,False,False,sample_only,54757.0,1,0.59,1.0
100000008736940100,peripheral,0.3,9,0.703088,"Роль неоднозначна: входов=3, выходов=3; оборот=633190.00 KZT; FIFO 1–7д=44%; в тот же день=?49%; правила иных ролей не выполнены",1,False,3,3,451090.0,182100.0,13,6,0.002414156749076467,0.40368884258130305,False,7.925874055483496e-07,exact,2248,0.06928213689482471,3,0,0.5597552594825866,0.4244920373421197,0.9324546952224053,80190.0,0.4403624382207578,89310.0,0.49044481054365735,0.06919275123558484,False,False,sample_only,633190.0,19,0.3,1.0
100000008737422100,terminal,0.59,22,0.308064,"Наблюдаемый получатель: входов=1, вход=76903.00 KZT; выход=0; глубина=1; вне выборки операции неизвестны",1,False,1,0,76903.0,0.0,1,0,0.00030171033311547385,0.0,False,0.0,exact,2248,0.0,1,0,1.0,0.0,0.0,0.0,0.0,0.0,0.0,0.0,False,False,sample_only,76903.0,1,0.59,1.0
100000008737514100,terminal,0.59,3,0.332358,"Наблюдаемый получатель: входов=1, вход=85000.00 KZT; выход=0; глубина=2; вне выборки операции неизвестны",2,False,1,0,85000.0,0.0,1,0,0.0003126112728818023,0.0,False,0.0,exact,2248,0.0,1,0,1.0,0.0,0.0,0.0,0.0,0.0,0.0,0.0,False,False,sample_only,85000.0,1,0.59,1.0
100000008737958100,terminal,0.63,22,0.376133,"Наблюдаемый получатель: входов=2, вход=53373.00 KZT; выход=0; глубина=1; вне выборки операции неизвестны",1,False,2,0,53373.0,0.0,2,0,0.00029962614026345346,0.0,False,0.0,exact,2248,0.0,2,0,0.5878065688644071,0.0,0.0,0.0,0.0,0.0,0.0,0.0,False,False,sample_only,53373.0,2,0.63,1.0
100000008738325100,peripheral,0.55,47,0.494025,"Мало связей: входов=1, выходов=1; оборот=90550.00 KZT; FIFO 1–7д=0%; в тот же день=?0%; правила иных ролей не выполнены; seed: вход неполон",0,True,1,1,36550.0,54000.0,1,1,0.0005285862410602083,1.4774281805745555,False,1.981468513870874e-07,exact,2248,0.01001669449081803,2,0,1.0,1.0,0.0,0.0,0.0,0.0,0.0,1.0,True,False,seed_inflows_incomplete,90550.0,2,0.55,1.0
100000008738526100,peripheral,0.55,35,0.490209,"Мало связей: входов=1, выходов=1; оборот=155000.00 KZT; FIFO 1–7д=11%; в тот же день=?0%; правила иных ролей не выполнены",3,False,1,1,15000.0,140000.0,1,1,0.0002874522211122593,9.333333333333334,False,2.139985994980544e-05,exact,2248,0.4532554257095159,2,0,1.0,1.0,1.0,15000.0,0.10714285714285714,0.0,0.0,0.8928571428571429,False,False,sample_only,155000.0,2,0.55,1.0
100000008738658100,terminal,0.59,22,0.197387,"Наблюдаемый получатель: входов=1, вход=29920.00 KZT; выход=0; глубина=3; вне выборки операции неизвестны",3,False,1,0,29920.0,0.0,1,0,0.0002902391413704419,0.0,False,0.0,exact,2248,0.0,1,0,1.0,0.0,0.0,0.0,0.0,0.0,0.0,0.0,False,False,sample_only,29920.0,1,0.59,1.0
100000008739887100,peripheral,0.3,8,0.728608,"Роль неоднозначна: входов=2, выходов=2; оборот=521000.00 KZT; FIFO 1–7д=70%; в тот же день=?0%; правила иных ролей не выполнены",3,False,2,2,214000.0,307000.0,3,2,0.0003333006339697427,1.4345794392523366,False,3.844048916909496e-05,exact,2248,0.5450751252086812,4,1,0.6588785046728972,0.8143322475570033,1.0,214000.0,0.6970684039087948,0.0,0.0,0.30293159609120524,False,False,sample_only,521000.0,5,0.3,1.0
100000008740295100,peripheral,0.2,4,0.419235,"Вход=1, 300000.00 KZT; выход=0; глубина=4: обход обрезан, конечная роль неизвестна",4,False,1,0,300000.0,0.0,1,0,0.000325036609326122,0.0,True,0.0,exact,2248,0.0,1,0,1.0,0.0,0.0,0.0,0.0,0.0,0.0,0.0,False,True,depth_outflows_incomplete,300000.0,1,0.2,1.0
100000008740793100,terminal,0.59,22,0.162573,"Наблюдаемый получатель: входов=1, вход=21000.00 KZT; выход=0; глубина=3; вне выборки операции неизвестны",3,False,1,0,21000.0,0.0,1,0,0.00028884692758013086,0.0,False,0.0,exact,2248,0.0,1,0,1.0,0.0,0.0,0.0,0.0,0.0,0.0,0.0,False,False,sample_only,21000.0,1,0.59,1.0
100000008741372100,terminal,0.59,22,0.228253,"Наблюдаемый получатель: входов=1, вход=35975.00 KZT; выход=0; глубина=1; вне выборки операции неизвестны",1,False,1,0,35975.0,0.0,1,0,0.00029312002532481767,0.0,False,0.0,exact,2248,0.0,1,0,1.0,0.0,0.0,0.0,0.0,0.0,0.0,0.0,False,False,sample_only,35975.0,1,0.59,1.0
100000008742053100,distributor,0.874184,24,0.731792,"Гипотеза распределения: входов=1, получателей=12; выход=2789000.00 KZT; крупнейший выход=17%; источник средств неизвестен",3,False,1,12,10000.0,2789000.0,1,12,0.0002862711500893241,278.9,False,0.00012107303358925221,exact,2248,0.7762938230383973,13,2,1.0,0.17210469702402295,0.7759053424166368,10000.0,0.0035855145213338113,0.0,0.0,0.9964144854786662,False,False,sample_only,2799000.0,13,0.874184,1.0
100000008742266100,terminal,0.59,22,0.188324,"Наблюдаемый получатель: входов=1, вход=21000.00 KZT; выход=0; глубина=2; вне выборки операции неизвестны",2,False,1,0,21000.0,0.0,1,0,0.00029270167773988795,0.0,False,0.0,exact,2248,0.0,1,0,1.0,0.0,0.0,0.0,0.0,0.0,0.0,0.0,False,False,sample_only,21000.0,1,0.59,1.0
100000008743913100,distributor,0.859473,35,0.866304,"Гипотеза распределения: входов=3, получателей=13; выход=1850600.00 KZT; крупнейший выход=27%; источник средств неизвестен",2,False,3,13,149300.0,1850600.0,3,13,0.00033210781237653756,12.395177494976558,False,0.00030606507803785624,exact,2248,0.8714524207011686,16,4,0.5110515740120563,0.2701826434669837,1.0,9000.0,0.004863287582405706,140300.0,0.07581324975683562,0.9193234626607587,False,False,sample_only,1999900.0,16,0.859473,1.0
100000008744364100,terminal,0.59,22,0.173205,"Наблюдаемый получатель: входов=1, вход=23700.00 KZT; выход=0; глубина=3; вне выборки операции неизвестны",3,False,1,0,23700.0,0.0,1,0,0.00028926833758392454,0.0,False,0.0,exact,2248,0.0,1,0,1.0,0.0,0.0,0.0,0.0,0.0,0.0,0.0,False,False,sample_only,23700.0,1,0.59,1.0
100000008744799100,terminal,0.59,22,0.117306,"Наблюдаемый получатель: входов=1, вход=12600.00 KZT; выход=0; глубина=3; вне выборки операции неизвестны",3,False,1,0,12600.0,0.0,1,0,0.00028753587423499484,0.0,False,0.0,exact,2248,0.0,1,0,1.0,0.0,0.0,0.0,0.0,0.0,0.0,0.0,False,False,sample_only,12600.0,1,0.59,1.0
100000008744849100,terminal,0.59,22,0.248576,"Наблюдаемый получатель: входов=1, вход=44445.00 KZT; выход=0; глубина=1; вне выборки операции неизвестны",1,False,1,0,44445.0,0.0,1,0,0.00029489777911163493,0.0,False,0.0,exact,2248,0.0,1,0,1.0,0.0,0.0,0.0,0.0,0.0,0.0,0.0,False,False,sample_only,44445.0,1,0.59,1.0
100000008745474100,terminal,0.59,22,0.241263,"Наблюдаемый получатель: входов=1, вход=40559.00 KZT; выход=0; глубина=1; вне выборки операции неизвестны",1,False,1,0,40559.0,0.0,1,0,0.0002940821532302215,0.0,False,0.0,exact,2248,0.0,1,0,1.0,0.0,0.0,0.0,0.0,0.0,0.0,0.0,False,False,sample_only,40559.0,1,0.59,1.0
100000008745489100,terminal,0.59,22,0.278813,"Наблюдаемый получатель: входов=1, вход=55539.00 KZT; выход=0; глубина=1; вне выборки операции неизвестны",1,False,1,0,55539.0,0.0,1,0,0.00029722627976227855,0.0,False,0.0,exact,2248,0.0,1,0,1.0,0.0,0.0,0.0,0.0,0.0,0.0,0.0,False,False,sample_only,55539.0,1,0.59,1.0
100000008745643100,terminal,0.59,22,0.169482,"Наблюдаемый получатель: входов=1, вход=20313.00 KZT; выход=0; глубина=1; вне выборки операции неизвестны",1,False,1,0,20313.0,0.0,1,0,0.0002898327549813546,0.0,False,0.0,exact,2248,0.0,1,0,1.0,0.0,0.0,0.0,0.0,0.0,0.0,0.0,False,False,sample_only,20313.0,1,0.59,1.0
100000008745676100,peripheral,0.2,22,0.334264,"Вход=1, 34547.00 KZT; выход=0; глубина=4: обход обрезан, конечная роль неизвестна",4,False,1,0,34547.0,0.0,1,0,0.0005303236661827129,0.0,True,0.0,exact,2248,0.0,1,0,1.0,0.0,0.0,0.0,0.0,0.0,0.0,0.0,False,True,depth_outflows_incomplete,34547.0,1,0.2,1.0
100000008745725100,terminal,0.59,22,0.256449,"Наблюдаемый получатель: входов=1, вход=47060.00 KZT; выход=0; глубина=1; вне выборки операции неизвестны",1,False,1,0,47060.0,0.0,1,0,0.0002954466369808825,0.0,False,0.0,exact,2248,0.0,1,0,1.0,0.0,0.0,0.0,0.0,0.0,0.0,0.0,False,False,sample_only,47060.0,1,0.59,1.0
100000008745863100,terminal,0.59,22,0.167822,"Наблюдаемый получатель: входов=1, вход=22900.00 KZT; выход=0; глубина=3; вне выборки операции неизвестны",3,False,1,0,22900.0,0.0,1,0,0.00028914347536057827,0.0,False,0.0,exact,2248,0.0,1,0,1.0,0.0,0.0,0.0,0.0,0.0,0.0,0.0,False,False,sample_only,22900.0,1,0.59,1.0
100000008745884100,terminal,0.59,22,0.155305,"Наблюдаемый получатель: входов=1, вход=20000.00 KZT; выход=0; глубина=3; вне выборки операции неизвестны",3,False,1,0,20000.0,0.0,1,0,0.000288690849800948,0.0,False,0.0,exact,2248,0.0,1,0,1.0,0.0,0.0,0.0,0.0,0.0,0.0,0.0,False,False,sample_only,20000.0,1,0.59,1.0
100000008746025100,terminal,0.59,22,0.175022,"Наблюдаемый получатель: входов=1, вход=22000.00 KZT; выход=0; глубина=1; вне выборки операции неизвестны",1,False,1,0,22000.0,0.0,1,0,0.0002901868365207124,0.0,False,0.0,exact,2248,0.0,1,0,1.0,0.0,0.0,0.0,0.0,0.0,0.0,0.0,False,False,sample_only,22000.0,1,0.59,1.0
100000008746449100,distributor,0.855401,4,0.728848,"Гипотеза распределения: входов=1, получателей=10; выход=1009000.00 KZT; крупнейший выход=30%; источник средств неизвестен",3,False,1,10,10000.0,1009000.0,1,10,0.00028700414108164825,100.9,False,0.00016598228268404117,exact,2248,0.8196994991652755,11,2,1.0,0.29732408325074333,1.0,10000.0,0.009910802775024777,0.0,0.0,0.9900891972249752,False,False,sample_only,1019000.0,11,0.855401,1.0
100000008746673100,terminal,0.59,22,0.273699,"Наблюдаемый получатель: входов=1, вход=53048.00 KZT; выход=0; глубина=1; вне выборки операции неизвестны",1,False,1,0,53048.0,0.0,1,0,0.0002967034480405593,0.0,False,0.0,exact,2248,0.0,1,0,1.0,0.0,0.0,0.0,0.0,0.0,0.0,0.0,False,False,sample_only,53048.0,1,0.59,1.0
100000008747113100,terminal,0.63,10,0.468775,"Наблюдаемый получатель: входов=2, вход=197801.00 KZT; выход=0; глубина=1; вне выборки операции неизвестны",1,False,2,0,197801.0,0.0,2,0,0.00030751915506009613,0.0,False,0.0,exact,2248,0.0,2,1,0.5318982209392268,0.0,0.0,0.0,0.0,0.0,0.0,0.0,False,False,sample_only,197801.0,2,0.63,1.0
100000008748408100,distributor,0.885,1,0.701822,"Гипотеза распределения: входов=1, получателей=21; выход=1499960.00 KZT; крупнейший выход=10%; источник средств неизвестен",1,False,1,21,360000.0,1499960.0,2,22,0.0003340545949423307,4.166555555555555,False,7.1332866499351465e-06,exact,2248,0.2003338898163606,22,2,1.0,0.10000266673777967,0.9399983999573321,160000.0,0.10666951118696498,200000.0,0.13333688898370624,0.7599935998293288,False,False,sample_only,1859960.0,24,0.885,1.0
100000008748795100,terminal,0.59,0,0.211608,"Наблюдаемый получатель: входов=1, вход=47057.00 KZT; выход=0; глубина=3; вне выборки операции неизвестны",3,False,1,0,47057.0,0.0,1,0,0.000288219542906905,0.0,False,0.0,exact,2248,0.0,1,0,1.0,0.0,0.0,0.0,0.0,0.0,0.0,0.0,False,False,sample_only,47057.0,1,0.59,1.0
100000008748914100,coordinator,0.882304,2,0.955246,"Гипотеза связующего: соседей=14, внешних сообществ=4; посредничество=0.00064; не доказательство управления",1,False,2,13,180000.0,4471847.0,9,21,0.0007908267344260674,24.843594444444445,False,0.0006406087705344536,exact,2248,0.9115191986644408,14,4,0.5277777777777778,0.3539253467303331,0.48011481609276885,92000.0,0.0205731546718839,88000.0,0.019678669686149817,0.9597481756419662,False,False,sample_only,4651847.0,30,0.882304,1.0
100000008749063100,terminal,0.59,22,0.158692,"Наблюдаемый получатель: входов=1, вход=19000.00 KZT; выход=0; глубина=1; вне выборки операции неизвестны",1,False,1,0,19000.0,0.0,1,0,0.00028955717166115493,0.0,False,0.0,exact,2248,0.0,1,0,1.0,0.0,0.0,0.0,0.0,0.0,0.0,0.0,False,False,sample_only,19000.0,1,0.59,1.0
100000008749405100,terminal,0.59,22,0.221321,"Наблюдаемый получатель: входов=1, вход=37150.00 KZT; выход=0; глубина=3; вне выборки операции неизвестны",3,False,1,0,37150.0,0.0,1,0,0.000291367583713934,0.0,False,0.0,exact,2248,0.0,1,0,1.0,0.0,0.0,0.0,0.0,0.0,0.0,0.0,False,False,sample_only,37150.0,1,0.59,1.0
100000008749406100,terminal,0.59,22,0.148688,"Наблюдаемый получатель: входов=1, вход=17144.00 KZT; выход=0; глубина=1; вне выборки операции неизвестны",1,False,1,0,17144.0,0.0,1,0,0.0002891676190013754,0.0,False,0.0,exact,2248,0.0,1,0,1.0,0.0,0.0,0.0,0.0,0.0,0.0,0.0,False,False,sample_only,17144.0,1,0.59,1.0
100000008749618100,terminal,0.59,22,0.257055,"Наблюдаемый получатель: входов=1, вход=47280.00 KZT; выход=0; глубина=1; вне выборки операции неизвестны",1,False,1,0,47280.0,0.0,1,0,0.00029549281240391677,0.0,False,0.0,exact,2248,0.0,1,0,1.0,0.0,0.0,0.0,0.0,0.0,0.0,0.0,False,False,sample_only,47280.0,1,0.59,1.0
100000008749900100,terminal,0.59,22,0.139738,"Наблюдаемый получатель: входов=1, вход=17150.00 KZT; выход=0; глубина=3; вне выборки операции неизвестны",3,False,1,0,17150.0,0.0,1,0,0.00028824602813027684,0.0,False,0.0,exact,2248,0.0,1,0,1.0,0.0,0.0,0.0,0.0,0.0,0.0,0.0,False,False,sample_only,17150.0,1,0.59,1.0
100000008749989100,terminal,0.59,22,0.158692,"Наблюдаемый получатель: входов=1, вход=16000.00 KZT; выход=0; глубина=2; вне выборки операции неизвестны",2,False,1,0,16000.0,0.0,1,0,0.00029100349118688865,0.0,False,0.0,exact,2248,0.0,1,0,1.0,0.0,0.0,0.0,0.0,0.0,0.0,0.0,False,False,sample_only,16000.0,1,0.59,1.0
100000008750464100,terminal,0.59,22,0.096848,"Наблюдаемый получатель: входов=1, вход=8500.00 KZT; выход=0; глубина=3; вне выборки операции неизвестны",3,False,1,0,8500.0,0.0,1,0,0.00028689595534034515,0.0,False,0.0,exact,2248,0.0,1,0,1.0,0.0,0.0,0.0,0.0,0.0,0.0,0.0,False,False,sample_only,8500.0,1,0.59,1.0
100000008751349100,terminal,0.59,14,0.121792,"Наблюдаемый получатель: входов=1, вход=11630.00 KZT; выход=0; глубина=3; вне выборки операции неизвестны",3,False,1,0,11630.0,0.0,1,0,0.00028848577638606985,0.0,False,0.0,exact,2248,0.0,1,0,1.0,0.0,0.0,0.0,0.0,0.0,0.0,0.0,False,False,sample_only,11630.0,1,0.59,1.0
100000008751380100,terminal,0.63,4,0.505473,"Наблюдаемый получатель: входов=2, вход=345780.00 KZT; выход=0; глубина=3; вне выборки операции неизвестны",3,False,2,0,345780.0,0.0,2,0,0.0003127638118830456,0.0,False,0.0,exact,2248,0.0,2,1,0.9775001446006131,0.0,0.0,0.0,0.0,0.0,0.0,0.0,False,False,sample_only,345780.0,2,0.63,1.0
100000008751429100,consolidator,0.76145,9,0.661608,Гипотеза сбора: отправителей=3; вход=386200.00 KZT; выход/вход=0.19; крупнейший вход=70%,1,False,3,1,386200.0,72600.0,6,2,0.0015043129924041134,0.1879854997410668,False,0.0,exact,2248,0.0,3,0,0.7035214914552046,1.0,1.0,72600.0,1.0,0.0,0.0,0.0,False,False,sample_only,458800.0,8,0.76145,1.0
100000008752616100,distributor,0.805613,4,0.815114,"Гипотеза распределения: входов=2, получателей=7; выход=1265000.00 KZT; крупнейший выход=23%; источник средств неизвестен",2,False,2,7,64510.0,1265000.0,2,7,0.00031306069757078167,19.6093628894745,False,0.0001387598191961718,exact,2248,0.7996661101836394,9,1,0.8449852736009921,0.22924901185770752,1.0,10000.0,0.007905138339920948,54510.0,0.04309090909090909,0.9490039525691699,False,False,sample_only,1329510.0,9,0.805613,1.0
100000008753061100,terminal,0.59,22,0.227557,"Наблюдаемый получатель: входов=1, вход=28400.00 KZT; выход=0; глубина=3; вне выборки операции неизвестны",3,False,1,0,28400.0,0.0,2,0,0.000290001903146084,0.0,False,0.0,exact,2248,0.0,1,0,1.0,0.0,0.0,0.0,0.0,0.0,0.0,0.0,False,False,sample_only,28400.0,2,0.59,1.0
100000008753193100,terminal,0.59,22,0.226996,"Наблюдаемый получатель: входов=1, вход=35225.00 KZT; выход=0; глубина=1; вне выборки операции неизвестны",1,False,1,0,35225.0,0.0,1,0,0.0002929626091099283,0.0,False,0.0,exact,2248,0.0,1,0,1.0,0.0,0.0,0.0,0.0,0.0,0.0,0.0,False,False,sample_only,35225.0,1,0.59,1.0
100000008753897100,terminal,0.59,22,0.175426,"Наблюдаемый получатель: входов=1, вход=24050.00 KZT; выход=0; глубина=3; вне выборки операции неизвестны",3,False,1,0,24050.0,0.0,1,0,0.00028932296480663856,0.0,False,0.0,exact,2248,0.0,1,0,1.0,0.0,0.0,0.0,0.0,0.0,0.0,0.0,False,False,sample_only,24050.0,1,0.59,1.0
100000008754608100,terminal,0.59,22,0.116184,"Наблюдаемый получатель: входов=1, вход=12300.00 KZT; выход=0; глубина=3; вне выборки операции неизвестны",3,False,1,0,12300.0,0.0,1,0,0.00028748905090124,0.0,False,0.0,exact,2248,0.0,1,0,1.0,0.0,0.0,0.0,0.0,0.0,0.0,0.0,False,False,sample_only,12300.0,1,0.59,1.0
100000008754747100,terminal,0.59,22,0.241487,"Наблюдаемый получатель: входов=1, вход=45500.00 KZT; выход=0; глубина=3; вне выборки операции неизвестны",3,False,1,0,45500.0,0.0,1,0,0.0002926708331701108,0.0,False,0.0,exact,2248,0.0,1,0,1.0,0.0,0.0,0.0,0.0,0.0,0.0,0.0,False,False,sample_only,45500.0,1,0.59,1.0
100000008754997100,terminal,0.59,22,0.146086,"Наблюдаемый получатель: входов=1, вход=18000.00 KZT; выход=0; глубина=3; вне выборки операции неизвестны",3,False,1,0,18000.0,0.0,1,0,0.0002883786942425823,0.0,False,0.0,exact,2248,0.0,1,0,1.0,0.0,0.0,0.0,0.0,0.0,0.0,0.0,False,False,sample_only,18000.0,1,0.59,1.0
100000008755168100,terminal,0.59,22,0.143416,"Наблюдаемый получатель: входов=1, вход=17600.00 KZT; выход=0; глубина=3; вне выборки операции неизвестны",3,False,1,0,17600.0,0.0,1,0,0.00028831626313090915,0.0,False,0.0,exact,2248,0.0,1,0,1.0,0.0,0.0,0.0,0.0,0.0,0.0,0.0,False,False,sample_only,17600.0,1,0.59,1.0
100000008755361100,terminal,0.59,22,0.131976,"Наблюдаемый получатель: входов=1, вход=14627.00 KZT; выход=0; глубина=1; вне выборки операции неизвестны",1,False,1,0,14627.0,0.0,1,0,0.0002886393301842066,0.0,False,0.0,exact,2248,0.0,1,0,1.0,0.0,0.0,0.0,0.0,0.0,0.0,0.0,False,False,sample_only,14627.0,1,0.59,1.0
100000008755580100,terminal,0.59,22,0.134556,"Наблюдаемый получатель: входов=1, вход=16000.00 KZT; выход=0; глубина=3; вне выборки операции неизвестны",3,False,1,0,16000.0,0.0,1,0,0.0002880665386842166,0.0,False,0.0,exact,2248,0.0,1,0,1.0,0.0,0.0,0.0,0.0,0.0,0.0,0.0,False,False,sample_only,16000.0,1,0.59,1.0
100000008755754100,terminal,0.59,24,0.148486,"Наблюдаемый получатель: входов=1, вход=7000.00 KZT; выход=0; глубина=3; вне выборки операции неизвестны",3,False,1,0,7000.0,0.0,1,0,0.0002958990020703291,0.0,False,0.0,exact,2248,0.0,1,0,1.0,0.0,0.0,0.0,0.0,0.0,0.0,0.0,False,False,sample_only,7000.0,1,0.59,1.0
100000008757301100,peripheral,0.2,0,0.419594,"Вход=1, 58398.00 KZT; выход=0; глубина=4: обход обрезан, конечная роль неизвестна",4,False,1,0,58398.0,0.0,3,0,0.0005305464848242217,0.0,True,0.0,exact,2248,0.0,1,0,1.0,0.0,0.0,0.0,0.0,0.0,0.0,0.0,False,True,depth_outflows_incomplete,58398.0,3,0.2,1.0
100000008757369100,peripheral,0.55,0,0.430759,"Мало связей: входов=1, выходов=1; оборот=84359.00 KZT; FIFO 1–7д=0%; в тот же день=?44%; правила иных ролей не выполнены",3,False,1,1,25961.0,58398.0,1,3,0.0002878715741932152,2.249451099726513,False,1.922024458454748e-05,exact,2248,0.2871452420701169,2,0,1.0,1.0,0.45443337100585635,1.0,1.712387410527758e-05,25960.0,0.4445357717730059,0.5554471043528888,False,False,sample_only,84359.0,4,0.55,1.0
100000008758106100,peripheral,0.2,4,0.103533,"Вход=1, 10000.00 KZT; выход=0; глубина=4: обход обрезан, конечная роль неизвестна",4,False,1,0,10000.0,0.0,1,0,0.00028688487138758524,0.0,True,0.0,exact,2248,0.0,1,0,1.0,0.0,0.0,0.0,0.0,0.0,0.0,0.0,False,True,depth_outflows_incomplete,10000.0,1,0.2,1.0
100000008758168100,distributor,0.741315,35,0.780404,"Гипотеза распределения: входов=2, получателей=5; выход=1533600.00 KZT; крупнейший выход=39%; источник средств неизвестен",2,False,2,5,75410.0,1533600.0,2,5,0.0003183672512790776,20.33682535472749,False,5.602000957855802e-05,exact,2248,0.6360601001669449,7,2,0.8673915926269725,0.39123630672926446,1.0,10000.0,0.006520605112154408,65410.0,0.042651278038601984,0.9508281168492436,False,False,sample_only,1609010.0,7,0.741315,1.0
100000008758607100,peripheral,0.2,4,0.080518,"Вход=1, 5000.00 KZT; выход=0; глубина=4: обход обрезан, конечная роль неизвестна",4,False,1,0,5000.0,0.0,1,0,0.00028622708280243804,0.0,True,0.0,exact,2248,0.0,1,0,1.0,0.0,0.0,0.0,0.0,0.0,0.0,0.0,False,True,depth_outflows_incomplete,5000.0,1,0.2,1.0
100000008759795100,peripheral,0.2,18,0.180227,"Вход=1, 17000.00 KZT; выход=0; глубина=4: обход обрезан, конечная роль неизвестна",4,False,1,0,17000.0,0.0,1,0,0.0002946668376970891,0.0,True,0.0,exact,2248,0.0,1,0,1.0,0.0,0.0,0.0,0.0,0.0,0.0,0.0,False,True,depth_outflows_incomplete,17000.0,1,0.2,1.0
100000008759857100,peripheral,0.3,35,0.535265,"Роль неоднозначна: входов=1, выходов=2; оборот=999000.00 KZT; FIFO 1–7д=1%; в тот же день=?0%; правила иных ролей не выполнены",3,False,1,2,5000.0,994000.0,1,3,0.00028633291495751956,198.8,False,7.299981620149678e-06,exact,2248,0.2028380634390651,3,0,1.0,0.7002012072434608,1.0,5000.0,0.005030181086519115,0.0,0.0,0.9949698189134809,False,False,sample_only,999000.0,4,0.3,1.0
100000008760098100,peripheral,0.55,35,0.471481,"Мало связей: входов=1, выходов=1; оборот=397000.00 KZT; FIFO 1–7д=2%; в тот же день=?0%; правила иных ролей не выполнены",3,False,1,1,7000.0,390000.0,1,1,0.00028663836325361103,55.714285714285715,False,7.299981620149678e-06,exact,2248,0.2028380634390651,2,0,1.0,1.0,1.0,7000.0,0.017948717948717947,0.0,0.0,0.982051282051282,False,False,sample_only,397000.0,2,0.55,1.0
100000008761132100,peripheral,0.2,4,0.103533,"Вход=1, 10000.00 KZT; выход=0; глубина=4: обход обрезан, конечная роль неизвестна",4,False,1,0,10000.0,0.0,1,0,0.00028688487138758524,0.0,True,0.0,exact,2248,0.0,1,0,1.0,0.0,0.0,0.0,0.0,0.0,0.0,0.0,False,True,depth_outflows_incomplete,10000.0,1,0.2,1.0
100000008761219100,peripheral,0.3,57,0.661482,"Роль неоднозначна: входов=2, выходов=2; оборот=425000.00 KZT; FIFO 1–7д=13%; в тот же день=?0%; правила иных ролей не выполнены",3,False,2,2,50000.0,375000.0,2,2,0.00029284083313645565,7.5,False,4.172642445459748e-05,exact,2248,0.6043405676126878,4,2,0.6,0.9866666666666667,1.0,50000.0,0.13333333333333333,0.0,0.0,0.8666666666666667,False,False,sample_only,425000.0,4,0.3,1.0
100000008761220100,peripheral,0.2,4,0.103533,"Вход=1, 10000.00 KZT; выход=0; глубина=4: обход обрезан, конечная роль неизвестна",4,False,1,0,10000.0,0.0,1,0,0.00028688487138758524,0.0,True,0.0,exact,2248,0.0,1,0,1.0,0.0,0.0,0.0,0.0,0.0,0.0,0.0,False,True,depth_outflows_incomplete,10000.0,1,0.2,1.0
100000008762005100,peripheral,0.2,4,0.083569,"Вход=1, 5000.00 KZT; выход=0; глубина=4: обход обрезан, конечная роль неизвестна",4,False,1,0,5000.0,0.0,1,0,0.0002867795934290693,0.0,True,0.0,exact,2248,0.0,1,0,1.0,0.0,0.0,0.0,0.0,0.0,0.0,0.0,False,True,depth_outflows_incomplete,5000.0,1,0.2,1.0
100000008762728100,terminal,0.59,16,0.227535,"Наблюдаемый получатель: входов=1, вход=17026.00 KZT; выход=0; глубина=2; вне выборки операции неизвестны",2,False,1,0,17026.0,0.0,1,0,0.00031770106594377663,0.0,False,0.0,exact,2248,0.0,1,0,1.0,0.0,0.0,0.0,0.0,0.0,0.0,0.0,False,False,sample_only,17026.0,1,0.59,1.0
100000008762832100,peripheral,0.55,2,0.442407,"Мало связей: входов=1, выходов=1; оборот=235000.00 KZT; FIFO 1–7д=0%; в тот же день=?0%; правила иных ролей не выполнены",2,False,1,1,150000.0,85000.0,1,4,0.000308147620844976,0.5666666666666667,False,0.0,exact,2248,0.0,1,0,1.0,1.0,0.0,0.0,0.0,0.0,0.0,1.0,False,False,sample_only,235000.0,5,0.55,1.0
100000008762843100,peripheral,0.2,4,0.095592,"Вход=1, 7000.00 KZT; выход=0; глубина=4: обход обрезан, конечная роль неизвестна",4,False,1,0,7000.0,0.0,1,0,0.0002872637131137807,0.0,True,0.0,exact,2248,0.0,1,0,1.0,0.0,0.0,0.0,0.0,0.0,0.0,0.0,False,True,depth_outflows_incomplete,7000.0,1,0.2,1.0
100000008762885100,peripheral,0.2,4,0.095592,"Вход=1, 7000.00 KZT; выход=0; глубина=4: обход обрезан, конечная роль неизвестна",4,False,1,0,7000.0,0.0,1,0,0.0002872637131137807,0.0,True,0.0,exact,2248,0.0,1,0,1.0,0.0,0.0,0.0,0.0,0.0,0.0,0.0,False,True,depth_outflows_incomplete,7000.0,1,0.2,1.0
100000008763688100,terminal,0.59,22,0.162573,"Наблюдаемый получатель: входов=1, вход=21000.00 KZT; выход=0; глубина=3; вне выборки операции неизвестны",3,False,1,0,21000.0,0.0,1,0,0.00028884692758013086,0.0,False,0.0,exact,2248,0.0,1,0,1.0,0.0,0.0,0.0,0.0,0.0,0.0,0.0,False,False,sample_only,21000.0,1,0.59,1.0
100000008764436100,terminal,0.59,22,0.140635,"Наблюдаемый получатель: входов=1, вход=13100.00 KZT; выход=0; глубина=2; вне выборки операции неизвестны",2,False,1,0,13100.0,0.0,1,0,0.00029001854298614906,0.0,False,0.0,exact,2248,0.0,1,0,1.0,0.0,0.0,0.0,0.0,0.0,0.0,0.0,False,False,sample_only,13100.0,1,0.59,1.0
100000008764654100,terminal,0.59,22,0.185139,"Наблюдаемый получатель: входов=1, вход=26150.00 KZT; выход=0; глубина=3; вне выборки операции неизвестны",3,False,1,0,26150.0,0.0,1,0,0.0002896507281429226,0.0,False,0.0,exact,2248,0.0,1,0,1.0,0.0,0.0,0.0,0.0,0.0,0.0,0.0,False,False,sample_only,26150.0,1,0.59,1.0
100000008765494100,terminal,0.59,22,0.2012,"Наблюдаемый получатель: входов=1, вход=24000.00 KZT; выход=0; глубина=2; вне выборки операции неизвестны",2,False,1,0,24000.0,0.0,1,0,0.0002937205896716876,0.0,False,0.0,exact,2248,0.0,1,0,1.0,0.0,0.0,0.0,0.0,0.0,0.0,0.0,False,False,sample_only,24000.0,1,0.59,1.0
100000008765627100,terminal,0.59,1,0.28155,"Наблюдаемый получатель: входов=1, вход=60000.00 KZT; выход=0; глубина=2; вне выборки операции неизвестны",2,False,1,0,60000.0,0.0,1,0,0.00029694114034890817,0.0,False,0.0,exact,2248,0.0,1,0,1.0,0.0,0.0,0.0,0.0,0.0,0.0,0.0,False,False,sample_only,60000.0,1,0.59,1.0
100000008766031100,peripheral,0.2,4,0.082133,"Вход=1, 5000.00 KZT; выход=0; глубина=4: обход обрезан, конечная роль неизвестна",4,False,1,0,5000.0,0.0,1,0,0.0002864770372824112,0.0,True,0.0,exact,2248,0.0,1,0,1.0,0.0,0.0,0.0,0.0,0.0,0.0,0.0,False,True,depth_outflows_incomplete,5000.0,1,0.2,1.0
100000008766764100,peripheral,0.2,4,0.080518,"Вход=1, 5000.00 KZT; выход=0; глубина=4: обход обрезан, конечная роль неизвестна",4,False,1,0,5000.0,0.0,1,0,0.00028622708280243804,0.0,True,0.0,exact,2248,0.0,1,0,1.0,0.0,0.0,0.0,0.0,0.0,0.0,0.0,False,True,depth_outflows_incomplete,5000.0,1,0.2,1.0
100000008767027100,terminal,0.59,35,0.080967,"Наблюдаемый получатель: входов=1, вход=5000.00 KZT; выход=0; глубина=3; вне выборки операции неизвестны",3,False,1,0,5000.0,0.0,1,0,0.00028633291495751956,0.0,False,0.0,exact,2248,0.0,1,0,1.0,0.0,0.0,0.0,0.0,0.0,0.0,0.0,False,False,sample_only,5000.0,1,0.59,1.0
100000008767065100,terminal,0.59,35,0.10452,"Наблюдаемый получатель: входов=1, вход=10000.00 KZT; выход=0; глубина=3; вне выборки операции неизвестны",3,False,1,0,10000.0,0.0,1,0,0.0002870965356977483,0.0,False,0.0,exact,2248,0.0,1,0,1.0,0.0,0.0,0.0,0.0,0.0,0.0,0.0,False,False,sample_only,10000.0,1,0.59,1.0
100000008767925100,terminal,0.59,22,0.148688,"Наблюдаемый получатель: входов=1, вход=17144.00 KZT; выход=0; глубина=1; вне выборки операции неизвестны",1,False,1,0,17144.0,0.0,1,0,0.0002891676190013754,0.0,False,0.0,exact,2248,0.0,1,0,1.0,0.0,0.0,0.0,0.0,0.0,0.0,0.0,False,False,sample_only,17144.0,1,0.59,1.0
100000008767950100,terminal,0.59,22,0.141667,"Наблюдаемый получатель: входов=1, вход=17350.00 KZT; выход=0; глубина=3; вне выборки операции неизвестны",3,False,1,0,17350.0,0.0,1,0,0.0002882772436861134,0.0,False,0.0,exact,2248,0.0,1,0,1.0,0.0,0.0,0.0,0.0,0.0,0.0,0.0,False,False,sample_only,17350.0,1,0.59,1.0
100000008768896100,terminal,0.59,22,0.256449,"Наблюдаемый получатель: входов=1, вход=47060.00 KZT; выход=0; глубина=1; вне выборки операции неизвестны",1,False,1,0,47060.0,0.0,1,0,0.0002954466369808825,0.0,False,0.0,exact,2248,0.0,1,0,1.0,0.0,0.0,0.0,0.0,0.0,0.0,0.0,False,False,sample_only,47060.0,1,0.59,1.0
100000008769097100,terminal,0.59,22,0.204677,"Наблюдаемый получатель: входов=1, вход=31100.00 KZT; выход=0; глубина=3; вне выборки операции неизвестны",3,False,1,0,31100.0,0.0,1,0,0.0002904233131498777,0.0,False,0.0,exact,2248,0.0,1,0,1.0,0.0,0.0,0.0,0.0,0.0,0.0,0.0,False,False,sample_only,31100.0,1,0.59,1.0
100000008769636100,terminal,0.59,22,0.178769,"Наблюдаемый получатель: входов=1, вход=23118.00 KZT; выход=0; глубина=1; вне выборки операции неизвестны",1,False,1,0,23118.0,0.0,1,0,0.0002904214916250408,0.0,False,0.0,exact,2248,0.0,1,0,1.0,0.0,0.0,0.0,0.0,0.0,0.0,0.0,False,False,sample_only,23118.0,1,0.59,1.0
100000008770483100,peripheral,0.2,57,0.100796,"Вход=1, 5000.00 KZT; выход=0; глубина=4: обход обрезан, конечная роль неизвестна",4,False,1,0,5000.0,0.0,1,0,0.0002888920536538102,0.0,True,0.0,exact,2248,0.0,1,0,1.0,0.0,0.0,0.0,0.0,0.0,0.0,0.0,False,True,depth_outflows_incomplete,5000.0,1,0.2,1.0
100000008771627100,terminal,0.59,22,0.161653,"Наблюдаемый получатель: входов=1, вход=16500.00 KZT; выход=0; глубина=2; вне выборки операции неизвестны",2,False,1,0,16500.0,0.0,1,0,0.0002911733098421886,0.0,False,0.0,exact,2248,0.0,1,0,1.0,0.0,0.0,0.0,0.0,0.0,0.0,0.0,False,False,sample_only,16500.0,1,0.59,1.0
100000008771814100,terminal,0.59,22,0.199406,"Наблюдаемый получатель: входов=1, вход=23700.00 KZT; выход=0; глубина=2; вне выборки операции неизвестны",2,False,1,0,23700.0,0.0,1,0,0.0002936186984785076,0.0,False,0.0,exact,2248,0.0,1,0,1.0,0.0,0.0,0.0,0.0,0.0,0.0,0.0,False,False,sample_only,23700.0,1,0.59,1.0
100000008771819100,terminal,0.59,22,0.236193,"Наблюдаемый получатель: входов=1, вход=38900.00 KZT; выход=0; глубина=1; вне выборки операции неизвестны",1,False,1,0,38900.0,0.0,1,0,0.00029373394856288624,0.0,False,0.0,exact,2248,0.0,1,0,1.0,0.0,0.0,0.0,0.0,0.0,0.0,0.0,False,False,sample_only,38900.0,1,0.59,1.0
100000008772058100,terminal,0.59,22,0.283345,"Наблюдаемый получатель: входов=1, вход=50000.00 KZT; выход=0; глубина=2; вне выборки операции неизвестны",2,False,1,0,50000.0,0.0,1,0,0.000302551159747284,0.0,False,0.0,exact,2248,0.0,1,0,1.0,0.0,0.0,0.0,0.0,0.0,0.0,0.0,False,False,sample_only,50000.0,1,0.59,1.0
100000008772246100,terminal,0.59,22,0.237921,"Наблюдаемый получатель: входов=1, вход=44500.00 KZT; выход=0; глубина=3; вне выборки операции неизвестны",3,False,1,0,44500.0,0.0,1,0,0.00029251475539092793,0.0,False,0.0,exact,2248,0.0,1,0,1.0,0.0,0.0,0.0,0.0,0.0,0.0,0.0,False,False,sample_only,44500.0,1,0.59,1.0
100000008773876100,terminal,0.59,22,0.193708,"Наблюдаемый получатель: входов=1, вход=26120.00 KZT; выход=0; глубина=1; вне выборки операции неизвестны",1,False,1,0,26120.0,0.0,1,0,0.00029105157626117134,0.0,False,0.0,exact,2248,0.0,1,0,1.0,0.0,0.0,0.0,0.0,0.0,0.0,0.0,False,False,sample_only,26120.0,1,0.59,1.0
100000008774237100,peripheral,0.55,34,0.40341,"Мало связей: входов=1, выходов=1; оборот=60000.00 KZT; FIFO 1–7д=100%; в тот же день=?0%; правила иных ролей не выполнены",2,False,1,1,50000.0,10000.0,1,1,0.0003103490467286019,0.2,False,0.0,exact,2248,0.0,2,0,1.0,1.0,1.0,10000.0,1.0,0.0,0.0,0.0,False,False,sample_only,60000.0,2,0.55,1.0
100000008775471100,terminal,0.59,35,0.500774,"Наблюдаемый получатель: входов=1, вход=580000.00 KZT; выход=0; глубина=3; вне выборки операции неизвестны",3,False,1,0,580000.0,0.0,2,0,0.00035837580082273557,0.0,False,0.0,exact,2248,0.0,1,0,1.0,0.0,0.0,0.0,0.0,0.0,0.0,0.0,False,False,sample_only,580000.0,2,0.59,1.0
100000008775747100,peripheral,0.2,4,0.080518,"Вход=1, 5000.00 KZT; выход=0; глубина=4: обход обрезан, конечная роль неизвестна",4,False,1,0,5000.0,0.0,1,0,0.00028622708280243804,0.0,True,0.0,exact,2248,0.0,1,0,1.0,0.0,0.0,0.0,0.0,0.0,0.0,0.0,False,True,depth_outflows_incomplete,5000.0,1,0.2,1.0
100000008776298100,terminal,0.59,22,0.245435,"Наблюдаемый получатель: входов=1, вход=42800.00 KZT; выход=0; глубина=1; вне выборки операции неизвестны",1,False,1,0,42800.0,0.0,1,0,0.00029455251288031093,0.0,False,0.0,exact,2248,0.0,1,0,1.0,0.0,0.0,0.0,0.0,0.0,0.0,0.0,False,False,sample_only,42800.0,1,0.59,1.0
100000008776310100,terminal,0.59,22,0.150056,"Наблюдаемый получатель: входов=1, вход=19200.00 KZT; выход=0; глубина=3; вне выборки операции неизвестны",3,False,1,0,19200.0,0.0,1,0,0.00028856598757760174,0.0,False,0.0,exact,2248,0.0,1,0,1.0,0.0,0.0,0.0,0.0,0.0,0.0,0.0,False,False,sample_only,19200.0,1,0.59,1.0
100000008776420100,terminal,0.59,22,0.286978,"Наблюдаемый получатель: входов=1, вход=69500.00 KZT; выход=0; глубина=3; вне выборки операции неизвестны",3,False,1,0,69500.0,0.0,1,0,0.00029641669987049937,0.0,False,0.0,exact,2248,0.0,1,0,1.0,0.0,0.0,0.0,0.0,0.0,0.0,0.0,False,False,sample_only,69500.0,1,0.59,1.0
100000008776576100,terminal,0.59,22,0.133008,"Наблюдаемый получатель: входов=1, вход=14765.00 KZT; выход=0; глубина=1; вне выборки операции неизвестны",1,False,1,0,14765.0,0.0,1,0,0.00028866829476774624,0.0,False,0.0,exact,2248,0.0,1,0,1.0,0.0,0.0,0.0,0.0,0.0,0.0,0.0,False,False,sample_only,14765.0,1,0.59,1.0
100000008776720100,terminal,0.59,22,0.185139,"Наблюдаемый получатель: входов=1, вход=26150.00 KZT; выход=0; глубина=3; вне выборки операции неизвестны",3,False,1,0,26150.0,0.0,1,0,0.0002896507281429226,0.0,False,0.0,exact,2248,0.0,1,0,1.0,0.0,0.0,0.0,0.0,0.0,0.0,0.0,False,False,sample_only,26150.0,1,0.59,1.0
100000008777088100,terminal,0.59,22,0.155238,"Наблюдаемый получатель: входов=1, вход=18000.00 KZT; выход=0; глубина=1; вне выборки операции неизвестны",1,False,1,0,18000.0,0.0,1,0,0.00028934728337463573,0.0,False,0.0,exact,2248,0.0,1,0,1.0,0.0,0.0,0.0,0.0,0.0,0.0,0.0,False,False,sample_only,18000.0,1,0.59,1.0
100000008778010100,peripheral,0.2,22,0.421276,"Вход=1, 76950.00 KZT; выход=0; глубина=4: обход обрезан, конечная роль неизвестна",4,False,1,0,76950.0,0.0,2,0,0.0005296426486872762,0.0,True,0.0,exact,2248,0.0,1,0,1.0,0.0,0.0,0.0,0.0,0.0,0.0,0.0,False,True,depth_outflows_incomplete,76950.0,2,0.2,1.0
100000008778753100,peripheral,0.2,13,0.151806,"Вход=1, 10000.00 KZT; выход=0; глубина=4: обход обрезан, конечная роль неизвестна",4,False,1,0,10000.0,0.0,1,0,0.00029415636801295746,0.0,True,0.0,exact,2248,0.0,1,0,1.0,0.0,0.0,0.0,0.0,0.0,0.0,0.0,False,True,depth_outflows_incomplete,10000.0,1,0.2,1.0
100000008779584100,terminal,0.59,22,0.21605,"Наблюдаемый получатель: входов=1, вход=31400.00 KZT; выход=0; глубина=1; вне выборки операции неизвестны",1,False,1,0,31400.0,0.0,1,0,0.00029215978641399247,0.0,False,0.0,exact,2248,0.0,1,0,1.0,0.0,0.0,0.0,0.0,0.0,0.0,0.0,False,False,sample_only,31400.0,1,0.59,1.0
100000008782056100,terminal,0.59,22,0.205731,"Наблюдаемый получатель: входов=1, вход=29082.00 KZT; выход=0; глубина=1; вне выборки операции неизвестны",1,False,1,0,29082.0,0.0,1,0,0.0002916732653658411,0.0,False,0.0,exact,2248,0.0,1,0,1.0,0.0,0.0,0.0,0.0,0.0,0.0,0.0,False,False,sample_only,29082.0,1,0.59,1.0
100000008782421100,terminal,0.59,22,0.261945,"Наблюдаемый получатель: входов=1, вход=49680.00 KZT; выход=0; глубина=1; вне выборки операции неизвестны",1,False,1,0,49680.0,0.0,1,0,0.00029599654429156275,0.0,False,0.0,exact,2248,0.0,1,0,1.0,0.0,0.0,0.0,0.0,0.0,0.0,0.0,False,False,sample_only,49680.0,1,0.59,1.0
100000008782800100,terminal,0.59,22,0.246602,"Наблюдаемый получатель: входов=1, вход=43381.00 KZT; выход=0; глубина=1; вне выборки операции неизвестны",1,False,1,0,43381.0,0.0,1,0,0.0002946744579747786,0.0,False,0.0,exact,2248,0.0,1,0,1.0,0.0,0.0,0.0,0.0,0.0,0.0,0.0,False,False,sample_only,43381.0,1,0.59,1.0
